{"type": "FeatureCollection", "_note": "Generado desde OSM + LIDAR locales por falta de acceso a red para Overture API", "_source": "buildings_osm_rico.json + lidar_buildings.json", "_overture_release": "2024-11-13.0 (simulado)", "_generated": "2026-05-31", "features": [{"type": "Feature", "geometry": {"type": "Polygon", "coordinates": [[[-2.1683642, 42.8957237], [-2.1679766, 42.8958292], [-2.1679509, 42.8957712], [-2.1679187, 42.89578], [-2.1678921, 42.8957772], [-2.1678681, 42.8957626], [-2.1678661, 42.8957447], [-2.1678655, 42.8957302], [-2.1678731, 42.8957147], [-2.1679471, 42.8956965], [-2.1679337, 42.8956633], [-2.1680561, 42.8956333], [-2.1680328, 42.8955757], [-2.1681189, 42.8955569], [-2.1681379, 42.8955997], [-2.1682906, 42.8955581], [-2.1683642, 42.8957237]]]}, "properties": {"id": "overture-a3769e853dcef22f", "osm_id": "91927762", "theme": "buildings", "type": "building", "subtype": "building", "class": "yes", "names": {"primary": "Jasokundeko Andre Mariaren eliza"}, "height": 14.545, "num_floors": 2, "sources": [{"dataset": "OpenStreetMap", "record_id": "91927762"}, {"dataset": "IGN_LIDAR_PNOA_3", "record_id": "lidar_91927762", "height_source": "lidar_dtm"}], "update_time": "2024-11-13", "version": 1, "confidence": 0.85, "bbox": {"xmin": -2.1683642, "ymin": 42.8955569, "xmax": -2.1678655, "ymax": 42.8958292}}}, {"type": "Feature", "geometry": {"type": "Polygon", "coordinates": [[[-2.1700674, 42.8951105], [-2.1699011, 42.8948017], [-2.1702072, 42.8947103], [-2.1703573, 42.8950173], [-2.1700674, 42.8951105]]]}, "properties": {"id": "overture-5a58564922555130", "osm_id": "102837531", "theme": "buildings", "type": "building", "subtype": "building", "class": "yes", "names": {"primary": "Burunda frontoia"}, "height": 13.25, "num_floors": 2, "sources": [{"dataset": "OpenStreetMap", "record_id": "102837531"}, {"dataset": "IGN_LIDAR_PNOA_3", "record_id": "lidar_102837531", "height_source": "lidar_dtm"}], "update_time": "2024-11-13", "version": 1, "confidence": 0.85, "bbox": {"xmin": -2.1703573, "ymin": 42.8947103, "xmax": -2.1699011, "ymax": 42.8951105}}}, {"type": "Feature", "geometry": {"type": "Polygon", "coordinates": [[[-2.1696241, 42.8949385], [-2.1694327, 42.8946196], [-2.1693738, 42.8946402], [-2.1693087, 42.8945127], [-2.1690556, 42.8945621], [-2.1692002, 42.8948475], [-2.1690576, 42.8949007], [-2.1691638, 42.8950925], [-2.1696241, 42.8949385]]]}, "properties": {"id": "overture-eaf5a59833c9c63b", "osm_id": "102837568", "theme": "buildings", "type": "building", "subtype": "building", "class": "yes", "names": {"primary": "Iortia"}, "height": 11.94, "num_floors": 2, "sources": [{"dataset": "OpenStreetMap", "record_id": "102837568"}, {"dataset": "IGN_LIDAR_PNOA_3", "record_id": "lidar_102837568", "height_source": "lidar_dtm"}], "update_time": "2024-11-13", "version": 1, "confidence": 0.85, "bbox": {"xmin": -2.1696241, "ymin": 42.8945127, "xmax": -2.1690556, "ymax": 42.8950925}}}, {"type": "Feature", "geometry": {"type": "Polygon", "coordinates": [[[-2.1676405, 42.9050343], [-2.1673792, 42.9046664], [-2.1676145, 42.9045622], [-2.1678757, 42.9049184], [-2.1676405, 42.9050343]]]}, "properties": {"id": "overture-3a1d442a11aef78a", "osm_id": "103170821", "theme": "buildings", "type": "building", "subtype": "building", "class": "yes", "names": {"primary": "Altsasu BHI"}, "height": 6.4, "num_floors": 2, "sources": [{"dataset": "OpenStreetMap", "record_id": "103170821"}], "update_time": "2024-11-13", "version": 1, "confidence": 0.85, "bbox": {"xmin": -2.1678757, "ymin": 42.9045622, "xmax": -2.1673792, "ymax": 42.9050343}}}, {"type": "Feature", "geometry": {"type": "Polygon", "coordinates": [[[-2.1662179, 42.9056346], [-2.1658763, 42.9052428], [-2.1661174, 42.9051974], [-2.1661692, 42.9052547], [-2.1662318, 42.9052236], [-2.1668862, 42.9049255], [-2.166993, 42.9050829], [-2.1662179, 42.9054421], [-2.1663435, 42.9055757], [-2.1662179, 42.9056346]]]}, "properties": {"id": "overture-298cfd51d5af18e5", "osm_id": "103171607", "theme": "buildings", "type": "building", "subtype": "school", "class": "school", "names": {"primary": "Aralarko Mikel Donea"}, "height": 1.353, "num_floors": 2, "sources": [{"dataset": "OpenStreetMap", "record_id": "103171607"}, {"dataset": "IGN_LIDAR_PNOA_3", "record_id": "lidar_103171607", "height_source": "lidar_dtm"}], "update_time": "2024-11-13", "version": 1, "confidence": 0.85, "bbox": {"xmin": -2.166993, "ymin": 42.9049255, "xmax": -2.1658763, "ymax": 42.9056346}}}, {"type": "Feature", "geometry": {"type": "Polygon", "coordinates": [[[-2.1645316, 42.8961263], [-2.1644866, 42.896036], [-2.1644283, 42.8960446], [-2.1643607, 42.8959033], [-2.1644219, 42.8958831], [-2.1643909, 42.8958269], [-2.1643615, 42.8958405], [-2.164368, 42.8958529], [-2.1642268, 42.8958973], [-2.1642169, 42.8958779], [-2.1641346, 42.8959013], [-2.1640152, 42.8956782], [-2.1639502, 42.895697], [-2.1640359, 42.8958614], [-2.164068, 42.8958513], [-2.164123, 42.895959], [-2.1640017, 42.8959968], [-2.1640943, 42.8961903], [-2.1640565, 42.8962006], [-2.1640738, 42.8962613], [-2.1641987, 42.8962395], [-2.1643134, 42.8962081], [-2.1643134, 42.8961944], [-2.1645316, 42.8961263]]]}, "properties": {"id": "overture-0c0748631316d8a2", "osm_id": "103486726", "theme": "buildings", "type": "building", "subtype": "building", "class": "yes", "names": {"primary": "Txioka"}, "height": 4.257, "num_floors": 2, "sources": [{"dataset": "OpenStreetMap", "record_id": "103486726"}, {"dataset": "IGN_LIDAR_PNOA_3", "record_id": "lidar_103486726", "height_source": "lidar_dtm"}], "update_time": "2024-11-13", "version": 1, "confidence": 0.85, "bbox": {"xmin": -2.1645316, "ymin": 42.8956782, "xmax": -2.1639502, "ymax": 42.8962613}}}, {"type": "Feature", "geometry": {"type": "Polygon", "coordinates": [[[-2.1649132, 42.8961921], [-2.164863, 42.8960919], [-2.1645674, 42.8961701], [-2.164578, 42.8961877], [-2.1645736, 42.8961956], [-2.1646067, 42.8962567], [-2.1646755, 42.8962397], [-2.1647181, 42.8962477], [-2.1649132, 42.8961921]]]}, "properties": {"id": "overture-86bd8a9a73557ccd", "osm_id": "103486727", "theme": "buildings", "type": "building", "subtype": "chapel", "class": "chapel", "names": {"primary": "Otadiko Kristoaren baseliza"}, "height": 2.659, "num_floors": 2, "sources": [{"dataset": "OpenStreetMap", "record_id": "103486727"}, {"dataset": "IGN_LIDAR_PNOA_3", "record_id": "lidar_103486727", "height_source": "lidar_dtm"}], "update_time": "2024-11-13", "version": 1, "confidence": 0.85, "bbox": {"xmin": -2.1649132, "ymin": 42.8960919, "xmax": -2.1645674, "ymax": 42.8962567}}}, {"type": "Feature", "geometry": {"type": "Polygon", "coordinates": [[[-2.1722705, 42.8968357], [-2.1725531, 42.8971844], [-2.1729052, 42.897074], [-2.1726101, 42.8966757], [-2.1724542, 42.8967445], [-2.1726995, 42.8970627], [-2.1726643, 42.8970842], [-2.1724115, 42.8967661], [-2.1722705, 42.8968357]]]}, "properties": {"id": "overture-17516530624c5376", "osm_id": "103528495", "theme": "buildings", "type": "building", "subtype": "building", "class": "yes", "names": null, "height": 12.874, "num_floors": 2, "sources": [{"dataset": "OpenStreetMap", "record_id": "103528495"}, {"dataset": "IGN_LIDAR_PNOA_3", "record_id": "lidar_103528495", "height_source": "lidar_dtm"}], "update_time": "2024-11-13", "version": 1, "confidence": 0.85, "bbox": {"xmin": -2.1729052, "ymin": 42.8966757, "xmax": -2.1722705, "ymax": 42.8971844}}}, {"type": "Feature", "geometry": {"type": "Polygon", "coordinates": [[[-2.1727546, 42.8981256], [-2.1729824, 42.89806], [-2.1731461, 42.8980129], [-2.1733292, 42.8984015], [-2.1729376, 42.8985142], [-2.1727546, 42.8981256]]]}, "properties": {"id": "overture-56a2ddb3a24ab80f", "osm_id": "103530809", "theme": "buildings", "type": "building", "subtype": "sports_hall", "class": "sports_hall", "names": null, "height": 13.68, "num_floors": 2, "sources": [{"dataset": "OpenStreetMap", "record_id": "103530809"}, {"dataset": "IGN_LIDAR_PNOA_3", "record_id": "lidar_103530809", "height_source": "lidar_dtm"}], "update_time": "2024-11-13", "version": 1, "confidence": 0.85, "bbox": {"xmin": -2.1733292, "ymin": 42.8980129, "xmax": -2.1727546, "ymax": 42.8985142}}}, {"type": "Feature", "geometry": {"type": "Polygon", "coordinates": [[[-2.1734344, 42.8987696], [-2.1731182, 42.8984911], [-2.173694, 42.8983103], [-2.1738067, 42.8985846], [-2.1734855, 42.8988067], [-2.1734344, 42.8987696]]]}, "properties": {"id": "overture-8997618057baad12", "osm_id": "103531483", "theme": "buildings", "type": "building", "subtype": "building", "class": "yes", "names": {"primary": "Atabo"}, "height": 6.4, "num_floors": 2, "sources": [{"dataset": "OpenStreetMap", "record_id": "103531483"}], "update_time": "2024-11-13", "version": 1, "confidence": 0.85, "bbox": {"xmin": -2.1738067, "ymin": 42.8983103, "xmax": -2.1731182, "ymax": 42.8988067}}}, {"type": "Feature", "geometry": {"type": "Polygon", "coordinates": [[[-2.1739783, 42.898695], [-2.1742139, 42.8985382], [-2.1741536, 42.8984832], [-2.1739138, 42.8986394], [-2.1739783, 42.898695]]]}, "properties": {"id": "overture-b62c9f432f3847cf", "osm_id": "103561441", "theme": "buildings", "type": "building", "subtype": "building", "class": "yes", "names": null, "height": 1.655, "num_floors": 2, "sources": [{"dataset": "OpenStreetMap", "record_id": "103561441"}, {"dataset": "IGN_LIDAR_PNOA_3", "record_id": "lidar_103561441", "height_source": "lidar_dtm"}], "update_time": "2024-11-13", "version": 1, "confidence": 0.85, "bbox": {"xmin": -2.1742139, "ymin": 42.8984832, "xmax": -2.1739138, "ymax": 42.898695}}}, {"type": "Feature", "geometry": {"type": "Polygon", "coordinates": [[[-2.1735163, 42.8988329], [-2.1738576, 42.8985909], [-2.1739138, 42.8986394], [-2.1739783, 42.898695], [-2.1740379, 42.8987463], [-2.1736967, 42.8989884], [-2.1735163, 42.8988329]]]}, "properties": {"id": "overture-44ca620f21d404fb", "osm_id": "103561447", "theme": "buildings", "type": "building", "subtype": "building", "class": "yes", "names": {"primary": "Zelandi frontoia"}, "height": 1.651, "num_floors": 2, "sources": [{"dataset": "OpenStreetMap", "record_id": "103561447"}, {"dataset": "IGN_LIDAR_PNOA_3", "record_id": "lidar_103561447", "height_source": "lidar_dtm"}], "update_time": "2024-11-13", "version": 1, "confidence": 0.85, "bbox": {"xmin": -2.1740379, "ymin": 42.8985909, "xmax": -2.1735163, "ymax": 42.8989884}}}, {"type": "Feature", "geometry": {"type": "Polygon", "coordinates": [[[-2.1736458, 42.8998618], [-2.1734658, 42.8995807], [-2.1735027, 42.8995645], [-2.1734659, 42.8995331], [-2.1733937, 42.8995429], [-2.1733565, 42.8995606], [-2.1733157, 42.8995837], [-2.1733101, 42.8996022], [-2.1734596, 42.8998145], [-2.1732277, 42.8999171], [-2.173118, 42.8997573], [-2.1730673, 42.8997751], [-2.1730536, 42.8997577], [-2.1729054, 42.8998164], [-2.1732745, 42.9003296], [-2.1737013, 42.9001469], [-2.1735201, 42.8999208], [-2.1736458, 42.8998618]]]}, "properties": {"id": "overture-d67523341efae8ff", "osm_id": "103563090", "theme": "buildings", "type": "building", "subtype": "school", "class": "school", "names": {"primary": "CIP FP Sakana LH"}, "height": 1.08, "num_floors": 2, "sources": [{"dataset": "OpenStreetMap", "record_id": "103563090"}, {"dataset": "IGN_LIDAR_PNOA_3", "record_id": "lidar_103563090", "height_source": "lidar_dtm"}], "update_time": "2024-11-13", "version": 1, "confidence": 0.85, "bbox": {"xmin": -2.1737013, "ymin": 42.8995331, "xmax": -2.1729054, "ymax": 42.9003296}}}, {"type": "Feature", "geometry": {"type": "Polygon", "coordinates": [[[-2.1729696, 42.899712], [-2.1731203, 42.899653], [-2.1727539, 42.8991184], [-2.1726081, 42.8991852], [-2.1728357, 42.8995168], [-2.1729696, 42.899712]]]}, "properties": {"id": "overture-e83abb9e69ec2661", "osm_id": "103563249", "theme": "buildings", "type": "building", "subtype": "building", "class": "yes", "names": {"primary": "Albergue juvenil Santo Cristo de Otadia"}, "height": 0.556, "num_floors": 2, "sources": [{"dataset": "OpenStreetMap", "record_id": "103563249"}, {"dataset": "IGN_LIDAR_PNOA_3", "record_id": "lidar_103563249", "height_source": "lidar_dtm"}], "update_time": "2024-11-13", "version": 1, "confidence": 0.85, "bbox": {"xmin": -2.1731203, "ymin": 42.8991184, "xmax": -2.1726081, "ymax": 42.899712}}}, {"type": "Feature", "geometry": {"type": "Polygon", "coordinates": [[[-2.172776, 42.8965013], [-2.1726792, 42.8963465], [-2.1726366, 42.8963588], [-2.1725905, 42.8962964], [-2.1726344, 42.8962797], [-2.1725342, 42.896124], [-2.172767, 42.8960335], [-2.1728928, 42.8962181], [-2.1729087, 42.896212], [-2.1728456, 42.8961117], [-2.1728502, 42.8960924], [-2.1728659, 42.8960783], [-2.1728817, 42.8960748], [-2.1729063, 42.8960774], [-2.1729301, 42.8960897], [-2.1731527, 42.8963562], [-2.1730696, 42.8963975], [-2.1729301, 42.8962366], [-2.1729076, 42.8962472], [-2.1730158, 42.8964091], [-2.172776, 42.8965013]]]}, "properties": {"id": "overture-679d268ace49f5c9", "osm_id": "103565588", "theme": "buildings", "type": "building", "subtype": "building", "class": "yes", "names": {"primary": "Constantino Salinas"}, "height": 15.146, "num_floors": 2, "sources": [{"dataset": "OpenStreetMap", "record_id": "103565588"}, {"dataset": "IGN_LIDAR_PNOA_3", "record_id": "lidar_103565588", "height_source": "lidar_dtm"}], "update_time": "2024-11-13", "version": 1, "confidence": 0.85, "bbox": {"xmin": -2.1731527, "ymin": 42.8960335, "xmax": -2.1725342, "ymax": 42.8965013}}}, {"type": "Feature", "geometry": {"type": "Polygon", "coordinates": [[[-2.167796, 42.8954015], [-2.1678088, 42.8954043], [-2.1678219, 42.8954035], [-2.167834, 42.8953992], [-2.1678393, 42.8953957], [-2.1678469, 42.8953873], [-2.1678504, 42.8953773], [-2.1678492, 42.8953669], [-2.1678469, 42.8953619], [-2.1678393, 42.8953534], [-2.1678284, 42.8953475], [-2.1678155, 42.8953448], [-2.1678024, 42.8953457], [-2.1677954, 42.8953478], [-2.1677847, 42.895354], [-2.1677776, 42.8953622], [-2.1677743, 42.8953723], [-2.1677756, 42.8953826], [-2.1677814, 42.8953919], [-2.1677905, 42.895399], [-2.167796, 42.8954015]]]}, "properties": {"id": "overture-8dd428ba6c8fd0d5", "osm_id": "103571626", "theme": "buildings", "type": "building", "subtype": "building", "class": "yes", "names": {"primary": "Kiosko"}, "height": 4.069, "num_floors": 2, "sources": [{"dataset": "OpenStreetMap", "record_id": "103571626"}, {"dataset": "IGN_LIDAR_PNOA_3", "record_id": "lidar_103571626", "height_source": "lidar_dtm"}], "update_time": "2024-11-13", "version": 1, "confidence": 0.85, "bbox": {"xmin": -2.1678504, "ymin": 42.8953448, "xmax": -2.1677743, "ymax": 42.8954043}}}, {"type": "Feature", "geometry": {"type": "Polygon", "coordinates": [[[-2.1721366, 42.8945156], [-2.1721843, 42.8946158], [-2.1720286, 42.8946551], [-2.1719934, 42.8945569], [-2.1721366, 42.8945156]]]}, "properties": {"id": "overture-b313024d7606a34e", "osm_id": "200577846", "theme": "buildings", "type": "building", "subtype": "public", "class": "public", "names": null, "height": 12.421, "num_floors": 2, "sources": [{"dataset": "OpenStreetMap", "record_id": "200577846"}, {"dataset": "IGN_LIDAR_PNOA_3", "record_id": "lidar_200577846", "height_source": "lidar_dtm"}], "update_time": "2024-11-13", "version": 1, "confidence": 0.85, "bbox": {"xmin": -2.1721843, "ymin": 42.8945156, "xmax": -2.1719934, "ymax": 42.8946551}}}, {"type": "Feature", "geometry": {"type": "Polygon", "coordinates": [[[-2.1732297, 42.8945589], [-2.1728252, 42.8946709], [-2.1727071, 42.8944586], [-2.1727849, 42.8944174], [-2.1727984, 42.8944405], [-2.1728654, 42.8945549], [-2.1731543, 42.8944999], [-2.1731518, 42.8944606], [-2.173187, 42.8944508], [-2.1732297, 42.8945589]]]}, "properties": {"id": "overture-29740b742f87e652", "osm_id": "200578084", "theme": "buildings", "type": "building", "subtype": "public", "class": "public", "names": {"primary": "Intxostiapunta"}, "height": 13.951, "num_floors": 2, "sources": [{"dataset": "OpenStreetMap", "record_id": "200578084"}, {"dataset": "IGN_LIDAR_PNOA_3", "record_id": "lidar_200578084", "height_source": "lidar_dtm"}], "update_time": "2024-11-13", "version": 1, "confidence": 0.85, "bbox": {"xmin": -2.1732297, "ymin": 42.8944174, "xmax": -2.1727071, "ymax": 42.8946709}}}, {"type": "Feature", "geometry": {"type": "Polygon", "coordinates": [[[-2.1851664, 42.9159286], [-2.1849994, 42.9161629], [-2.1839454, 42.9157038], [-2.1841124, 42.9154694], [-2.1851664, 42.9159286]]]}, "properties": {"id": "overture-606b2c5a86a56ef1", "osm_id": "219166493", "theme": "buildings", "type": "building", "subtype": "building", "class": "yes", "names": {"primary": "Taller Erkuden DAF"}, "height": 6.4, "num_floors": 2, "sources": [{"dataset": "OpenStreetMap", "record_id": "219166493"}], "update_time": "2024-11-13", "version": 1, "confidence": 0.85, "bbox": {"xmin": -2.1851664, "ymin": 42.9154694, "xmax": -2.1839454, "ymax": 42.9161629}}}, {"type": "Feature", "geometry": {"type": "Polygon", "coordinates": [[[-2.173629, 42.8925231], [-2.1735737, 42.8924189], [-2.1732069, 42.8925015], [-2.1731977, 42.8925164], [-2.1731039, 42.8926685], [-2.173629, 42.8925231]]]}, "properties": {"id": "overture-a5ea7fa755b6baa9", "osm_id": "242585217", "theme": "buildings", "type": "building", "subtype": "building", "class": "yes", "names": null, "height": 0.403, "num_floors": 2, "sources": [{"dataset": "OpenStreetMap", "record_id": "242585217"}, {"dataset": "IGN_LIDAR_PNOA_3", "record_id": "lidar_242585217", "height_source": "lidar_dtm"}], "update_time": "2024-11-13", "version": 1, "confidence": 0.85, "bbox": {"xmin": -2.173629, "ymin": 42.8924189, "xmax": -2.1731039, "ymax": 42.8926685}}}, {"type": "Feature", "geometry": {"type": "Polygon", "coordinates": [[[-2.1731039, 42.8926685], [-2.1730937, 42.8926469], [-2.1728978, 42.8922755], [-2.1730436, 42.8922401], [-2.1731977, 42.8925164], [-2.1731039, 42.8926685]]]}, "properties": {"id": "overture-1f9d5640569e3cc5", "osm_id": "242585218", "theme": "buildings", "type": "building", "subtype": "building", "class": "yes", "names": null, "height": 6.4, "num_floors": 2, "sources": [{"dataset": "OpenStreetMap", "record_id": "242585218"}], "update_time": "2024-11-13", "version": 1, "confidence": 0.85, "bbox": {"xmin": -2.1731977, "ymin": 42.8922401, "xmax": -2.1728978, "ymax": 42.8926685}}}, {"type": "Feature", "geometry": {"type": "Polygon", "coordinates": [[[-2.169923, 42.8947902], [-2.169883, 42.8947102], [-2.1700559, 42.8946536], [-2.1701624, 42.8946629], [-2.1701862, 42.8947076], [-2.1700858, 42.8947409], [-2.1700746, 42.8947215], [-2.1699997, 42.8947415], [-2.1700124, 42.8947642], [-2.169923, 42.8947902]]]}, "properties": {"id": "overture-d5e3f4df0ed2382a", "osm_id": "297053428", "theme": "buildings", "type": "building", "subtype": "apartments", "class": "apartments", "names": null, "height": 3.386, "num_floors": 4, "sources": [{"dataset": "OpenStreetMap", "record_id": "297053428"}, {"dataset": "IGN_LIDAR_PNOA_3", "record_id": "lidar_297053428", "height_source": "lidar_dtm"}], "update_time": "2024-11-13", "version": 1, "confidence": 0.85, "bbox": {"xmin": -2.1701862, "ymin": 42.8946536, "xmax": -2.169883, "ymax": 42.8947902}}}, {"type": "Feature", "geometry": {"type": "Polygon", "coordinates": [[[-2.1703074, 42.8947849], [-2.1703976, 42.8947529], [-2.1703567, 42.8946762], [-2.1702136, 42.8946689], [-2.170217, 42.8947142], [-2.1702315, 42.8947482], [-2.1702869, 42.8947542], [-2.1703074, 42.8947849]]]}, "properties": {"id": "overture-4787084d4a0ee809", "osm_id": "297055048", "theme": "buildings", "type": "building", "subtype": "apartments", "class": "apartments", "names": null, "height": 12.484, "num_floors": 2, "sources": [{"dataset": "OpenStreetMap", "record_id": "297055048"}, {"dataset": "IGN_LIDAR_PNOA_3", "record_id": "lidar_297055048", "height_source": "lidar_dtm"}], "update_time": "2024-11-13", "version": 1, "confidence": 0.85, "bbox": {"xmin": -2.1703976, "ymin": 42.8946689, "xmax": -2.1702136, "ymax": 42.8947849}}}, {"type": "Feature", "geometry": {"type": "Polygon", "coordinates": [[[-2.1704369, 42.8948148], [-2.1703005, 42.8948588], [-2.1703682, 42.8949847], [-2.1705076, 42.8949348], [-2.1704369, 42.8948148]]]}, "properties": {"id": "overture-ddd841537e4ad491", "osm_id": "297055050", "theme": "buildings", "type": "building", "subtype": "apartments", "class": "apartments", "names": null, "height": 12.551, "num_floors": 2, "sources": [{"dataset": "OpenStreetMap", "record_id": "297055050"}, {"dataset": "IGN_LIDAR_PNOA_3", "record_id": "lidar_297055050", "height_source": "lidar_dtm"}], "update_time": "2024-11-13", "version": 1, "confidence": 0.85, "bbox": {"xmin": -2.1705076, "ymin": 42.8948148, "xmax": -2.1703005, "ymax": 42.8949847}}}, {"type": "Feature", "geometry": {"type": "Polygon", "coordinates": [[[-2.1705076, 42.8949348], [-2.1707166, 42.8952735], [-2.1705948, 42.8953195], [-2.1705394, 42.8952342], [-2.170507, 42.8952462], [-2.1703638, 42.8949863], [-2.1703682, 42.8949847], [-2.1705076, 42.8949348]]]}, "properties": {"id": "overture-9d94b808df165853", "osm_id": "297055051", "theme": "buildings", "type": "building", "subtype": "apartments", "class": "apartments", "names": null, "height": 13.536, "num_floors": 3, "sources": [{"dataset": "OpenStreetMap", "record_id": "297055051"}, {"dataset": "IGN_LIDAR_PNOA_3", "record_id": "lidar_297055051", "height_source": "lidar_dtm"}], "update_time": "2024-11-13", "version": 1, "confidence": 0.85, "bbox": {"xmin": -2.1707166, "ymin": 42.8949348, "xmax": -2.1703638, "ymax": 42.8953195}}}, {"type": "Feature", "geometry": {"type": "Polygon", "coordinates": [[[-2.1707166, 42.8952735], [-2.170778, 42.8953775], [-2.1707278, 42.8953995], [-2.1707133, 42.8953781], [-2.1706408, 42.8954008], [-2.1705948, 42.8953195], [-2.1707166, 42.8952735]]]}, "properties": {"id": "overture-d4cdaf53d7a10f39", "osm_id": "297055411", "theme": "buildings", "type": "building", "subtype": "apartments", "class": "apartments", "names": null, "height": 12.737, "num_floors": 3, "sources": [{"dataset": "OpenStreetMap", "record_id": "297055411"}, {"dataset": "IGN_LIDAR_PNOA_3", "record_id": "lidar_297055411", "height_source": "lidar_dtm"}], "update_time": "2024-11-13", "version": 1, "confidence": 0.85, "bbox": {"xmin": -2.170778, "ymin": 42.8952735, "xmax": -2.1705948, "ymax": 42.8954008}}}, {"type": "Feature", "geometry": {"type": "Polygon", "coordinates": [[[-2.1714043, 42.8950741], [-2.1711432, 42.8951356], [-2.1709495, 42.8947162], [-2.1710211, 42.8946965], [-2.1712514, 42.8947151], [-2.1714043, 42.8950741]]]}, "properties": {"id": "overture-7d99bcc306dd5a9e", "osm_id": "297057684", "theme": "buildings", "type": "building", "subtype": "apartments", "class": "apartments", "names": null, "height": 14.58, "num_floors": 4, "sources": [{"dataset": "OpenStreetMap", "record_id": "297057684"}, {"dataset": "IGN_LIDAR_PNOA_3", "record_id": "lidar_297057684", "height_source": "lidar_dtm"}], "update_time": "2024-11-13", "version": 1, "confidence": 0.85, "bbox": {"xmin": -2.1714043, "ymin": 42.8946965, "xmax": -2.1709495, "ymax": 42.8951356}}}, {"type": "Feature", "geometry": {"type": "Polygon", "coordinates": [[[-2.1671932, 42.8944059], [-2.1671174, 42.8942939], [-2.1672297, 42.8942456], [-2.167307, 42.894362], [-2.1672936, 42.8943671], [-2.1671932, 42.8944059]]]}, "properties": {"id": "overture-5534e2501a6ed719", "osm_id": "297057690", "theme": "buildings", "type": "building", "subtype": "building", "class": "yes", "names": {"primary": "Altsasuko Gaztetxea"}, "height": 6.4, "num_floors": 2, "sources": [{"dataset": "OpenStreetMap", "record_id": "297057690"}], "update_time": "2024-11-13", "version": 1, "confidence": 0.85, "bbox": {"xmin": -2.167307, "ymin": 42.8942456, "xmax": -2.1671174, "ymax": 42.8944059}}}, {"type": "Feature", "geometry": {"type": "Polygon", "coordinates": [[[-2.16327, 42.8960336], [-2.16327, 42.8958712], [-2.1635058, 42.8958843], [-2.1635001, 42.8960402], [-2.16327, 42.8960336]]]}, "properties": {"id": "overture-e6130a3fcaf2f0d2", "osm_id": "297060217", "theme": "buildings", "type": "building", "subtype": "house", "class": "house", "names": null, "height": 6.4, "num_floors": 2, "sources": [{"dataset": "OpenStreetMap", "record_id": "297060217"}], "update_time": "2024-11-13", "version": 1, "confidence": 0.85, "bbox": {"xmin": -2.1635058, "ymin": 42.8958712, "xmax": -2.16327, "ymax": 42.8960402}}}, {"type": "Feature", "geometry": {"type": "Polygon", "coordinates": [[[-2.1613987, 42.9047443], [-2.1613415, 42.9046544], [-2.1611716, 42.9047204], [-2.1611453, 42.904679], [-2.1610244, 42.9047259], [-2.1611102, 42.9048612], [-2.1612181, 42.9048194], [-2.1612289, 42.9048365], [-2.1612956, 42.9048106], [-2.1612822, 42.9047895], [-2.1613987, 42.9047443]]]}, "properties": {"id": "overture-eeaf9dea50e0748a", "osm_id": "297060220", "theme": "buildings", "type": "building", "subtype": "house", "class": "house", "names": {"primary": "Igerilekuak"}, "height": 6.4, "num_floors": 2, "sources": [{"dataset": "OpenStreetMap", "record_id": "297060220"}], "update_time": "2024-11-13", "version": 1, "confidence": 0.85, "bbox": {"xmin": -2.1613987, "ymin": 42.9046544, "xmax": -2.1610244, "ymax": 42.9048612}}}, {"type": "Feature", "geometry": {"type": "Polygon", "coordinates": [[[-2.1551352, 42.9129022], [-2.1551245, 42.9128256], [-2.1550156, 42.9128349], [-2.1550264, 42.9129115], [-2.1551352, 42.9129022]]]}, "properties": {"id": "overture-578f6f102bbe7fcb", "osm_id": "297063533", "theme": "buildings", "type": "building", "subtype": "chapel", "class": "chapel", "names": {"primary": "Ermita de San Pedro"}, "height": 6.4, "num_floors": 2, "sources": [{"dataset": "OpenStreetMap", "record_id": "297063533"}], "update_time": "2024-11-13", "version": 1, "confidence": 0.85, "bbox": {"xmin": -2.1551352, "ymin": 42.9128256, "xmax": -2.1550156, "ymax": 42.9129115}}}, {"type": "Feature", "geometry": {"type": "Polygon", "coordinates": [[[-2.1708819, 42.8955892], [-2.1707913, 42.8954046], [-2.1706755, 42.8954336], [-2.1707628, 42.8956227], [-2.1708819, 42.8955892]]]}, "properties": {"id": "overture-1b90050a10fde1d3", "osm_id": "297067224", "theme": "buildings", "type": "building", "subtype": "apartments", "class": "apartments", "names": null, "height": 10.093, "num_floors": 3, "sources": [{"dataset": "OpenStreetMap", "record_id": "297067224"}, {"dataset": "IGN_LIDAR_PNOA_3", "record_id": "lidar_297067224", "height_source": "lidar_dtm"}], "update_time": "2024-11-13", "version": 1, "confidence": 0.85, "bbox": {"xmin": -2.1708819, "ymin": 42.8954046, "xmax": -2.1706755, "ymax": 42.8956227}}}, {"type": "Feature", "geometry": {"type": "Polygon", "coordinates": [[[-2.1707628, 42.8956227], [-2.1706755, 42.8954336], [-2.1705762, 42.8954616], [-2.1706635, 42.8956507], [-2.1707051, 42.895639], [-2.1707628, 42.8956227]]]}, "properties": {"id": "overture-2249735d29d23e66", "osm_id": "297067225", "theme": "buildings", "type": "building", "subtype": "apartments", "class": "apartments", "names": null, "height": 11.254, "num_floors": 3, "sources": [{"dataset": "OpenStreetMap", "record_id": "297067225"}, {"dataset": "IGN_LIDAR_PNOA_3", "record_id": "lidar_297067225", "height_source": "lidar_dtm"}], "update_time": "2024-11-13", "version": 1, "confidence": 0.85, "bbox": {"xmin": -2.1707628, "ymin": 42.8954336, "xmax": -2.1705762, "ymax": 42.8956507}}}, {"type": "Feature", "geometry": {"type": "Polygon", "coordinates": [[[-2.1706635, 42.8956507], [-2.1706163, 42.8956549], [-2.1704791, 42.895651], [-2.1704125, 42.8956491], [-2.1703739, 42.8955729], [-2.17032, 42.8954672], [-2.1702648, 42.8953584], [-2.1702366, 42.8953029], [-2.1703471, 42.8952682], [-2.1704625, 42.8952319], [-2.1706635, 42.8956507]]]}, "properties": {"id": "overture-fe08a47adee95db7", "osm_id": "297067226", "theme": "buildings", "type": "building", "subtype": "apartments", "class": "apartments", "names": null, "height": 13.562, "num_floors": 3, "sources": [{"dataset": "OpenStreetMap", "record_id": "297067226"}, {"dataset": "IGN_LIDAR_PNOA_3", "record_id": "lidar_297067226", "height_source": "lidar_dtm"}], "update_time": "2024-11-13", "version": 1, "confidence": 0.85, "bbox": {"xmin": -2.1706635, "ymin": 42.8952319, "xmax": -2.1702366, "ymax": 42.8956549}}}, {"type": "Feature", "geometry": {"type": "Polygon", "coordinates": [[[-2.1703185, 42.8956383], [-2.1702732, 42.8955082], [-2.1702572, 42.8955116], [-2.1700803, 42.8955494], [-2.1701291, 42.895681], [-2.1703185, 42.8956383]]]}, "properties": {"id": "overture-794f07c987847f4e", "osm_id": "297067227", "theme": "buildings", "type": "building", "subtype": "apartments", "class": "apartments", "names": null, "height": 7.132, "num_floors": 2, "sources": [{"dataset": "OpenStreetMap", "record_id": "297067227"}, {"dataset": "IGN_LIDAR_PNOA_3", "record_id": "lidar_297067227", "height_source": "lidar_dtm"}], "update_time": "2024-11-13", "version": 1, "confidence": 0.85, "bbox": {"xmin": -2.1703185, "ymin": 42.8955082, "xmax": -2.1700803, "ymax": 42.895681}}}, {"type": "Feature", "geometry": {"type": "Polygon", "coordinates": [[[-2.1701291, 42.895681], [-2.170055, 42.8954883], [-2.1699623, 42.8955101], [-2.1700406, 42.8957045], [-2.1701291, 42.895681]]]}, "properties": {"id": "overture-8d3f57de2e9902d9", "osm_id": "297067228", "theme": "buildings", "type": "building", "subtype": "apartments", "class": "apartments", "names": null, "height": 1.66, "num_floors": 2, "sources": [{"dataset": "OpenStreetMap", "record_id": "297067228"}, {"dataset": "IGN_LIDAR_PNOA_3", "record_id": "lidar_297067228", "height_source": "lidar_dtm"}], "update_time": "2024-11-13", "version": 1, "confidence": 0.85, "bbox": {"xmin": -2.1701291, "ymin": 42.8954883, "xmax": -2.1699623, "ymax": 42.8957045}}}, {"type": "Feature", "geometry": {"type": "Polygon", "coordinates": [[[-2.1700406, 42.8957045], [-2.1699623, 42.8955101], [-2.1699463, 42.8954673], [-2.1698523, 42.8954901], [-2.1699139, 42.8956574], [-2.1699391, 42.8957278], [-2.1700406, 42.8957045]]]}, "properties": {"id": "overture-3bc1a420daec67b2", "osm_id": "297067229", "theme": "buildings", "type": "building", "subtype": "apartments", "class": "apartments", "names": null, "height": 1.654, "num_floors": 3, "sources": [{"dataset": "OpenStreetMap", "record_id": "297067229"}, {"dataset": "IGN_LIDAR_PNOA_3", "record_id": "lidar_297067229", "height_source": "lidar_dtm"}], "update_time": "2024-11-13", "version": 1, "confidence": 0.85, "bbox": {"xmin": -2.1700406, "ymin": 42.8954673, "xmax": -2.1698523, "ymax": 42.8957278}}}, {"type": "Feature", "geometry": {"type": "Polygon", "coordinates": [[[-2.1699423, 42.8957368], [-2.1699391, 42.8957278], [-2.1699139, 42.8956574], [-2.1698993, 42.8956607], [-2.1698905, 42.895636], [-2.1698298, 42.8956492], [-2.1698437, 42.8956884], [-2.1698266, 42.8956941], [-2.1698448, 42.8957587], [-2.1699423, 42.8957368]]]}, "properties": {"id": "overture-0ae762dbe18faeca", "osm_id": "297067230", "theme": "buildings", "type": "building", "subtype": "apartments", "class": "apartments", "names": null, "height": 1.634, "num_floors": 3, "sources": [{"dataset": "OpenStreetMap", "record_id": "297067230"}, {"dataset": "IGN_LIDAR_PNOA_3", "record_id": "lidar_297067230", "height_source": "lidar_dtm"}], "update_time": "2024-11-13", "version": 1, "confidence": 0.85, "bbox": {"xmin": -2.1699423, "ymin": 42.895636, "xmax": -2.1698266, "ymax": 42.8957587}}}, {"type": "Feature", "geometry": {"type": "Polygon", "coordinates": [[[-2.1698448, 42.8957587], [-2.1698266, 42.8956941], [-2.1698159, 42.8956562], [-2.1695952, 42.8956943], [-2.169624, 42.8957968], [-2.1698448, 42.8957587]]]}, "properties": {"id": "overture-4086a13c5c5e6244", "osm_id": "297067231", "theme": "buildings", "type": "building", "subtype": "apartments", "class": "apartments", "names": null, "height": 7.203, "num_floors": 3, "sources": [{"dataset": "OpenStreetMap", "record_id": "297067231"}, {"dataset": "IGN_LIDAR_PNOA_3", "record_id": "lidar_297067231", "height_source": "lidar_dtm"}], "update_time": "2024-11-13", "version": 1, "confidence": 0.85, "bbox": {"xmin": -2.1698448, "ymin": 42.8956562, "xmax": -2.1695952, "ymax": 42.8957968}}}, {"type": "Feature", "geometry": {"type": "Polygon", "coordinates": [[[-2.1698159, 42.8956562], [-2.1697985, 42.8955951], [-2.1697388, 42.8956056], [-2.1695769, 42.8956339], [-2.1695952, 42.8956943], [-2.1698159, 42.8956562]]]}, "properties": {"id": "overture-2d8bdbfb31f0fbe9", "osm_id": "297071824", "theme": "buildings", "type": "building", "subtype": "apartments", "class": "apartments", "names": null, "height": 1.643, "num_floors": 2, "sources": [{"dataset": "OpenStreetMap", "record_id": "297071824"}, {"dataset": "IGN_LIDAR_PNOA_3", "record_id": "lidar_297071824", "height_source": "lidar_dtm"}], "update_time": "2024-11-13", "version": 1, "confidence": 0.85, "bbox": {"xmin": -2.1698159, "ymin": 42.8955951, "xmax": -2.1695769, "ymax": 42.8956943}}}, {"type": "Feature", "geometry": {"type": "Polygon", "coordinates": [[[-2.1697388, 42.8956056], [-2.1697081, 42.895525], [-2.1695733, 42.8955677], [-2.1695464, 42.8955762], [-2.1695531, 42.8955984], [-2.1695646, 42.895636], [-2.1697388, 42.8956056]]]}, "properties": {"id": "overture-fb58872370c04441", "osm_id": "297071827", "theme": "buildings", "type": "building", "subtype": "apartments", "class": "apartments", "names": null, "height": 2.365, "num_floors": 2, "sources": [{"dataset": "OpenStreetMap", "record_id": "297071827"}, {"dataset": "IGN_LIDAR_PNOA_3", "record_id": "lidar_297071827", "height_source": "lidar_dtm"}], "update_time": "2024-11-13", "version": 1, "confidence": 0.85, "bbox": {"xmin": -2.1697388, "ymin": 42.895525, "xmax": -2.1695464, "ymax": 42.895636}}}, {"type": "Feature", "geometry": {"type": "Polygon", "coordinates": [[[-2.1697081, 42.895525], [-2.1696856, 42.8954604], [-2.1695416, 42.8954914], [-2.1695733, 42.8955677], [-2.1697081, 42.895525]]]}, "properties": {"id": "overture-44239515173c55de", "osm_id": "297071829", "theme": "buildings", "type": "building", "subtype": "apartments", "class": "apartments", "names": null, "height": 10.302, "num_floors": 2, "sources": [{"dataset": "OpenStreetMap", "record_id": "297071829"}, {"dataset": "IGN_LIDAR_PNOA_3", "record_id": "lidar_297071829", "height_source": "lidar_dtm"}], "update_time": "2024-11-13", "version": 1, "confidence": 0.85, "bbox": {"xmin": -2.1697081, "ymin": 42.8954604, "xmax": -2.1695416, "ymax": 42.8955677}}}, {"type": "Feature", "geometry": {"type": "Polygon", "coordinates": [[[-2.1695504, 42.89556], [-2.1695234, 42.895487], [-2.1694692, 42.8955021], [-2.1692985, 42.8955494], [-2.1693525, 42.8956462], [-2.1694886, 42.8956004], [-2.1695504, 42.89556]]]}, "properties": {"id": "overture-5c752606a88b099c", "osm_id": "297071831", "theme": "buildings", "type": "building", "subtype": "apartments", "class": "apartments", "names": null, "height": 12.885, "num_floors": 3, "sources": [{"dataset": "OpenStreetMap", "record_id": "297071831"}, {"dataset": "IGN_LIDAR_PNOA_3", "record_id": "lidar_297071831", "height_source": "lidar_dtm"}], "update_time": "2024-11-13", "version": 1, "confidence": 0.85, "bbox": {"xmin": -2.1695504, "ymin": 42.895487, "xmax": -2.1692985, "ymax": 42.8956462}}}, {"type": "Feature", "geometry": {"type": "Polygon", "coordinates": [[[-2.1694692, 42.8955021], [-2.1694447, 42.8954439], [-2.1694114, 42.8954506], [-2.1692657, 42.895505], [-2.1692985, 42.8955494], [-2.1694692, 42.8955021]]]}, "properties": {"id": "overture-03c6aa5cd5668a28", "osm_id": "297071837", "theme": "buildings", "type": "building", "subtype": "apartments", "class": "apartments", "names": null, "height": 11.924, "num_floors": 3, "sources": [{"dataset": "OpenStreetMap", "record_id": "297071837"}, {"dataset": "IGN_LIDAR_PNOA_3", "record_id": "lidar_297071837", "height_source": "lidar_dtm"}], "update_time": "2024-11-13", "version": 1, "confidence": 0.85, "bbox": {"xmin": -2.1694692, "ymin": 42.8954439, "xmax": -2.1692657, "ymax": 42.8955494}}}, {"type": "Feature", "geometry": {"type": "Polygon", "coordinates": [[[-2.1694114, 42.8954506], [-2.1693719, 42.8953861], [-2.1692935, 42.8954154], [-2.1692263, 42.8954405], [-2.1692657, 42.895505], [-2.1694114, 42.8954506]]]}, "properties": {"id": "overture-15bcf89f8651152c", "osm_id": "297071839", "theme": "buildings", "type": "building", "subtype": "apartments", "class": "apartments", "names": null, "height": 12.45, "num_floors": 3, "sources": [{"dataset": "OpenStreetMap", "record_id": "297071839"}, {"dataset": "IGN_LIDAR_PNOA_3", "record_id": "lidar_297071839", "height_source": "lidar_dtm"}], "update_time": "2024-11-13", "version": 1, "confidence": 0.85, "bbox": {"xmin": -2.1694114, "ymin": 42.8953861, "xmax": -2.1692263, "ymax": 42.895505}}}, {"type": "Feature", "geometry": {"type": "Polygon", "coordinates": [[[-2.1692935, 42.8954154], [-2.169232, 42.8953445], [-2.1690577, 42.8954391], [-2.1690838, 42.8954686], [-2.1691164, 42.8955054], [-2.1691438, 42.8954906], [-2.1691548, 42.895503], [-2.1692154, 42.89547], [-2.1692042, 42.8954575], [-2.1692263, 42.8954405], [-2.1692935, 42.8954154]]]}, "properties": {"id": "overture-c689f009107f2a36", "osm_id": "297071840", "theme": "buildings", "type": "building", "subtype": "apartments", "class": "apartments", "names": null, "height": 13.582, "num_floors": 3, "sources": [{"dataset": "OpenStreetMap", "record_id": "297071840"}, {"dataset": "IGN_LIDAR_PNOA_3", "record_id": "lidar_297071840", "height_source": "lidar_dtm"}], "update_time": "2024-11-13", "version": 1, "confidence": 0.85, "bbox": {"xmin": -2.1692935, "ymin": 42.8953445, "xmax": -2.1690577, "ymax": 42.8955054}}}, {"type": "Feature", "geometry": {"type": "Polygon", "coordinates": [[[-2.1690838, 42.8954686], [-2.1691164, 42.8955054], [-2.1691563, 42.8955381], [-2.1690636, 42.8956041], [-2.168986, 42.8955374], [-2.1690838, 42.8954686]]]}, "properties": {"id": "overture-f3fa08a4aa6751e3", "osm_id": "297071841", "theme": "buildings", "type": "building", "subtype": "building", "class": "yes", "names": null, "height": 8.665, "num_floors": 2, "sources": [{"dataset": "OpenStreetMap", "record_id": "297071841"}, {"dataset": "IGN_LIDAR_PNOA_3", "record_id": "lidar_297071841", "height_source": "lidar_dtm"}], "update_time": "2024-11-13", "version": 1, "confidence": 0.85, "bbox": {"xmin": -2.1691563, "ymin": 42.8954686, "xmax": -2.168986, "ymax": 42.8956041}}}, {"type": "Feature", "geometry": {"type": "Polygon", "coordinates": [[[-2.1691942, 42.8952907], [-2.169232, 42.8953445], [-2.1690577, 42.8954391], [-2.1690087, 42.8953939], [-2.1691255, 42.8953289], [-2.1691942, 42.8952907]]]}, "properties": {"id": "overture-bc4de8bdc67ee36d", "osm_id": "297071842", "theme": "buildings", "type": "building", "subtype": "apartments", "class": "apartments", "names": null, "height": 14.286, "num_floors": 3, "sources": [{"dataset": "OpenStreetMap", "record_id": "297071842"}, {"dataset": "IGN_LIDAR_PNOA_3", "record_id": "lidar_297071842", "height_source": "lidar_dtm"}], "update_time": "2024-11-13", "version": 1, "confidence": 0.85, "bbox": {"xmin": -2.169232, "ymin": 42.8952907, "xmax": -2.1690087, "ymax": 42.8954391}}}, {"type": "Feature", "geometry": {"type": "Polygon", "coordinates": [[[-2.1690087, 42.8953939], [-2.1689937, 42.8953812], [-2.1690461, 42.8953493], [-2.169028, 42.8953226], [-2.1690904, 42.8952891], [-2.1691255, 42.8953289], [-2.1690087, 42.8953939]]]}, "properties": {"id": "overture-173995cd6a3acb56", "osm_id": "297071843", "theme": "buildings", "type": "building", "subtype": "apartments", "class": "apartments", "names": null, "height": 12.5, "num_floors": 2, "sources": [{"dataset": "OpenStreetMap", "record_id": "297071843"}, {"dataset": "IGN_LIDAR_PNOA_3", "record_id": "lidar_297071843", "height_source": "lidar_dtm"}], "update_time": "2024-11-13", "version": 1, "confidence": 0.85, "bbox": {"xmin": -2.1691255, "ymin": 42.8952891, "xmax": -2.1689937, "ymax": 42.8953939}}}, {"type": "Feature", "geometry": {"type": "Polygon", "coordinates": [[[-2.1690461, 42.8953493], [-2.1689346, 42.8952376], [-2.1687495, 42.8953505], [-2.1688609, 42.8954622], [-2.1690461, 42.8953493]]]}, "properties": {"id": "overture-a55ae27267e0d6e7", "osm_id": "297071844", "theme": "buildings", "type": "building", "subtype": "apartments", "class": "apartments", "names": null, "height": 14.079, "num_floors": 3, "sources": [{"dataset": "OpenStreetMap", "record_id": "297071844"}, {"dataset": "IGN_LIDAR_PNOA_3", "record_id": "lidar_297071844", "height_source": "lidar_dtm"}], "update_time": "2024-11-13", "version": 1, "confidence": 0.85, "bbox": {"xmin": -2.1690461, "ymin": 42.8952376, "xmax": -2.1687495, "ymax": 42.8954622}}}, {"type": "Feature", "geometry": {"type": "Polygon", "coordinates": [[[-2.1686801, 42.8953184], [-2.168817, 42.8952364], [-2.1687915, 42.895206], [-2.1687002, 42.8952391], [-2.1686756, 42.8952038], [-2.1686144, 42.8952027], [-2.1686214, 42.8952589], [-2.1686801, 42.8953184]]]}, "properties": {"id": "overture-49dc476e227bbc76", "osm_id": "297076420", "theme": "buildings", "type": "building", "subtype": "apartments", "class": "apartments", "names": null, "height": 6.522, "num_floors": 4, "sources": [{"dataset": "OpenStreetMap", "record_id": "297076420"}, {"dataset": "IGN_LIDAR_PNOA_3", "record_id": "lidar_297076420", "height_source": "lidar_dtm"}], "update_time": "2024-11-13", "version": 1, "confidence": 0.85, "bbox": {"xmin": -2.168817, "ymin": 42.8952027, "xmax": -2.1686144, "ymax": 42.8953184}}}, {"type": "Feature", "geometry": {"type": "Polygon", "coordinates": [[[-2.1686144, 42.8952027], [-2.1686162, 42.8951443], [-2.1686291, 42.8951469], [-2.1687933, 42.8951476], [-2.1687928, 42.8951612], [-2.1687915, 42.895206], [-2.1686756, 42.8952038], [-2.1686144, 42.8952027]]]}, "properties": {"id": "overture-483d347c979423f0", "osm_id": "297076423", "theme": "buildings", "type": "building", "subtype": "apartments", "class": "apartments", "names": null, "height": 7.248, "num_floors": 4, "sources": [{"dataset": "OpenStreetMap", "record_id": "297076423"}, {"dataset": "IGN_LIDAR_PNOA_3", "record_id": "lidar_297076423", "height_source": "lidar_dtm"}], "update_time": "2024-11-13", "version": 1, "confidence": 0.85, "bbox": {"xmin": -2.1687933, "ymin": 42.8951443, "xmax": -2.1686144, "ymax": 42.895206}}}, {"type": "Feature", "geometry": {"type": "Polygon", "coordinates": [[[-2.1689229, 42.8949198], [-2.1689144, 42.8948327], [-2.168617, 42.8948509], [-2.168625, 42.8949396], [-2.1688572, 42.8949325], [-2.1689229, 42.8949198]]]}, "properties": {"id": "overture-ff5c788788f0f08c", "osm_id": "297076433", "theme": "buildings", "type": "building", "subtype": "apartments", "class": "apartments", "names": null, "height": 3.406, "num_floors": 3, "sources": [{"dataset": "OpenStreetMap", "record_id": "297076433"}, {"dataset": "IGN_LIDAR_PNOA_3", "record_id": "lidar_297076433", "height_source": "lidar_dtm"}], "update_time": "2024-11-13", "version": 1, "confidence": 0.85, "bbox": {"xmin": -2.1689229, "ymin": 42.8948327, "xmax": -2.168617, "ymax": 42.8949396}}}, {"type": "Feature", "geometry": {"type": "Polygon", "coordinates": [[[-2.1683853, 42.8947952], [-2.168465, 42.8947553], [-2.1684852, 42.8947112], [-2.1684495, 42.89467], [-2.1684278, 42.8946746], [-2.1683259, 42.8947263], [-2.1683853, 42.8947952]]]}, "properties": {"id": "overture-5b26526135da7c08", "osm_id": "297076438", "theme": "buildings", "type": "building", "subtype": "apartments", "class": "apartments", "names": null, "height": 6.4, "num_floors": 3, "sources": [{"dataset": "OpenStreetMap", "record_id": "297076438"}], "update_time": "2024-11-13", "version": 1, "confidence": 0.85, "bbox": {"xmin": -2.1684852, "ymin": 42.89467, "xmax": -2.1683259, "ymax": 42.8947952}}}, {"type": "Feature", "geometry": {"type": "Polygon", "coordinates": [[[-2.1683873, 42.8948035], [-2.1683159, 42.8947208], [-2.1682784, 42.8947406], [-2.1682268, 42.8946772], [-2.168147, 42.8945833], [-2.1680431, 42.8946347], [-2.1682508, 42.8948755], [-2.1683873, 42.8948035]]]}, "properties": {"id": "overture-f2e39c29f5a1a664", "osm_id": "297076441", "theme": "buildings", "type": "building", "subtype": "public", "class": "public", "names": {"primary": "Lavadero"}, "height": 6.4, "num_floors": 3, "sources": [{"dataset": "OpenStreetMap", "record_id": "297076441"}], "update_time": "2024-11-13", "version": 1, "confidence": 0.85, "bbox": {"xmin": -2.1683873, "ymin": 42.8945833, "xmax": -2.1680431, "ymax": 42.8948755}}}, {"type": "Feature", "geometry": {"type": "Polygon", "coordinates": [[[-2.1703471, 42.8952682], [-2.1703237, 42.8952284], [-2.1703403, 42.8952244], [-2.1702753, 42.895077], [-2.1700842, 42.8951338], [-2.1701504, 42.8952712], [-2.1701936, 42.8952871], [-2.1702366, 42.8953029], [-2.1703471, 42.8952682]]]}, "properties": {"id": "overture-f646572eaeb93f30", "osm_id": "297082259", "theme": "buildings", "type": "building", "subtype": "apartments", "class": "apartments", "names": null, "height": 13.74, "num_floors": 3, "sources": [{"dataset": "OpenStreetMap", "record_id": "297082259"}, {"dataset": "IGN_LIDAR_PNOA_3", "record_id": "lidar_297082259", "height_source": "lidar_dtm"}], "update_time": "2024-11-13", "version": 1, "confidence": 0.85, "bbox": {"xmin": -2.1703471, "ymin": 42.895077, "xmax": -2.1700842, "ymax": 42.8953029}}}, {"type": "Feature", "geometry": {"type": "Polygon", "coordinates": [[[-2.1702572, 42.8955116], [-2.1702426, 42.8954704], [-2.1701796, 42.8954429], [-2.1701195, 42.8954562], [-2.1701279, 42.8954656], [-2.170055, 42.8954883], [-2.1700803, 42.8955494], [-2.1702572, 42.8955116]]]}, "properties": {"id": "overture-727860a7caa2535b", "osm_id": "297082260", "theme": "buildings", "type": "building", "subtype": "building", "class": "yes", "names": {"primary": "Iker eta Felix harategia"}, "height": 1.508, "num_floors": 2, "sources": [{"dataset": "OpenStreetMap", "record_id": "297082260"}, {"dataset": "IGN_LIDAR_PNOA_3", "record_id": "lidar_297082260", "height_source": "lidar_dtm"}], "update_time": "2024-11-13", "version": 1, "confidence": 0.85, "bbox": {"xmin": -2.1702572, "ymin": 42.8954429, "xmax": -2.170055, "ymax": 42.8955494}}}, {"type": "Feature", "geometry": {"type": "Polygon", "coordinates": [[[-2.1701195, 42.8954562], [-2.1700954, 42.8954047], [-2.1700306, 42.8952666], [-2.169983, 42.8951652], [-2.1697976, 42.8952184], [-2.1695985, 42.8952755], [-2.1694387, 42.8953213], [-2.1694911, 42.8954328], [-2.1698993, 42.8953157], [-2.1699835, 42.8954952], [-2.1701195, 42.8954562]]]}, "properties": {"id": "overture-89a9fe477d123e2c", "osm_id": "297082261", "theme": "buildings", "type": "building", "subtype": "apartments", "class": "apartments", "names": null, "height": 10.136, "num_floors": 4, "sources": [{"dataset": "OpenStreetMap", "record_id": "297082261"}, {"dataset": "IGN_LIDAR_PNOA_3", "record_id": "lidar_297082261", "height_source": "lidar_dtm"}], "update_time": "2024-11-13", "version": 1, "confidence": 0.85, "bbox": {"xmin": -2.1701195, "ymin": 42.8951652, "xmax": -2.1694387, "ymax": 42.8954952}}}, {"type": "Feature", "geometry": {"type": "Polygon", "coordinates": [[[-2.1689873, 42.8951619], [-2.1689386, 42.895104], [-2.1687915, 42.895206], [-2.168817, 42.8952364], [-2.1688334, 42.8952476], [-2.1689873, 42.8951619]]]}, "properties": {"id": "overture-22c9855e495f2aaa", "osm_id": "297085420", "theme": "buildings", "type": "building", "subtype": "apartments", "class": "apartments", "names": null, "height": 10.275, "num_floors": 3, "sources": [{"dataset": "OpenStreetMap", "record_id": "297085420"}, {"dataset": "IGN_LIDAR_PNOA_3", "record_id": "lidar_297085420", "height_source": "lidar_dtm"}], "update_time": "2024-11-13", "version": 1, "confidence": 0.85, "bbox": {"xmin": -2.1689873, "ymin": 42.895104, "xmax": -2.1687915, "ymax": 42.8952476}}}, {"type": "Feature", "geometry": {"type": "Polygon", "coordinates": [[[-2.1662752, 42.8952462], [-2.166238, 42.8951915], [-2.1661136, 42.8952454], [-2.1659966, 42.8952953], [-2.1660339, 42.895347], [-2.1662752, 42.8952462]]]}, "properties": {"id": "overture-af1a235b47a0e140", "osm_id": "297085424", "theme": "buildings", "type": "building", "subtype": "house", "class": "house", "names": null, "height": 6.4, "num_floors": 2, "sources": [{"dataset": "OpenStreetMap", "record_id": "297085424"}], "update_time": "2024-11-13", "version": 1, "confidence": 0.85, "bbox": {"xmin": -2.1662752, "ymin": 42.8951915, "xmax": -2.1659966, "ymax": 42.895347}}}, {"type": "Feature", "geometry": {"type": "Polygon", "coordinates": [[[-2.1662752, 42.8952462], [-2.1660339, 42.895347], [-2.1660086, 42.8953575], [-2.1660381, 42.8954008], [-2.1663047, 42.8952894], [-2.1662752, 42.8952462]]]}, "properties": {"id": "overture-3e7bf5d7d257aff3", "osm_id": "297085425", "theme": "buildings", "type": "building", "subtype": "house", "class": "house", "names": null, "height": 6.4, "num_floors": 2, "sources": [{"dataset": "OpenStreetMap", "record_id": "297085425"}], "update_time": "2024-11-13", "version": 1, "confidence": 0.85, "bbox": {"xmin": -2.1663047, "ymin": 42.8952462, "xmax": -2.1660086, "ymax": 42.8954008}}}, {"type": "Feature", "geometry": {"type": "Polygon", "coordinates": [[[-2.1663047, 42.8952894], [-2.1663624, 42.8953701], [-2.1662395, 42.8954225], [-2.1660946, 42.8954842], [-2.1661654, 42.8955858], [-2.1661362, 42.8955982], [-2.1661029, 42.8956124], [-2.166095, 42.8956026], [-2.1659594, 42.8954343], [-2.1660381, 42.8954008], [-2.1663047, 42.8952894]]]}, "properties": {"id": "overture-d7d099579af1a4a2", "osm_id": "297085426", "theme": "buildings", "type": "building", "subtype": "apartments", "class": "apartments", "names": null, "height": 1.757, "num_floors": 2, "sources": [{"dataset": "OpenStreetMap", "record_id": "297085426"}, {"dataset": "IGN_LIDAR_PNOA_3", "record_id": "lidar_297085426", "height_source": "lidar_dtm"}], "update_time": "2024-11-13", "version": 1, "confidence": 0.85, "bbox": {"xmin": -2.1663624, "ymin": 42.8952894, "xmax": -2.1659594, "ymax": 42.8956124}}}, {"type": "Feature", "geometry": {"type": "Polygon", "coordinates": [[[-2.1663624, 42.8953701], [-2.1664279, 42.8954645], [-2.1663074, 42.8955193], [-2.1662395, 42.8954225], [-2.1663624, 42.8953701]]]}, "properties": {"id": "overture-25d92b83e37e78e8", "osm_id": "297085427", "theme": "buildings", "type": "building", "subtype": "apartments", "class": "apartments", "names": null, "height": 6.4, "num_floors": 2, "sources": [{"dataset": "OpenStreetMap", "record_id": "297085427"}], "update_time": "2024-11-13", "version": 1, "confidence": 0.85, "bbox": {"xmin": -2.1664279, "ymin": 42.8953701, "xmax": -2.1662395, "ymax": 42.8955193}}}, {"type": "Feature", "geometry": {"type": "Polygon", "coordinates": [[[-2.1663074, 42.8955193], [-2.1662395, 42.8954225], [-2.1660946, 42.8954842], [-2.1661654, 42.8955858], [-2.1663074, 42.8955193]]]}, "properties": {"id": "overture-e1c69c1a13b1bb58", "osm_id": "297085430", "theme": "buildings", "type": "building", "subtype": "apartments", "class": "apartments", "names": null, "height": 4.139, "num_floors": 2, "sources": [{"dataset": "OpenStreetMap", "record_id": "297085430"}, {"dataset": "IGN_LIDAR_PNOA_3", "record_id": "lidar_297085430", "height_source": "lidar_dtm"}], "update_time": "2024-11-13", "version": 1, "confidence": 0.85, "bbox": {"xmin": -2.1663074, "ymin": 42.8954225, "xmax": -2.1660946, "ymax": 42.8955858}}}, {"type": "Feature", "geometry": {"type": "Polygon", "coordinates": [[[-2.166238, 42.8951915], [-2.166252, 42.8951852], [-2.1661987, 42.8951132], [-2.166064, 42.8951743], [-2.1661136, 42.8952454], [-2.166238, 42.8951915]]]}, "properties": {"id": "overture-0af12f2e5e6d53fd", "osm_id": "297085431", "theme": "buildings", "type": "building", "subtype": "apartments", "class": "apartments", "names": null, "height": 10.399, "num_floors": 2, "sources": [{"dataset": "OpenStreetMap", "record_id": "297085431"}, {"dataset": "IGN_LIDAR_PNOA_3", "record_id": "lidar_297085431", "height_source": "lidar_dtm"}], "update_time": "2024-11-13", "version": 1, "confidence": 0.85, "bbox": {"xmin": -2.166252, "ymin": 42.8951132, "xmax": -2.166064, "ymax": 42.8952454}}}, {"type": "Feature", "geometry": {"type": "Polygon", "coordinates": [[[-2.166064, 42.8951743], [-2.1660431, 42.8951443], [-2.165922, 42.8951959], [-2.1658899, 42.8952096], [-2.1659624, 42.8953111], [-2.1659966, 42.8952953], [-2.1661136, 42.8952454], [-2.166064, 42.8951743]]]}, "properties": {"id": "overture-57adbcf4462e7021", "osm_id": "297085432", "theme": "buildings", "type": "building", "subtype": "apartments", "class": "apartments", "names": null, "height": 8.542, "num_floors": 2, "sources": [{"dataset": "OpenStreetMap", "record_id": "297085432"}, {"dataset": "IGN_LIDAR_PNOA_3", "record_id": "lidar_297085432", "height_source": "lidar_dtm"}], "update_time": "2024-11-13", "version": 1, "confidence": 0.85, "bbox": {"xmin": -2.1661136, "ymin": 42.8951443, "xmax": -2.1658899, "ymax": 42.8953111}}}, {"type": "Feature", "geometry": {"type": "Polygon", "coordinates": [[[-2.1659624, 42.8953111], [-2.1658687, 42.8951893], [-2.1657703, 42.8952357], [-2.1657991, 42.8952732], [-2.165864, 42.8953574], [-2.1658782, 42.8953507], [-2.1659624, 42.8953111]]]}, "properties": {"id": "overture-8da48dee5da06f51", "osm_id": "297086963", "theme": "buildings", "type": "building", "subtype": "house", "class": "house", "names": null, "height": 6.4, "num_floors": 2, "sources": [{"dataset": "OpenStreetMap", "record_id": "297086963"}], "update_time": "2024-11-13", "version": 1, "confidence": 0.85, "bbox": {"xmin": -2.1659624, "ymin": 42.8951893, "xmax": -2.1657703, "ymax": 42.8953574}}}, {"type": "Feature", "geometry": {"type": "Polygon", "coordinates": [[[-2.1663828, 42.8951695], [-2.1663609, 42.8951117], [-2.1664567, 42.8950907], [-2.1664688, 42.8950874], [-2.1664892, 42.8951473], [-2.1663828, 42.8951695]]]}, "properties": {"id": "overture-205973994f7285e1", "osm_id": "297092152", "theme": "buildings", "type": "building", "subtype": "apartments", "class": "apartments", "names": null, "height": 1.103, "num_floors": 3, "sources": [{"dataset": "OpenStreetMap", "record_id": "297092152"}, {"dataset": "IGN_LIDAR_PNOA_3", "record_id": "lidar_297092152", "height_source": "lidar_dtm"}], "update_time": "2024-11-13", "version": 1, "confidence": 0.85, "bbox": {"xmin": -2.1664892, "ymin": 42.8950874, "xmax": -2.1663609, "ymax": 42.8951695}}}, {"type": "Feature", "geometry": {"type": "Polygon", "coordinates": [[[-2.1663609, 42.8951117], [-2.1663387, 42.8950496], [-2.1664345, 42.8950286], [-2.1664567, 42.8950907], [-2.1663609, 42.8951117]]]}, "properties": {"id": "overture-b323c115c17e1313", "osm_id": "297092153", "theme": "buildings", "type": "building", "subtype": "apartments", "class": "apartments", "names": null, "height": 6.4, "num_floors": 3, "sources": [{"dataset": "OpenStreetMap", "record_id": "297092153"}], "update_time": "2024-11-13", "version": 1, "confidence": 0.85, "bbox": {"xmin": -2.1664567, "ymin": 42.8950286, "xmax": -2.1663387, "ymax": 42.8951117}}}, {"type": "Feature", "geometry": {"type": "Polygon", "coordinates": [[[-2.1664721, 42.8949807], [-2.1664111, 42.8948794], [-2.1663425, 42.894766], [-2.1662236, 42.8948101], [-2.1662721, 42.8948791], [-2.1663136, 42.8949378], [-2.1663226, 42.8950213], [-2.1664721, 42.8949807]]]}, "properties": {"id": "overture-991dc0836ebb79c2", "osm_id": "297092154", "theme": "buildings", "type": "building", "subtype": "construction", "class": "construction", "names": null, "height": 13.098, "num_floors": 2, "sources": [{"dataset": "OpenStreetMap", "record_id": "297092154"}, {"dataset": "IGN_LIDAR_PNOA_3", "record_id": "lidar_297092154", "height_source": "lidar_dtm"}], "update_time": "2024-11-13", "version": 1, "confidence": 0.85, "bbox": {"xmin": -2.1664721, "ymin": 42.894766, "xmax": -2.1662236, "ymax": 42.8950213}}}, {"type": "Feature", "geometry": {"type": "Polygon", "coordinates": [[[-2.1663136, 42.8949378], [-2.1661793, 42.8949927], [-2.1662221, 42.8950559], [-2.1663226, 42.8950213], [-2.1663136, 42.8949378]]]}, "properties": {"id": "overture-0d88884a01c87c1a", "osm_id": "297092155", "theme": "buildings", "type": "building", "subtype": "apartments", "class": "apartments", "names": null, "height": 9.776, "num_floors": 2, "sources": [{"dataset": "OpenStreetMap", "record_id": "297092155"}, {"dataset": "IGN_LIDAR_PNOA_3", "record_id": "lidar_297092155", "height_source": "lidar_dtm"}], "update_time": "2024-11-13", "version": 1, "confidence": 0.85, "bbox": {"xmin": -2.1663226, "ymin": 42.8949378, "xmax": -2.1661793, "ymax": 42.8950559}}}, {"type": "Feature", "geometry": {"type": "Polygon", "coordinates": [[[-2.1662721, 42.8948791], [-2.1661351, 42.8949282], [-2.1661793, 42.8949927], [-2.1663136, 42.8949378], [-2.1662721, 42.8948791]]]}, "properties": {"id": "overture-c35ad327bf39f23f", "osm_id": "297092156", "theme": "buildings", "type": "building", "subtype": "apartments", "class": "apartments", "names": null, "height": 15.767, "num_floors": 2, "sources": [{"dataset": "OpenStreetMap", "record_id": "297092156"}, {"dataset": "IGN_LIDAR_PNOA_3", "record_id": "lidar_297092156", "height_source": "lidar_dtm"}], "update_time": "2024-11-13", "version": 1, "confidence": 0.85, "bbox": {"xmin": -2.1663136, "ymin": 42.8948791, "xmax": -2.1661351, "ymax": 42.8949927}}}, {"type": "Feature", "geometry": {"type": "Polygon", "coordinates": [[[-2.1661351, 42.8949282], [-2.1660893, 42.8948686], [-2.1662236, 42.8948101], [-2.1662721, 42.8948791], [-2.1661351, 42.8949282]]]}, "properties": {"id": "overture-07913b0f9fac4e60", "osm_id": "297092157", "theme": "buildings", "type": "building", "subtype": "house", "class": "house", "names": null, "height": 15.526, "num_floors": 2, "sources": [{"dataset": "OpenStreetMap", "record_id": "297092157"}, {"dataset": "IGN_LIDAR_PNOA_3", "record_id": "lidar_297092157", "height_source": "lidar_dtm"}], "update_time": "2024-11-13", "version": 1, "confidence": 0.85, "bbox": {"xmin": -2.1662721, "ymin": 42.8948101, "xmax": -2.1660893, "ymax": 42.8949282}}}, {"type": "Feature", "geometry": {"type": "Polygon", "coordinates": [[[-2.1659839, 42.8948185], [-2.1659489, 42.8947636], [-2.1657476, 42.8948626], [-2.1657842, 42.8949115], [-2.1659839, 42.8948185]]]}, "properties": {"id": "overture-2babbae23d5f4571", "osm_id": "297092158", "theme": "buildings", "type": "building", "subtype": "house", "class": "house", "names": null, "height": 4.155, "num_floors": 2, "sources": [{"dataset": "OpenStreetMap", "record_id": "297092158"}, {"dataset": "IGN_LIDAR_PNOA_3", "record_id": "lidar_297092158", "height_source": "lidar_dtm"}], "update_time": "2024-11-13", "version": 1, "confidence": 0.85, "bbox": {"xmin": -2.1659839, "ymin": 42.8947636, "xmax": -2.1657476, "ymax": 42.8949115}}}, {"type": "Feature", "geometry": {"type": "Polygon", "coordinates": [[[-2.1656183, 42.8952068], [-2.1654807, 42.894934], [-2.1653465, 42.8949754], [-2.165415, 42.895111], [-2.1654773, 42.8952347], [-2.1654841, 42.8952482], [-2.1656183, 42.8952068]]]}, "properties": {"id": "overture-e678ecf9bcbafc12", "osm_id": "297092162", "theme": "buildings", "type": "building", "subtype": "apartments", "class": "apartments", "names": null, "height": 5.516, "num_floors": 2, "sources": [{"dataset": "OpenStreetMap", "record_id": "297092162"}, {"dataset": "IGN_LIDAR_PNOA_3", "record_id": "lidar_297092162", "height_source": "lidar_dtm"}], "update_time": "2024-11-13", "version": 1, "confidence": 0.85, "bbox": {"xmin": -2.1656183, "ymin": 42.894934, "xmax": -2.1653465, "ymax": 42.8952482}}}, {"type": "Feature", "geometry": {"type": "Polygon", "coordinates": [[[-2.1653205, 42.8952986], [-2.1653137, 42.8952854], [-2.1652514, 42.8951658], [-2.1651785, 42.8950257], [-2.1650287, 42.8950733], [-2.1651707, 42.8953462], [-2.1653205, 42.8952986]]]}, "properties": {"id": "overture-5c7f987b962206bf", "osm_id": "297092163", "theme": "buildings", "type": "building", "subtype": "apartments", "class": "apartments", "names": null, "height": 6.4, "num_floors": 2, "sources": [{"dataset": "OpenStreetMap", "record_id": "297092163"}], "update_time": "2024-11-13", "version": 1, "confidence": 0.85, "bbox": {"xmin": -2.1653205, "ymin": 42.8950257, "xmax": -2.1650287, "ymax": 42.8953462}}}, {"type": "Feature", "geometry": {"type": "Polygon", "coordinates": [[[-2.1665329, 42.8953213], [-2.1664881, 42.8952502], [-2.166619, 42.8951997], [-2.1666639, 42.8952708], [-2.1665329, 42.8953213]]]}, "properties": {"id": "overture-36bbb79862554282", "osm_id": "297094485", "theme": "buildings", "type": "building", "subtype": "house", "class": "house", "names": null, "height": 6.086, "num_floors": 2, "sources": [{"dataset": "OpenStreetMap", "record_id": "297094485"}, {"dataset": "IGN_LIDAR_PNOA_3", "record_id": "lidar_297094485", "height_source": "lidar_dtm"}], "update_time": "2024-11-13", "version": 1, "confidence": 0.85, "bbox": {"xmin": -2.1666639, "ymin": 42.8951997, "xmax": -2.1664881, "ymax": 42.8953213}}}, {"type": "Feature", "geometry": {"type": "Polygon", "coordinates": [[[-2.1664881, 42.8952502], [-2.1664486, 42.8951905], [-2.1665799, 42.895136], [-2.166619, 42.8951997], [-2.1664881, 42.8952502]]]}, "properties": {"id": "overture-ebd4f8559b8175bb", "osm_id": "297094486", "theme": "buildings", "type": "building", "subtype": "house", "class": "house", "names": null, "height": 6.083, "num_floors": 2, "sources": [{"dataset": "OpenStreetMap", "record_id": "297094486"}, {"dataset": "IGN_LIDAR_PNOA_3", "record_id": "lidar_297094486", "height_source": "lidar_dtm"}], "update_time": "2024-11-13", "version": 1, "confidence": 0.85, "bbox": {"xmin": -2.166619, "ymin": 42.895136, "xmax": -2.1664486, "ymax": 42.8952502}}}, {"type": "Feature", "geometry": {"type": "Polygon", "coordinates": [[[-2.1666639, 42.8952708], [-2.1667845, 42.8952251], [-2.1666996, 42.8950901], [-2.1665799, 42.895136], [-2.1666639, 42.8952708]]]}, "properties": {"id": "overture-c3f48f8f8e2fabaf", "osm_id": "297094752", "theme": "buildings", "type": "building", "subtype": "house", "class": "house", "names": null, "height": 6.4, "num_floors": 2, "sources": [{"dataset": "OpenStreetMap", "record_id": "297094752"}], "update_time": "2024-11-13", "version": 1, "confidence": 0.85, "bbox": {"xmin": -2.1667845, "ymin": 42.8950901, "xmax": -2.1665799, "ymax": 42.8952708}}}, {"type": "Feature", "geometry": {"type": "Polygon", "coordinates": [[[-2.1666091, 42.8955703], [-2.1665429, 42.8954774], [-2.1664543, 42.8955159], [-2.1665206, 42.8956088], [-2.1666091, 42.8955703]]]}, "properties": {"id": "overture-5b18dcf002bb22e3", "osm_id": "297097880", "theme": "buildings", "type": "building", "subtype": "house", "class": "house", "names": null, "height": 2.252, "num_floors": 2, "sources": [{"dataset": "OpenStreetMap", "record_id": "297097880"}, {"dataset": "IGN_LIDAR_PNOA_3", "record_id": "lidar_297097880", "height_source": "lidar_dtm"}], "update_time": "2024-11-13", "version": 1, "confidence": 0.85, "bbox": {"xmin": -2.1666091, "ymin": 42.8954774, "xmax": -2.1664543, "ymax": 42.8956088}}}, {"type": "Feature", "geometry": {"type": "Polygon", "coordinates": [[[-2.1664543, 42.8955159], [-2.1663293, 42.8955684], [-2.1664184, 42.8956951], [-2.1664856, 42.895668], [-2.1665013, 42.8956617], [-2.1664737, 42.8956244], [-2.1665206, 42.8956088], [-2.1664543, 42.8955159]]]}, "properties": {"id": "overture-18989b0ae3dc348c", "osm_id": "297097881", "theme": "buildings", "type": "building", "subtype": "house", "class": "house", "names": null, "height": 2.075, "num_floors": 2, "sources": [{"dataset": "OpenStreetMap", "record_id": "297097881"}, {"dataset": "IGN_LIDAR_PNOA_3", "record_id": "lidar_297097881", "height_source": "lidar_dtm"}], "update_time": "2024-11-13", "version": 1, "confidence": 0.85, "bbox": {"xmin": -2.1665206, "ymin": 42.8955159, "xmax": -2.1663293, "ymax": 42.8956951}}}, {"type": "Feature", "geometry": {"type": "Polygon", "coordinates": [[[-2.1663293, 42.8955684], [-2.1661571, 42.895646], [-2.1661681, 42.8956594], [-2.1662651, 42.8957776], [-2.1663078, 42.895758], [-2.1662939, 42.8957393], [-2.166348, 42.8957118], [-2.1663594, 42.8957256], [-2.1664184, 42.8956951], [-2.1663293, 42.8955684]]]}, "properties": {"id": "overture-481285a2843d9f00", "osm_id": "297097882", "theme": "buildings", "type": "building", "subtype": "apartments", "class": "apartments", "names": null, "height": 6.339, "num_floors": 2, "sources": [{"dataset": "OpenStreetMap", "record_id": "297097882"}, {"dataset": "IGN_LIDAR_PNOA_3", "record_id": "lidar_297097882", "height_source": "lidar_dtm"}], "update_time": "2024-11-13", "version": 1, "confidence": 0.85, "bbox": {"xmin": -2.1664184, "ymin": 42.8955684, "xmax": -2.1661571, "ymax": 42.8957776}}}, {"type": "Feature", "geometry": {"type": "Polygon", "coordinates": [[[-2.1666027, 42.8959736], [-2.1664893, 42.8958493], [-2.1664489, 42.895805], [-2.1663399, 42.8958657], [-2.1664936, 42.8960344], [-2.1666027, 42.8959736]]]}, "properties": {"id": "overture-98e2274e1b6d3374", "osm_id": "297097886", "theme": "buildings", "type": "building", "subtype": "apartments", "class": "apartments", "names": null, "height": 12.62, "num_floors": 1, "sources": [{"dataset": "OpenStreetMap", "record_id": "297097886"}, {"dataset": "IGN_LIDAR_PNOA_3", "record_id": "lidar_297097886", "height_source": "lidar_dtm"}], "update_time": "2024-11-13", "version": 1, "confidence": 0.85, "bbox": {"xmin": -2.1666027, "ymin": 42.895805, "xmax": -2.1663399, "ymax": 42.8960344}}}, {"type": "Feature", "geometry": {"type": "Polygon", "coordinates": [[[-2.1664129, 42.8963376], [-2.1662377, 42.8963987], [-2.166232, 42.8963867], [-2.1661253, 42.8961604], [-2.1662834, 42.8961262], [-2.1663338, 42.8962085], [-2.1664031, 42.8963217], [-2.1664129, 42.8963376]]]}, "properties": {"id": "overture-decb56d9eda7d09e", "osm_id": "297097887", "theme": "buildings", "type": "building", "subtype": "apartments", "class": "apartments", "names": null, "height": 11.703, "num_floors": 3, "sources": [{"dataset": "OpenStreetMap", "record_id": "297097887"}, {"dataset": "IGN_LIDAR_PNOA_3", "record_id": "lidar_297097887", "height_source": "lidar_dtm"}], "update_time": "2024-11-13", "version": 1, "confidence": 0.85, "bbox": {"xmin": -2.1664129, "ymin": 42.8961262, "xmax": -2.1661253, "ymax": 42.8963987}}}, {"type": "Feature", "geometry": {"type": "Polygon", "coordinates": [[[-2.1659235, 42.8964657], [-2.1656473, 42.8964553], [-2.1656188, 42.8964389], [-2.1656036, 42.896418], [-2.165596, 42.8963897], [-2.165596, 42.8963704], [-2.1655996, 42.8963451], [-2.1656092, 42.8963108], [-2.1658262, 42.8962498], [-2.1659235, 42.8964657]]]}, "properties": {"id": "overture-81813cfa60eb7b6c", "osm_id": "297097888", "theme": "buildings", "type": "building", "subtype": "apartments", "class": "apartments", "names": null, "height": 10.385, "num_floors": 3, "sources": [{"dataset": "OpenStreetMap", "record_id": "297097888"}, {"dataset": "IGN_LIDAR_PNOA_3", "record_id": "lidar_297097888", "height_source": "lidar_dtm"}], "update_time": "2024-11-13", "version": 1, "confidence": 0.85, "bbox": {"xmin": -2.1659235, "ymin": 42.8962498, "xmax": -2.165596, "ymax": 42.8964657}}}, {"type": "Feature", "geometry": {"type": "Polygon", "coordinates": [[[-2.166232, 42.8963867], [-2.1659235, 42.8964657], [-2.1658262, 42.8962498], [-2.1661253, 42.8961604], [-2.166232, 42.8963867]]]}, "properties": {"id": "overture-2414d5f784161feb", "osm_id": "297097889", "theme": "buildings", "type": "building", "subtype": "apartments", "class": "apartments", "names": null, "height": 10.176, "num_floors": 3, "sources": [{"dataset": "OpenStreetMap", "record_id": "297097889"}, {"dataset": "IGN_LIDAR_PNOA_3", "record_id": "lidar_297097889", "height_source": "lidar_dtm"}], "update_time": "2024-11-13", "version": 1, "confidence": 0.85, "bbox": {"xmin": -2.166232, "ymin": 42.8961604, "xmax": -2.1658262, "ymax": 42.8964657}}}, {"type": "Feature", "geometry": {"type": "Polygon", "coordinates": [[[-2.166652, 42.8956261], [-2.1666091, 42.8955703], [-2.1665206, 42.8956088], [-2.1664737, 42.8956244], [-2.1665013, 42.8956617], [-2.1664856, 42.895668], [-2.1665131, 42.895712], [-2.1665711, 42.8956941], [-2.1665604, 42.8956691], [-2.166652, 42.8956261]]]}, "properties": {"id": "overture-eff1f91f2fe69df4", "osm_id": "297100824", "theme": "buildings", "type": "building", "subtype": "house", "class": "house", "names": null, "height": 14.163, "num_floors": 2, "sources": [{"dataset": "OpenStreetMap", "record_id": "297100824"}, {"dataset": "IGN_LIDAR_PNOA_3", "record_id": "lidar_297100824", "height_source": "lidar_dtm"}], "update_time": "2024-11-13", "version": 1, "confidence": 0.85, "bbox": {"xmin": -2.166652, "ymin": 42.8955703, "xmax": -2.1664737, "ymax": 42.895712}}}, {"type": "Feature", "geometry": {"type": "Polygon", "coordinates": [[[-2.166652, 42.8956261], [-2.1667068, 42.8956965], [-2.1665161, 42.8957824], [-2.1664689, 42.8957287], [-2.1665711, 42.8956941], [-2.1665604, 42.8956691], [-2.166652, 42.8956261]]]}, "properties": {"id": "overture-a2fcf58b576b9b63", "osm_id": "297100827", "theme": "buildings", "type": "building", "subtype": "apartments", "class": "apartments", "names": null, "height": 14.954, "num_floors": 2, "sources": [{"dataset": "OpenStreetMap", "record_id": "297100827"}, {"dataset": "IGN_LIDAR_PNOA_3", "record_id": "lidar_297100827", "height_source": "lidar_dtm"}], "update_time": "2024-11-13", "version": 1, "confidence": 0.85, "bbox": {"xmin": -2.1667068, "ymin": 42.8956261, "xmax": -2.1664689, "ymax": 42.8957824}}}, {"type": "Feature", "geometry": {"type": "Polygon", "coordinates": [[[-2.1667068, 42.8956965], [-2.1667435, 42.8957514], [-2.1665573, 42.8958337], [-2.1665484, 42.8958226], [-2.1665161, 42.8957824], [-2.1667068, 42.8956965]]]}, "properties": {"id": "overture-5acdb6b61694c2ef", "osm_id": "297100829", "theme": "buildings", "type": "building", "subtype": "apartments", "class": "apartments", "names": null, "height": 15.666, "num_floors": 2, "sources": [{"dataset": "OpenStreetMap", "record_id": "297100829"}, {"dataset": "IGN_LIDAR_PNOA_3", "record_id": "lidar_297100829", "height_source": "lidar_dtm"}], "update_time": "2024-11-13", "version": 1, "confidence": 0.85, "bbox": {"xmin": -2.1667435, "ymin": 42.8956965, "xmax": -2.1665161, "ymax": 42.8958337}}}, {"type": "Feature", "geometry": {"type": "Polygon", "coordinates": [[[-2.1667509, 42.8957733], [-2.1666556, 42.8958059], [-2.1666935, 42.8958717], [-2.16679, 42.895843], [-2.1667509, 42.8957733]]]}, "properties": {"id": "overture-b72a4165473d2d7b", "osm_id": "297100832", "theme": "buildings", "type": "building", "subtype": "apartments", "class": "apartments", "names": null, "height": 12.04, "num_floors": 2, "sources": [{"dataset": "OpenStreetMap", "record_id": "297100832"}, {"dataset": "IGN_LIDAR_PNOA_3", "record_id": "lidar_297100832", "height_source": "lidar_dtm"}], "update_time": "2024-11-13", "version": 1, "confidence": 0.85, "bbox": {"xmin": -2.16679, "ymin": 42.8957733, "xmax": -2.1666556, "ymax": 42.8958717}}}, {"type": "Feature", "geometry": {"type": "Polygon", "coordinates": [[[-2.16679, 42.895843], [-2.1666935, 42.8958717], [-2.1666092, 42.8958981], [-2.166652, 42.8959828], [-2.166803, 42.8959267], [-2.1668198, 42.8958826], [-2.16679, 42.895843]]]}, "properties": {"id": "overture-13298305e00013a3", "osm_id": "297100834", "theme": "buildings", "type": "building", "subtype": "apartments", "class": "apartments", "names": null, "height": 16.351, "num_floors": 3, "sources": [{"dataset": "OpenStreetMap", "record_id": "297100834"}, {"dataset": "IGN_LIDAR_PNOA_3", "record_id": "lidar_297100834", "height_source": "lidar_dtm"}], "update_time": "2024-11-13", "version": 1, "confidence": 0.85, "bbox": {"xmin": -2.1668198, "ymin": 42.895843, "xmax": -2.1666092, "ymax": 42.8959828}}}, {"type": "Feature", "geometry": {"type": "Polygon", "coordinates": [[[-2.1668579, 42.8961617], [-2.1667938, 42.8960114], [-2.1666871, 42.8960413], [-2.1667516, 42.8961803], [-2.1667556, 42.8961892], [-2.1668579, 42.8961617]]]}, "properties": {"id": "overture-9e1e404acf42eca2", "osm_id": "297100837", "theme": "buildings", "type": "building", "subtype": "apartments", "class": "apartments", "names": null, "height": 12.634, "num_floors": 2, "sources": [{"dataset": "OpenStreetMap", "record_id": "297100837"}, {"dataset": "IGN_LIDAR_PNOA_3", "record_id": "lidar_297100837", "height_source": "lidar_dtm"}], "update_time": "2024-11-13", "version": 1, "confidence": 0.85, "bbox": {"xmin": -2.1668579, "ymin": 42.8960114, "xmax": -2.1666871, "ymax": 42.8961892}}}, {"type": "Feature", "geometry": {"type": "Polygon", "coordinates": [[[-2.1666871, 42.8960413], [-2.166568, 42.8960687], [-2.166658, 42.8962083], [-2.1667516, 42.8961803], [-2.1666871, 42.8960413]]]}, "properties": {"id": "overture-256ade1320bf4422", "osm_id": "297100840", "theme": "buildings", "type": "building", "subtype": "house", "class": "house", "names": null, "height": 8.353, "num_floors": 3, "sources": [{"dataset": "OpenStreetMap", "record_id": "297100840"}, {"dataset": "IGN_LIDAR_PNOA_3", "record_id": "lidar_297100840", "height_source": "lidar_dtm"}], "update_time": "2024-11-13", "version": 1, "confidence": 0.85, "bbox": {"xmin": -2.1667516, "ymin": 42.8960413, "xmax": -2.166568, "ymax": 42.8962083}}}, {"type": "Feature", "geometry": {"type": "Polygon", "coordinates": [[[-2.166568, 42.8960687], [-2.1664796, 42.8960973], [-2.1665062, 42.8961496], [-2.1665543, 42.8962441], [-2.1666611, 42.8962154], [-2.166658, 42.8962083], [-2.166568, 42.8960687]]]}, "properties": {"id": "overture-89247aae4d47729f", "osm_id": "297100842", "theme": "buildings", "type": "building", "subtype": "apartments", "class": "apartments", "names": null, "height": 7.101, "num_floors": 2, "sources": [{"dataset": "OpenStreetMap", "record_id": "297100842"}, {"dataset": "IGN_LIDAR_PNOA_3", "record_id": "lidar_297100842", "height_source": "lidar_dtm"}], "update_time": "2024-11-13", "version": 1, "confidence": 0.85, "bbox": {"xmin": -2.1666611, "ymin": 42.8960687, "xmax": -2.1664796, "ymax": 42.8962441}}}, {"type": "Feature", "geometry": {"type": "Polygon", "coordinates": [[[-2.1665062, 42.8961496], [-2.1663338, 42.8962085], [-2.1664031, 42.8963217], [-2.1665692, 42.896267], [-2.1665543, 42.8962441], [-2.1665062, 42.8961496]]]}, "properties": {"id": "overture-52721787a4200e55", "osm_id": "297100843", "theme": "buildings", "type": "building", "subtype": "house", "class": "house", "names": null, "height": 11.778, "num_floors": 2, "sources": [{"dataset": "OpenStreetMap", "record_id": "297100843"}, {"dataset": "IGN_LIDAR_PNOA_3", "record_id": "lidar_297100843", "height_source": "lidar_dtm"}], "update_time": "2024-11-13", "version": 1, "confidence": 0.85, "bbox": {"xmin": -2.1665692, "ymin": 42.8961496, "xmax": -2.1663338, "ymax": 42.8963217}}}, {"type": "Feature", "geometry": {"type": "Polygon", "coordinates": [[[-2.1669239, 42.8960555], [-2.1670835, 42.895991], [-2.1670358, 42.8959187], [-2.1668761, 42.8959832], [-2.1669239, 42.8960555]]]}, "properties": {"id": "overture-ad4d9366fddf09bf", "osm_id": "297100855", "theme": "buildings", "type": "building", "subtype": "apartments", "class": "apartments", "names": null, "height": 7.548, "num_floors": 3, "sources": [{"dataset": "OpenStreetMap", "record_id": "297100855"}, {"dataset": "IGN_LIDAR_PNOA_3", "record_id": "lidar_297100855", "height_source": "lidar_dtm"}], "update_time": "2024-11-13", "version": 1, "confidence": 0.85, "bbox": {"xmin": -2.1670835, "ymin": 42.8959187, "xmax": -2.1668761, "ymax": 42.8960555}}}, {"type": "Feature", "geometry": {"type": "Polygon", "coordinates": [[[-2.1670547, 42.8958397], [-2.1669083, 42.8958874], [-2.1668604, 42.8958061], [-2.1670244, 42.8957593], [-2.1670547, 42.8958397]]]}, "properties": {"id": "overture-e14031bbb091794f", "osm_id": "297100858", "theme": "buildings", "type": "building", "subtype": "house", "class": "house", "names": null, "height": 7.524, "num_floors": 2, "sources": [{"dataset": "OpenStreetMap", "record_id": "297100858"}, {"dataset": "IGN_LIDAR_PNOA_3", "record_id": "lidar_297100858", "height_source": "lidar_dtm"}], "update_time": "2024-11-13", "version": 1, "confidence": 0.85, "bbox": {"xmin": -2.1670547, "ymin": 42.8957593, "xmax": -2.1668604, "ymax": 42.8958874}}}, {"type": "Feature", "geometry": {"type": "Polygon", "coordinates": [[[-2.1668604, 42.8958061], [-2.1668378, 42.8957579], [-2.167002, 42.8957111], [-2.1670244, 42.8957593], [-2.1668604, 42.8958061]]]}, "properties": {"id": "overture-07d6b809a86cc1bd", "osm_id": "297100861", "theme": "buildings", "type": "building", "subtype": "apartments", "class": "apartments", "names": null, "height": 4.723, "num_floors": 2, "sources": [{"dataset": "OpenStreetMap", "record_id": "297100861"}, {"dataset": "IGN_LIDAR_PNOA_3", "record_id": "lidar_297100861", "height_source": "lidar_dtm"}], "update_time": "2024-11-13", "version": 1, "confidence": 0.85, "bbox": {"xmin": -2.1670244, "ymin": 42.8957111, "xmax": -2.1668378, "ymax": 42.8958061}}}, {"type": "Feature", "geometry": {"type": "Polygon", "coordinates": [[[-2.167002, 42.8957111], [-2.1669775, 42.8956414], [-2.1669485, 42.8956462], [-2.1668036, 42.895682], [-2.1668378, 42.8957579], [-2.167002, 42.8957111]]]}, "properties": {"id": "overture-c79e0d9a517bad15", "osm_id": "297100864", "theme": "buildings", "type": "building", "subtype": "apartments", "class": "apartments", "names": null, "height": 7.092, "num_floors": 2, "sources": [{"dataset": "OpenStreetMap", "record_id": "297100864"}, {"dataset": "IGN_LIDAR_PNOA_3", "record_id": "lidar_297100864", "height_source": "lidar_dtm"}], "update_time": "2024-11-13", "version": 1, "confidence": 0.85, "bbox": {"xmin": -2.167002, "ymin": 42.8956414, "xmax": -2.1668036, "ymax": 42.8957579}}}, {"type": "Feature", "geometry": {"type": "Polygon", "coordinates": [[[-2.1669485, 42.8956462], [-2.1669305, 42.8955942], [-2.1669083, 42.8955415], [-2.1668914, 42.8955014], [-2.1669813, 42.8954835], [-2.1670163, 42.8956112], [-2.1669919, 42.8956171], [-2.1669966, 42.8956374], [-2.1669485, 42.8956462]]]}, "properties": {"id": "overture-f34a69adaaa191e5", "osm_id": "297102366", "theme": "buildings", "type": "building", "subtype": "house", "class": "house", "names": null, "height": 5.82, "num_floors": 2, "sources": [{"dataset": "OpenStreetMap", "record_id": "297102366"}, {"dataset": "IGN_LIDAR_PNOA_3", "record_id": "lidar_297102366", "height_source": "lidar_dtm"}], "update_time": "2024-11-13", "version": 1, "confidence": 0.85, "bbox": {"xmin": -2.1670163, "ymin": 42.8954835, "xmax": -2.1668914, "ymax": 42.8956462}}}, {"type": "Feature", "geometry": {"type": "Polygon", "coordinates": [[[-2.1667656, 42.8953796], [-2.1667923, 42.8954555], [-2.1668532, 42.8954454], [-2.1668623, 42.8955002], [-2.1668914, 42.8955014], [-2.1669813, 42.8954835], [-2.1669341, 42.8953869], [-2.1668013, 42.8953726], [-2.1667656, 42.8953796]]]}, "properties": {"id": "overture-9e327011f616091d", "osm_id": "297102367", "theme": "buildings", "type": "building", "subtype": "house", "class": "house", "names": null, "height": 2.496, "num_floors": 2, "sources": [{"dataset": "OpenStreetMap", "record_id": "297102367"}, {"dataset": "IGN_LIDAR_PNOA_3", "record_id": "lidar_297102367", "height_source": "lidar_dtm"}], "update_time": "2024-11-13", "version": 1, "confidence": 0.85, "bbox": {"xmin": -2.1669813, "ymin": 42.8953726, "xmax": -2.1667656, "ymax": 42.8955014}}}, {"type": "Feature", "geometry": {"type": "Polygon", "coordinates": [[[-2.1667923, 42.8954555], [-2.1667207, 42.8954709], [-2.166694, 42.895395], [-2.1667656, 42.8953796], [-2.1667923, 42.8954555]]]}, "properties": {"id": "overture-8e5170a40d99f7e2", "osm_id": "297102368", "theme": "buildings", "type": "building", "subtype": "house", "class": "house", "names": null, "height": 8.606, "num_floors": 2, "sources": [{"dataset": "OpenStreetMap", "record_id": "297102368"}, {"dataset": "IGN_LIDAR_PNOA_3", "record_id": "lidar_297102368", "height_source": "lidar_dtm"}], "update_time": "2024-11-13", "version": 1, "confidence": 0.85, "bbox": {"xmin": -2.1667923, "ymin": 42.8953796, "xmax": -2.166694, "ymax": 42.8954709}}}, {"type": "Feature", "geometry": {"type": "Polygon", "coordinates": [[[-2.1668623, 42.8955002], [-2.1667464, 42.8955217], [-2.1667207, 42.8954709], [-2.1667923, 42.8954555], [-2.1668532, 42.8954454], [-2.1668623, 42.8955002]]]}, "properties": {"id": "overture-7e47d2ad530d6669", "osm_id": "297102369", "theme": "buildings", "type": "building", "subtype": "house", "class": "house", "names": null, "height": 2.843, "num_floors": 2, "sources": [{"dataset": "OpenStreetMap", "record_id": "297102369"}, {"dataset": "IGN_LIDAR_PNOA_3", "record_id": "lidar_297102369", "height_source": "lidar_dtm"}], "update_time": "2024-11-13", "version": 1, "confidence": 0.85, "bbox": {"xmin": -2.1668623, "ymin": 42.8954454, "xmax": -2.1667207, "ymax": 42.8955217}}}, {"type": "Feature", "geometry": {"type": "Polygon", "coordinates": [[[-2.1668102, 42.8956757], [-2.1667921, 42.8956237], [-2.1669305, 42.8955942], [-2.1669485, 42.8956462], [-2.1668102, 42.8956757]]]}, "properties": {"id": "overture-2a592f13bf8c5781", "osm_id": "297102370", "theme": "buildings", "type": "building", "subtype": "house", "class": "house", "names": null, "height": 0.71, "num_floors": 2, "sources": [{"dataset": "OpenStreetMap", "record_id": "297102370"}, {"dataset": "IGN_LIDAR_PNOA_3", "record_id": "lidar_297102370", "height_source": "lidar_dtm"}], "update_time": "2024-11-13", "version": 1, "confidence": 0.85, "bbox": {"xmin": -2.1669485, "ymin": 42.8955942, "xmax": -2.1667921, "ymax": 42.8956757}}}, {"type": "Feature", "geometry": {"type": "Polygon", "coordinates": [[[-2.1669083, 42.8955415], [-2.1669036, 42.8955423], [-2.1667616, 42.8955658], [-2.1667921, 42.8956237], [-2.1669305, 42.8955942], [-2.1669083, 42.8955415]]]}, "properties": {"id": "overture-3445dfdaf1a7353f", "osm_id": "297102371", "theme": "buildings", "type": "building", "subtype": "house", "class": "house", "names": null, "height": 3.712, "num_floors": 2, "sources": [{"dataset": "OpenStreetMap", "record_id": "297102371"}, {"dataset": "IGN_LIDAR_PNOA_3", "record_id": "lidar_297102371", "height_source": "lidar_dtm"}], "update_time": "2024-11-13", "version": 1, "confidence": 0.85, "bbox": {"xmin": -2.1669305, "ymin": 42.8955415, "xmax": -2.1667616, "ymax": 42.8956237}}}, {"type": "Feature", "geometry": {"type": "Polygon", "coordinates": [[[-2.1668914, 42.8955014], [-2.1668623, 42.8955002], [-2.1667464, 42.8955217], [-2.1667616, 42.8955658], [-2.1669036, 42.8955423], [-2.1668914, 42.8955014]]]}, "properties": {"id": "overture-059aef83c9436c0d", "osm_id": "297102372", "theme": "buildings", "type": "building", "subtype": "house", "class": "house", "names": null, "height": 3.833, "num_floors": 2, "sources": [{"dataset": "OpenStreetMap", "record_id": "297102372"}, {"dataset": "IGN_LIDAR_PNOA_3", "record_id": "lidar_297102372", "height_source": "lidar_dtm"}], "update_time": "2024-11-13", "version": 1, "confidence": 0.85, "bbox": {"xmin": -2.1669036, "ymin": 42.8955002, "xmax": -2.1667464, "ymax": 42.8955658}}}, {"type": "Feature", "geometry": {"type": "Polygon", "coordinates": [[[-2.1671554, 42.895619], [-2.1670567, 42.8956354], [-2.1670233, 42.8955218], [-2.1670658, 42.895512], [-2.1671121, 42.8955016], [-2.1671554, 42.895619]]]}, "properties": {"id": "overture-51b9c6fa87a0e080", "osm_id": "297102373", "theme": "buildings", "type": "building", "subtype": "house", "class": "house", "names": null, "height": 2.99, "num_floors": 2, "sources": [{"dataset": "OpenStreetMap", "record_id": "297102373"}, {"dataset": "IGN_LIDAR_PNOA_3", "record_id": "lidar_297102373", "height_source": "lidar_dtm"}], "update_time": "2024-11-13", "version": 1, "confidence": 0.85, "bbox": {"xmin": -2.1671554, "ymin": 42.8955016, "xmax": -2.1670233, "ymax": 42.8956354}}}, {"type": "Feature", "geometry": {"type": "Polygon", "coordinates": [[[-2.1680328, 42.8955757], [-2.1679103, 42.8956058], [-2.1679217, 42.8956341], [-2.1678018, 42.8956636], [-2.1678341, 42.8957441], [-2.1678661, 42.8957447], [-2.1678655, 42.8957302], [-2.1678731, 42.8957147], [-2.1679471, 42.8956965], [-2.1679337, 42.8956633], [-2.1680561, 42.8956333], [-2.1680328, 42.8955757]]]}, "properties": {"id": "overture-751a113ca8c35e5d", "osm_id": "297102376", "theme": "buildings", "type": "building", "subtype": "house", "class": "house", "names": null, "height": 11.072, "num_floors": 2, "sources": [{"dataset": "OpenStreetMap", "record_id": "297102376"}, {"dataset": "IGN_LIDAR_PNOA_3", "record_id": "lidar_297102376", "height_source": "lidar_dtm"}], "update_time": "2024-11-13", "version": 1, "confidence": 0.85, "bbox": {"xmin": -2.1680561, "ymin": 42.8955757, "xmax": -2.1678018, "ymax": 42.8957447}}}, {"type": "Feature", "geometry": {"type": "Polygon", "coordinates": [[[-2.1678349, 42.8956016], [-2.1677613, 42.8954825], [-2.1677433, 42.8954894], [-2.1676171, 42.895537], [-2.1676907, 42.895656], [-2.1678349, 42.8956016]]]}, "properties": {"id": "overture-3b6e09c97f729ad9", "osm_id": "297102377", "theme": "buildings", "type": "building", "subtype": "house", "class": "house", "names": null, "height": 5.064, "num_floors": 3, "sources": [{"dataset": "OpenStreetMap", "record_id": "297102377"}, {"dataset": "IGN_LIDAR_PNOA_3", "record_id": "lidar_297102377", "height_source": "lidar_dtm"}], "update_time": "2024-11-13", "version": 1, "confidence": 0.85, "bbox": {"xmin": -2.1678349, "ymin": 42.8954825, "xmax": -2.1676171, "ymax": 42.895656}}}, {"type": "Feature", "geometry": {"type": "Polygon", "coordinates": [[[-2.1673834, 42.8953169], [-2.1673515, 42.8952385], [-2.1673792, 42.8952229], [-2.1673609, 42.8951955], [-2.1673577, 42.8951964], [-2.1672111, 42.8952457], [-2.1672568, 42.8953566], [-2.1673834, 42.8953169]]]}, "properties": {"id": "overture-d7be652a060d6a78", "osm_id": "297103561", "theme": "buildings", "type": "building", "subtype": "apartments", "class": "apartments", "names": null, "height": 7.496, "num_floors": 7, "sources": [{"dataset": "OpenStreetMap", "record_id": "297103561"}, {"dataset": "IGN_LIDAR_PNOA_3", "record_id": "lidar_297103561", "height_source": "lidar_dtm"}], "update_time": "2024-11-13", "version": 1, "confidence": 0.85, "bbox": {"xmin": -2.1673834, "ymin": 42.8951955, "xmax": -2.1672111, "ymax": 42.8953566}}}, {"type": "Feature", "geometry": {"type": "Polygon", "coordinates": [[[-2.1680427, 42.8951895], [-2.1680213, 42.8951287], [-2.1679853, 42.8950259], [-2.1678262, 42.8950575], [-2.1678778, 42.8952097], [-2.1678896, 42.8952246], [-2.1680427, 42.8951895]]]}, "properties": {"id": "overture-304b5c86cd46b227", "osm_id": "297103608", "theme": "buildings", "type": "building", "subtype": "public", "class": "public", "names": {"primary": "Gure Etxea"}, "height": 2.868, "num_floors": 2, "sources": [{"dataset": "OpenStreetMap", "record_id": "297103608"}, {"dataset": "IGN_LIDAR_PNOA_3", "record_id": "lidar_297103608", "height_source": "lidar_dtm"}], "update_time": "2024-11-13", "version": 1, "confidence": 0.85, "bbox": {"xmin": -2.1680427, "ymin": 42.8950259, "xmax": -2.1678262, "ymax": 42.8952246}}}, {"type": "Feature", "geometry": {"type": "Polygon", "coordinates": [[[-2.1686642, 42.8944559], [-2.1685809, 42.8944761], [-2.1686017, 42.8945238], [-2.1686059, 42.8945355], [-2.1686337, 42.8946005], [-2.16873, 42.8945765], [-2.1686642, 42.8944559]]]}, "properties": {"id": "overture-35ea340edb7f9e2a", "osm_id": "297107848", "theme": "buildings", "type": "building", "subtype": "apartments", "class": "apartments", "names": null, "height": 6.4, "num_floors": 2, "sources": [{"dataset": "OpenStreetMap", "record_id": "297107848"}], "update_time": "2024-11-13", "version": 1, "confidence": 0.85, "bbox": {"xmin": -2.16873, "ymin": 42.8944559, "xmax": -2.1685809, "ymax": 42.8946005}}}, {"type": "Feature", "geometry": {"type": "Polygon", "coordinates": [[[-2.1654101, 42.9053842], [-2.1653738, 42.9052359], [-2.1651767, 42.9052654], [-2.1651707, 42.9052411], [-2.165191, 42.9052381], [-2.1651752, 42.9051731], [-2.1652013, 42.9051692], [-2.165226, 42.9051655], [-2.1652455, 42.9051626], [-2.1651842, 42.904912], [-2.1648954, 42.9049552], [-2.1648581, 42.9048025], [-2.1647377, 42.9048205], [-2.1648239, 42.9051731], [-2.1648723, 42.9051659], [-2.164943, 42.905454], [-2.1654101, 42.9053842]]]}, "properties": {"id": "overture-ca4be3885bc1aa80", "osm_id": "297113463", "theme": "buildings", "type": "building", "subtype": "school", "class": "school", "names": null, "height": 6.4, "num_floors": 2, "sources": [{"dataset": "OpenStreetMap", "record_id": "297113463"}], "update_time": "2024-11-13", "version": 1, "confidence": 0.85, "bbox": {"xmin": -2.1654101, "ymin": 42.9048025, "xmax": -2.1647377, "ymax": 42.905454}}}, {"type": "Feature", "geometry": {"type": "Polygon", "coordinates": [[[-2.1677433, 42.8954894], [-2.1676725, 42.8953755], [-2.1676611, 42.8953775], [-2.1675344, 42.8954281], [-2.167602, 42.895541], [-2.1676171, 42.895537], [-2.1677433, 42.8954894]]]}, "properties": {"id": "overture-901daac7d0c7ce2d", "osm_id": "297139662", "theme": "buildings", "type": "building", "subtype": "house", "class": "house", "names": null, "height": 4.526, "num_floors": 2, "sources": [{"dataset": "OpenStreetMap", "record_id": "297139662"}, {"dataset": "IGN_LIDAR_PNOA_3", "record_id": "lidar_297139662", "height_source": "lidar_dtm"}], "update_time": "2024-11-13", "version": 1, "confidence": 0.85, "bbox": {"xmin": -2.1677433, "ymin": 42.8953755, "xmax": -2.1675344, "ymax": 42.895541}}}, {"type": "Feature", "geometry": {"type": "Polygon", "coordinates": [[[-2.1675344, 42.8954281], [-2.1674927, 42.8953632], [-2.1676192, 42.8953132], [-2.1676611, 42.8953775], [-2.1675344, 42.8954281]]]}, "properties": {"id": "overture-8f1a2701df844416", "osm_id": "297139663", "theme": "buildings", "type": "building", "subtype": "house", "class": "house", "names": null, "height": 3.205, "num_floors": 2, "sources": [{"dataset": "OpenStreetMap", "record_id": "297139663"}, {"dataset": "IGN_LIDAR_PNOA_3", "record_id": "lidar_297139663", "height_source": "lidar_dtm"}], "update_time": "2024-11-13", "version": 1, "confidence": 0.85, "bbox": {"xmin": -2.1676611, "ymin": 42.8953132, "xmax": -2.1674927, "ymax": 42.8954281}}}, {"type": "Feature", "geometry": {"type": "Polygon", "coordinates": [[[-2.1674927, 42.8953632], [-2.1674539, 42.8953777], [-2.167422, 42.8953896], [-2.167464, 42.8954585], [-2.1674882, 42.8954493], [-2.167555, 42.8955579], [-2.1675901, 42.8955453], [-2.167602, 42.895541], [-2.1674927, 42.8953632]]]}, "properties": {"id": "overture-8266fd446c33b47b", "osm_id": "297142263", "theme": "buildings", "type": "building", "subtype": "apartments", "class": "apartments", "names": null, "height": 9.383, "num_floors": 2, "sources": [{"dataset": "OpenStreetMap", "record_id": "297142263"}, {"dataset": "IGN_LIDAR_PNOA_3", "record_id": "lidar_297142263", "height_source": "lidar_dtm"}], "update_time": "2024-11-13", "version": 1, "confidence": 0.85, "bbox": {"xmin": -2.167602, "ymin": 42.8953632, "xmax": -2.167422, "ymax": 42.8955579}}}, {"type": "Feature", "geometry": {"type": "Polygon", "coordinates": [[[-2.167555, 42.8955579], [-2.1674992, 42.8955788], [-2.167433, 42.8954692], [-2.167464, 42.8954585], [-2.1674882, 42.8954493], [-2.167555, 42.8955579]]]}, "properties": {"id": "overture-a682c22c1de2815a", "osm_id": "297142264", "theme": "buildings", "type": "building", "subtype": "house", "class": "house", "names": null, "height": 9.722, "num_floors": 2, "sources": [{"dataset": "OpenStreetMap", "record_id": "297142264"}, {"dataset": "IGN_LIDAR_PNOA_3", "record_id": "lidar_297142264", "height_source": "lidar_dtm"}], "update_time": "2024-11-13", "version": 1, "confidence": 0.85, "bbox": {"xmin": -2.167555, "ymin": 42.8954493, "xmax": -2.167433, "ymax": 42.8955788}}}, {"type": "Feature", "geometry": {"type": "Polygon", "coordinates": [[[-2.167433, 42.8954692], [-2.1673293, 42.895506], [-2.1673993, 42.8956254], [-2.167504, 42.8955867], [-2.1674992, 42.8955788], [-2.167433, 42.8954692]]]}, "properties": {"id": "overture-4c1f0eddbc9700ae", "osm_id": "297142265", "theme": "buildings", "type": "building", "subtype": "house", "class": "house", "names": null, "height": 10.841, "num_floors": 2, "sources": [{"dataset": "OpenStreetMap", "record_id": "297142265"}, {"dataset": "IGN_LIDAR_PNOA_3", "record_id": "lidar_297142265", "height_source": "lidar_dtm"}], "update_time": "2024-11-13", "version": 1, "confidence": 0.85, "bbox": {"xmin": -2.167504, "ymin": 42.8954692, "xmax": -2.1673293, "ymax": 42.8956254}}}, {"type": "Feature", "geometry": {"type": "Polygon", "coordinates": [[[-2.1673993, 42.8956254], [-2.1674074, 42.8956393], [-2.1673288, 42.8956674], [-2.1672507, 42.8955341], [-2.1673293, 42.895506], [-2.1673993, 42.8956254]]]}, "properties": {"id": "overture-140d6fcc131ded38", "osm_id": "297142266", "theme": "buildings", "type": "building", "subtype": "apartments", "class": "apartments", "names": null, "height": 7.969, "num_floors": 2, "sources": [{"dataset": "OpenStreetMap", "record_id": "297142266"}, {"dataset": "IGN_LIDAR_PNOA_3", "record_id": "lidar_297142266", "height_source": "lidar_dtm"}], "update_time": "2024-11-13", "version": 1, "confidence": 0.85, "bbox": {"xmin": -2.1674074, "ymin": 42.895506, "xmax": -2.1672507, "ymax": 42.8956674}}}, {"type": "Feature", "geometry": {"type": "Polygon", "coordinates": [[[-2.1671554, 42.895619], [-2.1671708, 42.8956754], [-2.1672539, 42.8956583], [-2.1672626, 42.8956565], [-2.1672037, 42.8954827], [-2.1671121, 42.8955016], [-2.1671554, 42.895619]]]}, "properties": {"id": "overture-94558a91deffb96f", "osm_id": "297142267", "theme": "buildings", "type": "building", "subtype": "apartments", "class": "apartments", "names": null, "height": 7.099, "num_floors": 2, "sources": [{"dataset": "OpenStreetMap", "record_id": "297142267"}, {"dataset": "IGN_LIDAR_PNOA_3", "record_id": "lidar_297142267", "height_source": "lidar_dtm"}], "update_time": "2024-11-13", "version": 1, "confidence": 0.85, "bbox": {"xmin": -2.1672626, "ymin": 42.8954827, "xmax": -2.1671121, "ymax": 42.8956754}}}, {"type": "Feature", "geometry": {"type": "Polygon", "coordinates": [[[-2.1670664, 42.8953512], [-2.1669653, 42.8953678], [-2.1669061, 42.8953562], [-2.1668829, 42.895307], [-2.1670459, 42.8952751], [-2.1670664, 42.8953512]]]}, "properties": {"id": "overture-9357621590877dbb", "osm_id": "297142268", "theme": "buildings", "type": "building", "subtype": "apartments", "class": "apartments", "names": null, "height": 2.033, "num_floors": 2, "sources": [{"dataset": "OpenStreetMap", "record_id": "297142268"}, {"dataset": "IGN_LIDAR_PNOA_3", "record_id": "lidar_297142268", "height_source": "lidar_dtm"}], "update_time": "2024-11-13", "version": 1, "confidence": 0.85, "bbox": {"xmin": -2.1670664, "ymin": 42.8952751, "xmax": -2.1668829, "ymax": 42.8953678}}}, {"type": "Feature", "geometry": {"type": "Polygon", "coordinates": [[[-2.1670459, 42.8952751], [-2.1670311, 42.8952259], [-2.1668644, 42.8952563], [-2.1668829, 42.895307], [-2.1670459, 42.8952751]]]}, "properties": {"id": "overture-156765d0dca71cd6", "osm_id": "297142269", "theme": "buildings", "type": "building", "subtype": "apartments", "class": "apartments", "names": null, "height": 6.4, "num_floors": 2, "sources": [{"dataset": "OpenStreetMap", "record_id": "297142269"}], "update_time": "2024-11-13", "version": 1, "confidence": 0.85, "bbox": {"xmin": -2.1670459, "ymin": 42.8952259, "xmax": -2.1668644, "ymax": 42.895307}}}, {"type": "Feature", "geometry": {"type": "Polygon", "coordinates": [[[-2.1670311, 42.8952259], [-2.1670154, 42.8951621], [-2.1668459, 42.8952005], [-2.1668644, 42.8952563], [-2.1670311, 42.8952259]]]}, "properties": {"id": "overture-d3ffe68ed637561d", "osm_id": "297142270", "theme": "buildings", "type": "building", "subtype": "apartments", "class": "apartments", "names": null, "height": 6.4, "num_floors": 2, "sources": [{"dataset": "OpenStreetMap", "record_id": "297142270"}], "update_time": "2024-11-13", "version": 1, "confidence": 0.85, "bbox": {"xmin": -2.1670311, "ymin": 42.8951621, "xmax": -2.1668459, "ymax": 42.8952563}}}, {"type": "Feature", "geometry": {"type": "Polygon", "coordinates": [[[-2.1667665, 42.8950854], [-2.1667314, 42.8950354], [-2.1668906, 42.8949683], [-2.1669235, 42.8950181], [-2.1667665, 42.8950854]]]}, "properties": {"id": "overture-8f205354e35b643e", "osm_id": "297142271", "theme": "buildings", "type": "building", "subtype": "apartments", "class": "apartments", "names": null, "height": 6.4, "num_floors": 2, "sources": [{"dataset": "OpenStreetMap", "record_id": "297142271"}], "update_time": "2024-11-13", "version": 1, "confidence": 0.85, "bbox": {"xmin": -2.1669235, "ymin": 42.8949683, "xmax": -2.1667314, "ymax": 42.8950854}}}, {"type": "Feature", "geometry": {"type": "Polygon", "coordinates": [[[-2.1669235, 42.8950181], [-2.1670654, 42.8949608], [-2.1670326, 42.894911], [-2.1668906, 42.8949683], [-2.1669235, 42.8950181]]]}, "properties": {"id": "overture-a068ffbefdb24a5d", "osm_id": "297143822", "theme": "buildings", "type": "building", "subtype": "apartments", "class": "apartments", "names": null, "height": 6.4, "num_floors": 2, "sources": [{"dataset": "OpenStreetMap", "record_id": "297143822"}], "update_time": "2024-11-13", "version": 1, "confidence": 0.85, "bbox": {"xmin": -2.1670654, "ymin": 42.894911, "xmax": -2.1668906, "ymax": 42.8950181}}}, {"type": "Feature", "geometry": {"type": "Polygon", "coordinates": [[[-2.1670326, 42.894911], [-2.1669986, 42.8948605], [-2.1669522, 42.8948815], [-2.1669475, 42.894875], [-2.1668534, 42.8949205], [-2.1668906, 42.8949683], [-2.1670326, 42.894911]]]}, "properties": {"id": "overture-b1bc47f50e4462fb", "osm_id": "297143823", "theme": "buildings", "type": "building", "subtype": "apartments", "class": "apartments", "names": null, "height": 6.4, "num_floors": 2, "sources": [{"dataset": "OpenStreetMap", "record_id": "297143823"}], "update_time": "2024-11-13", "version": 1, "confidence": 0.85, "bbox": {"xmin": -2.1670326, "ymin": 42.8948605, "xmax": -2.1668534, "ymax": 42.8949683}}}, {"type": "Feature", "geometry": {"type": "Polygon", "coordinates": [[[-2.1672111, 42.8952457], [-2.167154, 42.895161], [-2.1673012, 42.8951089], [-2.1673436, 42.8951699], [-2.1673577, 42.8951964], [-2.1672111, 42.8952457]]]}, "properties": {"id": "overture-a107ec09fb813cb6", "osm_id": "297143825", "theme": "buildings", "type": "building", "subtype": "apartments", "class": "apartments", "names": null, "height": 1.955, "num_floors": 2, "sources": [{"dataset": "OpenStreetMap", "record_id": "297143825"}, {"dataset": "IGN_LIDAR_PNOA_3", "record_id": "lidar_297143825", "height_source": "lidar_dtm"}], "update_time": "2024-11-13", "version": 1, "confidence": 0.85, "bbox": {"xmin": -2.1673577, "ymin": 42.8951089, "xmax": -2.167154, "ymax": 42.8952457}}}, {"type": "Feature", "geometry": {"type": "Polygon", "coordinates": [[[-2.1674138, 42.8953628], [-2.1673834, 42.8953169], [-2.1674295, 42.8952982], [-2.1674043, 42.8952603], [-2.1674393, 42.8952461], [-2.1674384, 42.8952448], [-2.1674257, 42.8952256], [-2.1675229, 42.8951862], [-2.1675285, 42.895184], [-2.1675748, 42.895254], [-2.1675821, 42.8952651], [-2.1675976, 42.8952885], [-2.1674138, 42.8953628]]]}, "properties": {"id": "overture-7a81df0b650882a8", "osm_id": "297143826", "theme": "buildings", "type": "building", "subtype": "apartments", "class": "apartments", "names": null, "height": 7.446, "num_floors": 2, "sources": [{"dataset": "OpenStreetMap", "record_id": "297143826"}, {"dataset": "IGN_LIDAR_PNOA_3", "record_id": "lidar_297143826", "height_source": "lidar_dtm"}], "update_time": "2024-11-13", "version": 1, "confidence": 0.85, "bbox": {"xmin": -2.1675976, "ymin": 42.895184, "xmax": -2.1673834, "ymax": 42.8953628}}}, {"type": "Feature", "geometry": {"type": "Polygon", "coordinates": [[[-2.1677948, 42.8951435], [-2.1677287, 42.8949867], [-2.1676549, 42.8950097], [-2.1677234, 42.8951629], [-2.1677948, 42.8951435]]]}, "properties": {"id": "overture-1e46a6f79fa087f7", "osm_id": "297144836", "theme": "buildings", "type": "building", "subtype": "house", "class": "house", "names": null, "height": 6.4, "num_floors": 2, "sources": [{"dataset": "OpenStreetMap", "record_id": "297144836"}], "update_time": "2024-11-13", "version": 1, "confidence": 0.85, "bbox": {"xmin": -2.1677948, "ymin": 42.8949867, "xmax": -2.1676549, "ymax": 42.8951629}}}, {"type": "Feature", "geometry": {"type": "Polygon", "coordinates": [[[-2.1677234, 42.8951629], [-2.1676968, 42.8951702], [-2.1676493, 42.8951831], [-2.1675809, 42.8950299], [-2.1676549, 42.8950097], [-2.1677234, 42.8951629]]]}, "properties": {"id": "overture-3156b1f9a7d60a34", "osm_id": "297144837", "theme": "buildings", "type": "building", "subtype": "house", "class": "house", "names": null, "height": 6.4, "num_floors": 2, "sources": [{"dataset": "OpenStreetMap", "record_id": "297144837"}], "update_time": "2024-11-13", "version": 1, "confidence": 0.85, "bbox": {"xmin": -2.1677234, "ymin": 42.8950097, "xmax": -2.1675809, "ymax": 42.8951831}}}, {"type": "Feature", "geometry": {"type": "Polygon", "coordinates": [[[-2.1675163, 42.8951775], [-2.1674751, 42.8951161], [-2.1673436, 42.8951699], [-2.1673609, 42.8951955], [-2.1673792, 42.8952229], [-2.167385, 42.8952314], [-2.1675163, 42.8951775]]]}, "properties": {"id": "overture-f71913491ec39e78", "osm_id": "297144838", "theme": "buildings", "type": "building", "subtype": "house", "class": "house", "names": null, "height": 2.12, "num_floors": 2, "sources": [{"dataset": "OpenStreetMap", "record_id": "297144838"}, {"dataset": "IGN_LIDAR_PNOA_3", "record_id": "lidar_297144838", "height_source": "lidar_dtm"}], "update_time": "2024-11-13", "version": 1, "confidence": 0.85, "bbox": {"xmin": -2.1675163, "ymin": 42.8951161, "xmax": -2.1673436, "ymax": 42.8952314}}}, {"type": "Feature", "geometry": {"type": "Polygon", "coordinates": [[[-2.1674751, 42.8951161], [-2.1674384, 42.8950609], [-2.1673012, 42.8951089], [-2.1673436, 42.8951699], [-2.1674751, 42.8951161]]]}, "properties": {"id": "overture-315ea547b843d3dd", "osm_id": "297144840", "theme": "buildings", "type": "building", "subtype": "house", "class": "house", "names": null, "height": 2.169, "num_floors": 2, "sources": [{"dataset": "OpenStreetMap", "record_id": "297144840"}, {"dataset": "IGN_LIDAR_PNOA_3", "record_id": "lidar_297144840", "height_source": "lidar_dtm"}], "update_time": "2024-11-13", "version": 1, "confidence": 0.85, "bbox": {"xmin": -2.1674751, "ymin": 42.8950609, "xmax": -2.1673012, "ymax": 42.8951699}}}, {"type": "Feature", "geometry": {"type": "Polygon", "coordinates": [[[-2.1674285, 42.8950487], [-2.1672644, 42.8951066], [-2.1672242, 42.8950123], [-2.1673404, 42.8949736], [-2.1673511, 42.8949701], [-2.1674285, 42.8950487]]]}, "properties": {"id": "overture-7a69cb17b682ed60", "osm_id": "297144841", "theme": "buildings", "type": "building", "subtype": "house", "class": "house", "names": null, "height": 6.4, "num_floors": 2, "sources": [{"dataset": "OpenStreetMap", "record_id": "297144841"}], "update_time": "2024-11-13", "version": 1, "confidence": 0.85, "bbox": {"xmin": -2.1674285, "ymin": 42.8949701, "xmax": -2.1672242, "ymax": 42.8951066}}}, {"type": "Feature", "geometry": {"type": "Polygon", "coordinates": [[[-2.1673404, 42.8949736], [-2.1673022, 42.8949229], [-2.1671959, 42.8949524], [-2.1672242, 42.8950123], [-2.1673404, 42.8949736]]]}, "properties": {"id": "overture-4f1de0c528aa0e9e", "osm_id": "297144842", "theme": "buildings", "type": "building", "subtype": "building", "class": "yes", "names": {"primary": "S.C.D.R Lagun Onak"}, "height": 6.4, "num_floors": 2, "sources": [{"dataset": "OpenStreetMap", "record_id": "297144842"}], "update_time": "2024-11-13", "version": 1, "confidence": 0.85, "bbox": {"xmin": -2.1673404, "ymin": 42.8949229, "xmax": -2.1671959, "ymax": 42.8950123}}}, {"type": "Feature", "geometry": {"type": "Polygon", "coordinates": [[[-2.1681387, 42.8953299], [-2.1681064, 42.8952258], [-2.1679342, 42.8952568], [-2.1679672, 42.8953634], [-2.1681387, 42.8953299]]]}, "properties": {"id": "overture-c5cb3b8c182d9d7f", "osm_id": "297145359", "theme": "buildings", "type": "building", "subtype": "apartments", "class": "apartments", "names": null, "height": 9.554, "num_floors": 2, "sources": [{"dataset": "OpenStreetMap", "record_id": "297145359"}, {"dataset": "IGN_LIDAR_PNOA_3", "record_id": "lidar_297145359", "height_source": "lidar_dtm"}], "update_time": "2024-11-13", "version": 1, "confidence": 0.85, "bbox": {"xmin": -2.1681387, "ymin": 42.8952258, "xmax": -2.1679342, "ymax": 42.8953634}}}, {"type": "Feature", "geometry": {"type": "Polygon", "coordinates": [[[-2.1679672, 42.8953634], [-2.1679904, 42.8954362], [-2.168162, 42.8954027], [-2.1681387, 42.8953299], [-2.1679672, 42.8953634]]]}, "properties": {"id": "overture-8a2bc918db8ff97e", "osm_id": "297145360", "theme": "buildings", "type": "building", "subtype": "apartments", "class": "apartments", "names": null, "height": 14.001, "num_floors": 2, "sources": [{"dataset": "OpenStreetMap", "record_id": "297145360"}, {"dataset": "IGN_LIDAR_PNOA_3", "record_id": "lidar_297145360", "height_source": "lidar_dtm"}], "update_time": "2024-11-13", "version": 1, "confidence": 0.85, "bbox": {"xmin": -2.168162, "ymin": 42.8953299, "xmax": -2.1679672, "ymax": 42.8954362}}}, {"type": "Feature", "geometry": {"type": "Polygon", "coordinates": [[[-2.168162, 42.8954027], [-2.1682245, 42.8953918], [-2.1682541, 42.895352], [-2.1682782, 42.8953433], [-2.1682383, 42.895197], [-2.1681064, 42.8952258], [-2.168162, 42.8954027]]]}, "properties": {"id": "overture-403d30275fedf4b8", "osm_id": "297145361", "theme": "buildings", "type": "building", "subtype": "building", "class": "yes", "names": {"primary": "Zubeztia"}, "height": 13.043, "num_floors": 2, "sources": [{"dataset": "OpenStreetMap", "record_id": "297145361"}, {"dataset": "IGN_LIDAR_PNOA_3", "record_id": "lidar_297145361", "height_source": "lidar_dtm"}], "update_time": "2024-11-13", "version": 1, "confidence": 0.85, "bbox": {"xmin": -2.1682782, "ymin": 42.895197, "xmax": -2.1681064, "ymax": 42.8954027}}}, {"type": "Feature", "geometry": {"type": "Polygon", "coordinates": [[[-2.168546, 42.8954715], [-2.1685154, 42.8954402], [-2.1684606, 42.895384], [-2.1684135, 42.8954121], [-2.1684258, 42.8954247], [-2.1683662, 42.8954603], [-2.1684392, 42.8955351], [-2.1685403, 42.8954748], [-2.168546, 42.8954715]]]}, "properties": {"id": "overture-9c076d9347b2df85", "osm_id": "297145362", "theme": "buildings", "type": "building", "subtype": "apartments", "class": "apartments", "names": null, "height": 8.239, "num_floors": 4, "sources": [{"dataset": "OpenStreetMap", "record_id": "297145362"}, {"dataset": "IGN_LIDAR_PNOA_3", "record_id": "lidar_297145362", "height_source": "lidar_dtm"}], "update_time": "2024-11-13", "version": 1, "confidence": 0.85, "bbox": {"xmin": -2.168546, "ymin": 42.895384, "xmax": -2.1683662, "ymax": 42.8955351}}}, {"type": "Feature", "geometry": {"type": "Polygon", "coordinates": [[[-2.1683662, 42.8954603], [-2.1682776, 42.8953719], [-2.1683815, 42.895306], [-2.1684606, 42.895384], [-2.1684135, 42.8954121], [-2.1684258, 42.8954247], [-2.1683662, 42.8954603]]]}, "properties": {"id": "overture-09a52be3bcd1c043", "osm_id": "297145363", "theme": "buildings", "type": "building", "subtype": "apartments", "class": "apartments", "names": null, "height": 5.764, "num_floors": 4, "sources": [{"dataset": "OpenStreetMap", "record_id": "297145363"}, {"dataset": "IGN_LIDAR_PNOA_3", "record_id": "lidar_297145363", "height_source": "lidar_dtm"}], "update_time": "2024-11-13", "version": 1, "confidence": 0.85, "bbox": {"xmin": -2.1684606, "ymin": 42.895306, "xmax": -2.1682776, "ymax": 42.8954603}}}, {"type": "Feature", "geometry": {"type": "Polygon", "coordinates": [[[-2.1687105, 42.8954426], [-2.1685704, 42.8954925], [-2.16856, 42.8954864], [-2.1685403, 42.8954748], [-2.168546, 42.8954715], [-2.1685154, 42.8954402], [-2.1686333, 42.8953656], [-2.1687105, 42.8954426]]]}, "properties": {"id": "overture-571d592293fc11cf", "osm_id": "297145824", "theme": "buildings", "type": "building", "subtype": "apartments", "class": "apartments", "names": null, "height": 4.591, "num_floors": 2, "sources": [{"dataset": "OpenStreetMap", "record_id": "297145824"}, {"dataset": "IGN_LIDAR_PNOA_3", "record_id": "lidar_297145824", "height_source": "lidar_dtm"}], "update_time": "2024-11-13", "version": 1, "confidence": 0.85, "bbox": {"xmin": -2.1687105, "ymin": 42.8953656, "xmax": -2.1685154, "ymax": 42.8954925}}}, {"type": "Feature", "geometry": {"type": "Polygon", "coordinates": [[[-2.1686333, 42.8953656], [-2.1685752, 42.8953096], [-2.1684606, 42.895384], [-2.1685154, 42.8954402], [-2.1686333, 42.8953656]]]}, "properties": {"id": "overture-dee4c83e81e13c41", "osm_id": "297145825", "theme": "buildings", "type": "building", "subtype": "apartments", "class": "apartments", "names": null, "height": 5.378, "num_floors": 2, "sources": [{"dataset": "OpenStreetMap", "record_id": "297145825"}, {"dataset": "IGN_LIDAR_PNOA_3", "record_id": "lidar_297145825", "height_source": "lidar_dtm"}], "update_time": "2024-11-13", "version": 1, "confidence": 0.85, "bbox": {"xmin": -2.1686333, "ymin": 42.8953096, "xmax": -2.1684606, "ymax": 42.8954402}}}, {"type": "Feature", "geometry": {"type": "Polygon", "coordinates": [[[-2.1685752, 42.8953096], [-2.1685151, 42.8952514], [-2.1684871, 42.8952479], [-2.1684688, 42.8952456], [-2.1683815, 42.895306], [-2.1684606, 42.895384], [-2.1685752, 42.8953096]]]}, "properties": {"id": "overture-b6920beb57884ad4", "osm_id": "297145826", "theme": "buildings", "type": "building", "subtype": "apartments", "class": "apartments", "names": null, "height": 7.494, "num_floors": 2, "sources": [{"dataset": "OpenStreetMap", "record_id": "297145826"}, {"dataset": "IGN_LIDAR_PNOA_3", "record_id": "lidar_297145826", "height_source": "lidar_dtm"}], "update_time": "2024-11-13", "version": 1, "confidence": 0.85, "bbox": {"xmin": -2.1685752, "ymin": 42.8952456, "xmax": -2.1683815, "ymax": 42.895384}}}, {"type": "Feature", "geometry": {"type": "Polygon", "coordinates": [[[-2.1688033, 42.8955266], [-2.1687559, 42.8955462], [-2.1687027, 42.8955681], [-2.1686595, 42.895586], [-2.1686192, 42.8955015], [-2.1687348, 42.8954757], [-2.1687476, 42.8954723], [-2.1688033, 42.8955266]]]}, "properties": {"id": "overture-9b5f2025002630c1", "osm_id": "297145827", "theme": "buildings", "type": "building", "subtype": "apartments", "class": "apartments", "names": null, "height": 11.369, "num_floors": 2, "sources": [{"dataset": "OpenStreetMap", "record_id": "297145827"}, {"dataset": "IGN_LIDAR_PNOA_3", "record_id": "lidar_297145827", "height_source": "lidar_dtm"}], "update_time": "2024-11-13", "version": 1, "confidence": 0.85, "bbox": {"xmin": -2.1688033, "ymin": 42.8954723, "xmax": -2.1686192, "ymax": 42.895586}}}, {"type": "Feature", "geometry": {"type": "Polygon", "coordinates": [[[-2.1686595, 42.895586], [-2.1686393, 42.8956367], [-2.1686062, 42.8956464], [-2.1685885, 42.8956516], [-2.1685849, 42.8956437], [-2.1685293, 42.8955278], [-2.1686192, 42.8955015], [-2.1686595, 42.895586]]]}, "properties": {"id": "overture-6cb6e22a7bc47825", "osm_id": "297145828", "theme": "buildings", "type": "building", "subtype": "apartments", "class": "apartments", "names": null, "height": 11.656, "num_floors": 2, "sources": [{"dataset": "OpenStreetMap", "record_id": "297145828"}, {"dataset": "IGN_LIDAR_PNOA_3", "record_id": "lidar_297145828", "height_source": "lidar_dtm"}], "update_time": "2024-11-13", "version": 1, "confidence": 0.85, "bbox": {"xmin": -2.1686595, "ymin": 42.8955015, "xmax": -2.1685293, "ymax": 42.8956516}}}, {"type": "Feature", "geometry": {"type": "Polygon", "coordinates": [[[-2.1685849, 42.8956437], [-2.1685132, 42.8956642], [-2.1684512, 42.8955527], [-2.1685293, 42.8955278], [-2.1685849, 42.8956437]]]}, "properties": {"id": "overture-b918ea13b56132b4", "osm_id": "297145829", "theme": "buildings", "type": "building", "subtype": "apartments", "class": "apartments", "names": null, "height": 13.329, "num_floors": 2, "sources": [{"dataset": "OpenStreetMap", "record_id": "297145829"}, {"dataset": "IGN_LIDAR_PNOA_3", "record_id": "lidar_297145829", "height_source": "lidar_dtm"}], "update_time": "2024-11-13", "version": 1, "confidence": 0.85, "bbox": {"xmin": -2.1685849, "ymin": 42.8955278, "xmax": -2.1684512, "ymax": 42.8956642}}}, {"type": "Feature", "geometry": {"type": "Polygon", "coordinates": [[[-2.1686062, 42.8956464], [-2.1686373, 42.8957063], [-2.1684632, 42.8957548], [-2.1683761, 42.8955723], [-2.1684512, 42.8955527], [-2.1685132, 42.8956642], [-2.1685849, 42.8956437], [-2.1685885, 42.8956516], [-2.1686062, 42.8956464]]]}, "properties": {"id": "overture-8dc128a8d3dd0c03", "osm_id": "297145830", "theme": "buildings", "type": "building", "subtype": "apartments", "class": "apartments", "names": null, "height": 13.247, "num_floors": 2, "sources": [{"dataset": "OpenStreetMap", "record_id": "297145830"}, {"dataset": "IGN_LIDAR_PNOA_3", "record_id": "lidar_297145830", "height_source": "lidar_dtm"}], "update_time": "2024-11-13", "version": 1, "confidence": 0.85, "bbox": {"xmin": -2.1686373, "ymin": 42.8955527, "xmax": -2.1683761, "ymax": 42.8957548}}}, {"type": "Feature", "geometry": {"type": "Polygon", "coordinates": [[[-2.1685439, 42.8959433], [-2.1683977, 42.8959846], [-2.1683826, 42.8959916], [-2.1683846, 42.8959817], [-2.1683224, 42.8958692], [-2.1684546, 42.8958324], [-2.1684939, 42.8958214], [-2.1685439, 42.8959433]]]}, "properties": {"id": "overture-41b7106f83571bc7", "osm_id": "297146107", "theme": "buildings", "type": "building", "subtype": "apartments", "class": "apartments", "names": null, "height": 14.763, "num_floors": 3, "sources": [{"dataset": "OpenStreetMap", "record_id": "297146107"}, {"dataset": "IGN_LIDAR_PNOA_3", "record_id": "lidar_297146107", "height_source": "lidar_dtm"}], "update_time": "2024-11-13", "version": 1, "confidence": 0.85, "bbox": {"xmin": -2.1685439, "ymin": 42.8958214, "xmax": -2.1683224, "ymax": 42.8959916}}}, {"type": "Feature", "geometry": {"type": "Polygon", "coordinates": [[[-2.1685439, 42.8959433], [-2.1685797, 42.8960208], [-2.1685741, 42.8960208], [-2.1684659, 42.8960499], [-2.1684335, 42.8960621], [-2.1683977, 42.8959846], [-2.1685439, 42.8959433]]]}, "properties": {"id": "overture-b2cea90c3a9cae49", "osm_id": "297146108", "theme": "buildings", "type": "building", "subtype": "apartments", "class": "apartments", "names": null, "height": 13.395, "num_floors": 2, "sources": [{"dataset": "OpenStreetMap", "record_id": "297146108"}, {"dataset": "IGN_LIDAR_PNOA_3", "record_id": "lidar_297146108", "height_source": "lidar_dtm"}], "update_time": "2024-11-13", "version": 1, "confidence": 0.85, "bbox": {"xmin": -2.1685797, "ymin": 42.8959433, "xmax": -2.1683977, "ymax": 42.8960621}}}, {"type": "Feature", "geometry": {"type": "Polygon", "coordinates": [[[-2.1685741, 42.8960208], [-2.168611, 42.8961047], [-2.1685549, 42.8961198], [-2.1685028, 42.8961338], [-2.1684659, 42.8960499], [-2.1685741, 42.8960208]]]}, "properties": {"id": "overture-6f90b29f7bf2b1fb", "osm_id": "297146109", "theme": "buildings", "type": "building", "subtype": "apartments", "class": "apartments", "names": null, "height": 8.682, "num_floors": 2, "sources": [{"dataset": "OpenStreetMap", "record_id": "297146109"}, {"dataset": "IGN_LIDAR_PNOA_3", "record_id": "lidar_297146109", "height_source": "lidar_dtm"}], "update_time": "2024-11-13", "version": 1, "confidence": 0.85, "bbox": {"xmin": -2.168611, "ymin": 42.8960208, "xmax": -2.1684659, "ymax": 42.8961338}}}, {"type": "Feature", "geometry": {"type": "Polygon", "coordinates": [[[-2.1687141, 42.8958449], [-2.1686798, 42.8958529], [-2.1686853, 42.8958623], [-2.1685705, 42.8958956], [-2.1685917, 42.8959385], [-2.1686955, 42.8959044], [-2.1687373, 42.8958949], [-2.1687292, 42.8958774], [-2.1687141, 42.8958449]]]}, "properties": {"id": "overture-60195f452ee3c047", "osm_id": "297146664", "theme": "buildings", "type": "building", "subtype": "apartments", "class": "apartments", "names": null, "height": 26.799, "num_floors": 2, "sources": [{"dataset": "OpenStreetMap", "record_id": "297146664"}, {"dataset": "IGN_LIDAR_PNOA_3", "record_id": "lidar_297146664", "height_source": "lidar_dtm"}], "update_time": "2024-11-13", "version": 1, "confidence": 0.85, "bbox": {"xmin": -2.1687373, "ymin": 42.8958449, "xmax": -2.1685705, "ymax": 42.8959385}}}, {"type": "Feature", "geometry": {"type": "Polygon", "coordinates": [[[-2.1686955, 42.8959044], [-2.1687181, 42.8959466], [-2.1687493, 42.8960045], [-2.1687533, 42.896012], [-2.1686496, 42.8960461], [-2.1686383, 42.8960251], [-2.1685917, 42.8959385], [-2.1686955, 42.8959044]]]}, "properties": {"id": "overture-25828c3b1027c12f", "osm_id": "297146665", "theme": "buildings", "type": "building", "subtype": "apartments", "class": "apartments", "names": null, "height": 19.042, "num_floors": 2, "sources": [{"dataset": "OpenStreetMap", "record_id": "297146665"}, {"dataset": "IGN_LIDAR_PNOA_3", "record_id": "lidar_297146665", "height_source": "lidar_dtm"}], "update_time": "2024-11-13", "version": 1, "confidence": 0.85, "bbox": {"xmin": -2.1687533, "ymin": 42.8959044, "xmax": -2.1685917, "ymax": 42.8960461}}}, {"type": "Feature", "geometry": {"type": "Polygon", "coordinates": [[[-2.1687373, 42.8962004], [-2.1685554, 42.8962678], [-2.1687762, 42.8966318], [-2.168958, 42.8965644], [-2.1687373, 42.8962004]]]}, "properties": {"id": "overture-1a0a8d25a6177325", "osm_id": "297146666", "theme": "buildings", "type": "building", "subtype": "building", "class": "yes", "names": null, "height": 14.858, "num_floors": 2, "sources": [{"dataset": "OpenStreetMap", "record_id": "297146666"}, {"dataset": "IGN_LIDAR_PNOA_3", "record_id": "lidar_297146666", "height_source": "lidar_dtm"}], "update_time": "2024-11-13", "version": 1, "confidence": 0.85, "bbox": {"xmin": -2.168958, "ymin": 42.8962004, "xmax": -2.1685554, "ymax": 42.8966318}}}, {"type": "Feature", "geometry": {"type": "Polygon", "coordinates": [[[-2.1685931, 42.896577], [-2.1685172, 42.8964509], [-2.1684741, 42.8964668], [-2.1685499, 42.8965928], [-2.1685931, 42.896577]]]}, "properties": {"id": "overture-3a3e4e503fefa64b", "osm_id": "297146667", "theme": "buildings", "type": "building", "subtype": "farm_auxiliary", "class": "farm_auxiliary", "names": null, "height": 2.358, "num_floors": 2, "sources": [{"dataset": "OpenStreetMap", "record_id": "297146667"}, {"dataset": "IGN_LIDAR_PNOA_3", "record_id": "lidar_297146667", "height_source": "lidar_dtm"}], "update_time": "2024-11-13", "version": 1, "confidence": 0.85, "bbox": {"xmin": -2.1685931, "ymin": 42.8964509, "xmax": -2.1684741, "ymax": 42.8965928}}}, {"type": "Feature", "geometry": {"type": "Polygon", "coordinates": [[[-2.1691137, 42.8958993], [-2.1691038, 42.8958803], [-2.1690906, 42.8958547], [-2.1690667, 42.8958058], [-2.1689278, 42.8958486], [-2.168939, 42.8958703], [-2.1688967, 42.8958823], [-2.1688036, 42.895914], [-2.1688344, 42.8959718], [-2.1688418, 42.8959857], [-2.1690392, 42.895923], [-2.1691137, 42.8958993]]]}, "properties": {"id": "overture-a808e0e4d989f98e", "osm_id": "297150864", "theme": "buildings", "type": "building", "subtype": "public", "class": "public", "names": null, "height": 5.312, "num_floors": 3, "sources": [{"dataset": "OpenStreetMap", "record_id": "297150864"}, {"dataset": "IGN_LIDAR_PNOA_3", "record_id": "lidar_297150864", "height_source": "lidar_dtm"}], "update_time": "2024-11-13", "version": 1, "confidence": 0.85, "bbox": {"xmin": -2.1691137, "ymin": 42.8958058, "xmax": -2.1688036, "ymax": 42.8959857}}}, {"type": "Feature", "geometry": {"type": "Polygon", "coordinates": [[[-2.1690667, 42.8958058], [-2.1690593, 42.8957912], [-2.1690555, 42.8957755], [-2.1688863, 42.8958211], [-2.168875, 42.8958251], [-2.1688947, 42.8958587], [-2.1690667, 42.8958058]]]}, "properties": {"id": "overture-05392140bc59c4c8", "osm_id": "297150865", "theme": "buildings", "type": "building", "subtype": "house", "class": "house", "names": null, "height": 5.363, "num_floors": 3, "sources": [{"dataset": "OpenStreetMap", "record_id": "297150865"}, {"dataset": "IGN_LIDAR_PNOA_3", "record_id": "lidar_297150865", "height_source": "lidar_dtm"}], "update_time": "2024-11-13", "version": 1, "confidence": 0.85, "bbox": {"xmin": -2.1690667, "ymin": 42.8957755, "xmax": -2.168875, "ymax": 42.8958587}}}, {"type": "Feature", "geometry": {"type": "Polygon", "coordinates": [[[-2.1690555, 42.8957755], [-2.1690453, 42.8957526], [-2.1690337, 42.895726], [-2.1688646, 42.8957716], [-2.1688719, 42.8957882], [-2.1688826, 42.8958125], [-2.1688863, 42.8958211], [-2.1690555, 42.8957755]]]}, "properties": {"id": "overture-ac09bcc6bcf1c83e", "osm_id": "297150866", "theme": "buildings", "type": "building", "subtype": "apartments", "class": "apartments", "names": null, "height": 8.6, "num_floors": 2, "sources": [{"dataset": "OpenStreetMap", "record_id": "297150866"}, {"dataset": "IGN_LIDAR_PNOA_3", "record_id": "lidar_297150866", "height_source": "lidar_dtm"}], "update_time": "2024-11-13", "version": 1, "confidence": 0.85, "bbox": {"xmin": -2.1690555, "ymin": 42.895726, "xmax": -2.1688646, "ymax": 42.8958211}}}, {"type": "Feature", "geometry": {"type": "Polygon", "coordinates": [[[-2.1690337, 42.895726], [-2.1690404, 42.895723], [-2.1690219, 42.8956843], [-2.1689988, 42.8956737], [-2.168996, 42.8956566], [-2.1689827, 42.8956557], [-2.168914, 42.8956513], [-2.168914, 42.8956645], [-2.1688313, 42.8956918], [-2.1688646, 42.8957716], [-2.1690337, 42.895726]]]}, "properties": {"id": "overture-e9c13006b42a63b6", "osm_id": "297150867", "theme": "buildings", "type": "building", "subtype": "apartments", "class": "apartments", "names": null, "height": 9.225, "num_floors": 4, "sources": [{"dataset": "OpenStreetMap", "record_id": "297150867"}, {"dataset": "IGN_LIDAR_PNOA_3", "record_id": "lidar_297150867", "height_source": "lidar_dtm"}], "update_time": "2024-11-13", "version": 1, "confidence": 0.85, "bbox": {"xmin": -2.1690404, "ymin": 42.8956513, "xmax": -2.1688313, "ymax": 42.8957716}}}, {"type": "Feature", "geometry": {"type": "Polygon", "coordinates": [[[-2.1688863, 42.8958211], [-2.168875, 42.8958251], [-2.1687292, 42.8958774], [-2.1687141, 42.8958449], [-2.1686798, 42.8958529], [-2.1686294, 42.8957577], [-2.1687818, 42.895708], [-2.168829, 42.8957999], [-2.1688719, 42.8957882], [-2.1688863, 42.8958211]]]}, "properties": {"id": "overture-a46b515902bd9495", "osm_id": "297150868", "theme": "buildings", "type": "building", "subtype": "apartments", "class": "apartments", "names": null, "height": 14.628, "num_floors": 3, "sources": [{"dataset": "OpenStreetMap", "record_id": "297150868"}, {"dataset": "IGN_LIDAR_PNOA_3", "record_id": "lidar_297150868", "height_source": "lidar_dtm"}], "update_time": "2024-11-13", "version": 1, "confidence": 0.85, "bbox": {"xmin": -2.1688863, "ymin": 42.895708, "xmax": -2.1686294, "ymax": 42.8958774}}}, {"type": "Feature", "geometry": {"type": "Polygon", "coordinates": [[[-2.168829, 42.8957999], [-2.1687818, 42.895708], [-2.1688313, 42.8956918], [-2.1688646, 42.8957716], [-2.1688719, 42.8957882], [-2.168829, 42.8957999]]]}, "properties": {"id": "overture-f29686fa3a7f41c0", "osm_id": "297150869", "theme": "buildings", "type": "building", "subtype": "apartments", "class": "apartments", "names": null, "height": 9.285, "num_floors": 3, "sources": [{"dataset": "OpenStreetMap", "record_id": "297150869"}, {"dataset": "IGN_LIDAR_PNOA_3", "record_id": "lidar_297150869", "height_source": "lidar_dtm"}], "update_time": "2024-11-13", "version": 1, "confidence": 0.85, "bbox": {"xmin": -2.1688719, "ymin": 42.8956918, "xmax": -2.1687818, "ymax": 42.8957999}}}, {"type": "Feature", "geometry": {"type": "Polygon", "coordinates": [[[-2.1685705, 42.8958956], [-2.1685181, 42.895788], [-2.1686294, 42.8957577], [-2.1686798, 42.8958529], [-2.1686853, 42.8958623], [-2.1685705, 42.8958956]]]}, "properties": {"id": "overture-573d70c650dd4705", "osm_id": "297150870", "theme": "buildings", "type": "building", "subtype": "apartments", "class": "apartments", "names": null, "height": 22.216, "num_floors": 3, "sources": [{"dataset": "OpenStreetMap", "record_id": "297150870"}, {"dataset": "IGN_LIDAR_PNOA_3", "record_id": "lidar_297150870", "height_source": "lidar_dtm"}], "update_time": "2024-11-13", "version": 1, "confidence": 0.85, "bbox": {"xmin": -2.1686853, "ymin": 42.8957577, "xmax": -2.1685181, "ymax": 42.8958956}}}, {"type": "Feature", "geometry": {"type": "Polygon", "coordinates": [[[-2.1687181, 42.8959466], [-2.1688036, 42.895914], [-2.1688344, 42.8959718], [-2.1687493, 42.8960045], [-2.1687181, 42.8959466]]]}, "properties": {"id": "overture-ac58eedd56edf323", "osm_id": "297150871", "theme": "buildings", "type": "building", "subtype": "building", "class": "yes", "names": null, "height": 4.362, "num_floors": 1, "sources": [{"dataset": "OpenStreetMap", "record_id": "297150871"}, {"dataset": "IGN_LIDAR_PNOA_3", "record_id": "lidar_297150871", "height_source": "lidar_dtm"}], "update_time": "2024-11-13", "version": 1, "confidence": 0.85, "bbox": {"xmin": -2.1688344, "ymin": 42.895914, "xmax": -2.1687181, "ymax": 42.8960045}}}, {"type": "Feature", "geometry": {"type": "Polygon", "coordinates": [[[-2.1688036, 42.895914], [-2.1687813, 42.895874], [-2.1688743, 42.8958422], [-2.1688967, 42.8958823], [-2.1688036, 42.895914]]]}, "properties": {"id": "overture-4258ec99e04157f9", "osm_id": "297150872", "theme": "buildings", "type": "building", "subtype": "building", "class": "yes", "names": null, "height": 3.777, "num_floors": 2, "sources": [{"dataset": "OpenStreetMap", "record_id": "297150872"}, {"dataset": "IGN_LIDAR_PNOA_3", "record_id": "lidar_297150872", "height_source": "lidar_dtm"}], "update_time": "2024-11-13", "version": 1, "confidence": 0.85, "bbox": {"xmin": -2.1688967, "ymin": 42.8958422, "xmax": -2.1687813, "ymax": 42.895914}}}, {"type": "Feature", "geometry": {"type": "Polygon", "coordinates": [[[-2.1691672, 42.8957995], [-2.1691833, 42.8957747], [-2.1692259, 42.8957915], [-2.16921, 42.8958163], [-2.1691672, 42.8957995]]]}, "properties": {"id": "overture-ae5ccbc8132807c7", "osm_id": "297150948", "theme": "buildings", "type": "building", "subtype": "building", "class": "yes", "names": {"primary": "Kiosko Zelai"}, "height": 1.7, "num_floors": 2, "sources": [{"dataset": "OpenStreetMap", "record_id": "297150948"}, {"dataset": "IGN_LIDAR_PNOA_3", "record_id": "lidar_297150948", "height_source": "lidar_dtm"}], "update_time": "2024-11-13", "version": 1, "confidence": 0.85, "bbox": {"xmin": -2.1692259, "ymin": 42.8957747, "xmax": -2.1691672, "ymax": 42.8958163}}}, {"type": "Feature", "geometry": {"type": "Polygon", "coordinates": [[[-2.1692212, 42.8958543], [-2.1692304, 42.8958714], [-2.169234, 42.8958782], [-2.169222, 42.8958811], [-2.1692442, 42.8959347], [-2.1690619, 42.895976], [-2.1690392, 42.895923], [-2.1691137, 42.8958993], [-2.1691038, 42.8958803], [-2.1692212, 42.8958543]]]}, "properties": {"id": "overture-97e83d564df2e0b0", "osm_id": "297153264", "theme": "buildings", "type": "building", "subtype": "house", "class": "house", "names": null, "height": 5.434, "num_floors": 1, "sources": [{"dataset": "OpenStreetMap", "record_id": "297153264"}, {"dataset": "IGN_LIDAR_PNOA_3", "record_id": "lidar_297153264", "height_source": "lidar_dtm"}], "update_time": "2024-11-13", "version": 1, "confidence": 0.85, "bbox": {"xmin": -2.1692442, "ymin": 42.8958543, "xmax": -2.1690392, "ymax": 42.895976}}}, {"type": "Feature", "geometry": {"type": "Polygon", "coordinates": [[[-2.1693805, 42.8958369], [-2.1693885, 42.8958551], [-2.169447, 42.8959861], [-2.1693878, 42.8960049], [-2.1693935, 42.8960238], [-2.1693026, 42.8960694], [-2.169222, 42.8958811], [-2.169234, 42.8958782], [-2.1692304, 42.8958714], [-2.1693805, 42.8958369]]]}, "properties": {"id": "overture-baa4792a9f7798cd", "osm_id": "297153265", "theme": "buildings", "type": "building", "subtype": "house", "class": "house", "names": null, "height": 5.516, "num_floors": 2, "sources": [{"dataset": "OpenStreetMap", "record_id": "297153265"}, {"dataset": "IGN_LIDAR_PNOA_3", "record_id": "lidar_297153265", "height_source": "lidar_dtm"}], "update_time": "2024-11-13", "version": 1, "confidence": 0.85, "bbox": {"xmin": -2.169447, "ymin": 42.8958369, "xmax": -2.169222, "ymax": 42.8960694}}}, {"type": "Feature", "geometry": {"type": "Polygon", "coordinates": [[[-2.1694777, 42.8959933], [-2.1693935, 42.8960238], [-2.1693026, 42.8960694], [-2.1693563, 42.8961324], [-2.1693351, 42.8961425], [-2.1693711, 42.8961889], [-2.1693971, 42.8961787], [-2.1694073, 42.8961867], [-2.1695749, 42.8960947], [-2.1694777, 42.8959933]]]}, "properties": {"id": "overture-f667c3240a645795", "osm_id": "297153267", "theme": "buildings", "type": "building", "subtype": "house", "class": "house", "names": null, "height": 4.331, "num_floors": 4, "sources": [{"dataset": "OpenStreetMap", "record_id": "297153267"}, {"dataset": "IGN_LIDAR_PNOA_3", "record_id": "lidar_297153267", "height_source": "lidar_dtm"}], "update_time": "2024-11-13", "version": 1, "confidence": 0.85, "bbox": {"xmin": -2.1695749, "ymin": 42.8959933, "xmax": -2.1693026, "ymax": 42.8961889}}}, {"type": "Feature", "geometry": {"type": "Polygon", "coordinates": [[[-2.1695749, 42.8960947], [-2.1696067, 42.8961251], [-2.1694315, 42.8962159], [-2.169348, 42.8962533], [-2.1693248, 42.8962229], [-2.1694073, 42.8961867], [-2.1695749, 42.8960947]]]}, "properties": {"id": "overture-49a0a34dad7eecc2", "osm_id": "297153268", "theme": "buildings", "type": "building", "subtype": "house", "class": "house", "names": null, "height": 4.773, "num_floors": 2, "sources": [{"dataset": "OpenStreetMap", "record_id": "297153268"}, {"dataset": "IGN_LIDAR_PNOA_3", "record_id": "lidar_297153268", "height_source": "lidar_dtm"}], "update_time": "2024-11-13", "version": 1, "confidence": 0.85, "bbox": {"xmin": -2.1696067, "ymin": 42.8960947, "xmax": -2.1693248, "ymax": 42.8962533}}}, {"type": "Feature", "geometry": {"type": "Polygon", "coordinates": [[[-2.1694315, 42.8962159], [-2.1694817, 42.8962752], [-2.1696573, 42.896183], [-2.1696067, 42.8961251], [-2.1694315, 42.8962159]]]}, "properties": {"id": "overture-c13d359166379d3e", "osm_id": "297153269", "theme": "buildings", "type": "building", "subtype": "house", "class": "house", "names": null, "height": 4.968, "num_floors": 3, "sources": [{"dataset": "OpenStreetMap", "record_id": "297153269"}, {"dataset": "IGN_LIDAR_PNOA_3", "record_id": "lidar_297153269", "height_source": "lidar_dtm"}], "update_time": "2024-11-13", "version": 1, "confidence": 0.85, "bbox": {"xmin": -2.1696573, "ymin": 42.8961251, "xmax": -2.1694315, "ymax": 42.8962752}}}, {"type": "Feature", "geometry": {"type": "Polygon", "coordinates": [[[-2.1696573, 42.896183], [-2.1697139, 42.8962369], [-2.1695236, 42.896331], [-2.1695044, 42.8963452], [-2.169456, 42.8962888], [-2.1694817, 42.8962752], [-2.1696573, 42.896183]]]}, "properties": {"id": "overture-b95201c169296534", "osm_id": "297153270", "theme": "buildings", "type": "building", "subtype": "house", "class": "house", "names": null, "height": 4.794, "num_floors": 2, "sources": [{"dataset": "OpenStreetMap", "record_id": "297153270"}, {"dataset": "IGN_LIDAR_PNOA_3", "record_id": "lidar_297153270", "height_source": "lidar_dtm"}], "update_time": "2024-11-13", "version": 1, "confidence": 0.85, "bbox": {"xmin": -2.1697139, "ymin": 42.896183, "xmax": -2.169456, "ymax": 42.8963452}}}, {"type": "Feature", "geometry": {"type": "Polygon", "coordinates": [[[-2.1697139, 42.8962369], [-2.1697547, 42.8962875], [-2.1695645, 42.8963815], [-2.1695236, 42.896331], [-2.1697139, 42.8962369]]]}, "properties": {"id": "overture-f26522a9fa2093eb", "osm_id": "297155398", "theme": "buildings", "type": "building", "subtype": "apartments", "class": "apartments", "names": null, "height": 4.456, "num_floors": 3, "sources": [{"dataset": "OpenStreetMap", "record_id": "297155398"}, {"dataset": "IGN_LIDAR_PNOA_3", "record_id": "lidar_297155398", "height_source": "lidar_dtm"}], "update_time": "2024-11-13", "version": 1, "confidence": 0.85, "bbox": {"xmin": -2.1697547, "ymin": 42.8962369, "xmax": -2.1695236, "ymax": 42.8963815}}}, {"type": "Feature", "geometry": {"type": "Polygon", "coordinates": [[[-2.1697547, 42.8962875], [-2.1697935, 42.8963355], [-2.1695883, 42.8964369], [-2.1695496, 42.8963889], [-2.1695645, 42.8963815], [-2.1697547, 42.8962875]]]}, "properties": {"id": "overture-305dc16cb64a6143", "osm_id": "297155399", "theme": "buildings", "type": "building", "subtype": "apartments", "class": "apartments", "names": null, "height": 4.26, "num_floors": 2, "sources": [{"dataset": "OpenStreetMap", "record_id": "297155399"}, {"dataset": "IGN_LIDAR_PNOA_3", "record_id": "lidar_297155399", "height_source": "lidar_dtm"}], "update_time": "2024-11-13", "version": 1, "confidence": 0.85, "bbox": {"xmin": -2.1697935, "ymin": 42.8962875, "xmax": -2.1695496, "ymax": 42.8964369}}}, {"type": "Feature", "geometry": {"type": "Polygon", "coordinates": [[[-2.1697935, 42.8963355], [-2.1698461, 42.8964005], [-2.1696131, 42.8965156], [-2.1695606, 42.8964506], [-2.1695883, 42.8964369], [-2.1697935, 42.8963355]]]}, "properties": {"id": "overture-2d1eae8509d1705c", "osm_id": "297155400", "theme": "buildings", "type": "building", "subtype": "apartments", "class": "apartments", "names": null, "height": 4.256, "num_floors": 3, "sources": [{"dataset": "OpenStreetMap", "record_id": "297155400"}, {"dataset": "IGN_LIDAR_PNOA_3", "record_id": "lidar_297155400", "height_source": "lidar_dtm"}], "update_time": "2024-11-13", "version": 1, "confidence": 0.85, "bbox": {"xmin": -2.1698461, "ymin": 42.8963355, "xmax": -2.1695606, "ymax": 42.8965156}}}, {"type": "Feature", "geometry": {"type": "Polygon", "coordinates": [[[-2.1698461, 42.8964005], [-2.1696553, 42.8964948], [-2.1696984, 42.896548], [-2.1698891, 42.8964538], [-2.1698461, 42.8964005]]]}, "properties": {"id": "overture-32f660f04a0b8120", "osm_id": "297155401", "theme": "buildings", "type": "building", "subtype": "apartments", "class": "apartments", "names": null, "height": 2.448, "num_floors": 3, "sources": [{"dataset": "OpenStreetMap", "record_id": "297155401"}, {"dataset": "IGN_LIDAR_PNOA_3", "record_id": "lidar_297155401", "height_source": "lidar_dtm"}], "update_time": "2024-11-13", "version": 1, "confidence": 0.85, "bbox": {"xmin": -2.1698891, "ymin": 42.8964005, "xmax": -2.1696553, "ymax": 42.896548}}}, {"type": "Feature", "geometry": {"type": "Polygon", "coordinates": [[[-2.1698891, 42.8964538], [-2.1699211, 42.8964793], [-2.1697762, 42.8965485], [-2.1697879, 42.8965636], [-2.1697285, 42.8965927], [-2.1696821, 42.8965507], [-2.1696984, 42.896548], [-2.1698891, 42.8964538]]]}, "properties": {"id": "overture-b3b14e6198dc7981", "osm_id": "297155402", "theme": "buildings", "type": "building", "subtype": "house", "class": "house", "names": null, "height": 3.941, "num_floors": 3, "sources": [{"dataset": "OpenStreetMap", "record_id": "297155402"}, {"dataset": "IGN_LIDAR_PNOA_3", "record_id": "lidar_297155402", "height_source": "lidar_dtm"}], "update_time": "2024-11-13", "version": 1, "confidence": 0.85, "bbox": {"xmin": -2.1699211, "ymin": 42.8964538, "xmax": -2.1696821, "ymax": 42.8965927}}}, {"type": "Feature", "geometry": {"type": "Polygon", "coordinates": [[[-2.1697762, 42.8965485], [-2.1697879, 42.8965636], [-2.1698144, 42.8965976], [-2.1699584, 42.8965317], [-2.1699211, 42.8964793], [-2.1697762, 42.8965485]]]}, "properties": {"id": "overture-83e10ed90ef25091", "osm_id": "297157154", "theme": "buildings", "type": "building", "subtype": "apartments", "class": "apartments", "names": null, "height": 2.977, "num_floors": 2, "sources": [{"dataset": "OpenStreetMap", "record_id": "297157154"}, {"dataset": "IGN_LIDAR_PNOA_3", "record_id": "lidar_297157154", "height_source": "lidar_dtm"}], "update_time": "2024-11-13", "version": 1, "confidence": 0.85, "bbox": {"xmin": -2.1699584, "ymin": 42.8964793, "xmax": -2.1697762, "ymax": 42.8965976}}}, {"type": "Feature", "geometry": {"type": "Polygon", "coordinates": [[[-2.1699584, 42.8965317], [-2.1699898, 42.8965736], [-2.1697671, 42.8966756], [-2.1697196, 42.8966975], [-2.1696799, 42.8966448], [-2.1697302, 42.8966216], [-2.1697385, 42.8966326], [-2.1698144, 42.8965976], [-2.1699584, 42.8965317]]]}, "properties": {"id": "overture-0771af40766d18b3", "osm_id": "297157155", "theme": "buildings", "type": "building", "subtype": "apartments", "class": "apartments", "names": null, "height": 4.572, "num_floors": 2, "sources": [{"dataset": "OpenStreetMap", "record_id": "297157155"}, {"dataset": "IGN_LIDAR_PNOA_3", "record_id": "lidar_297157155", "height_source": "lidar_dtm"}], "update_time": "2024-11-13", "version": 1, "confidence": 0.85, "bbox": {"xmin": -2.1699898, "ymin": 42.8965317, "xmax": -2.1696799, "ymax": 42.8966975}}}, {"type": "Feature", "geometry": {"type": "Polygon", "coordinates": [[[-2.1697671, 42.8966756], [-2.1698003, 42.896719], [-2.1700197, 42.8966163], [-2.1699898, 42.8965736], [-2.1697671, 42.8966756]]]}, "properties": {"id": "overture-b728aea76df05a03", "osm_id": "297157156", "theme": "buildings", "type": "building", "subtype": "apartments", "class": "apartments", "names": null, "height": 3.464, "num_floors": 2, "sources": [{"dataset": "OpenStreetMap", "record_id": "297157156"}, {"dataset": "IGN_LIDAR_PNOA_3", "record_id": "lidar_297157156", "height_source": "lidar_dtm"}], "update_time": "2024-11-13", "version": 1, "confidence": 0.85, "bbox": {"xmin": -2.1700197, "ymin": 42.8965736, "xmax": -2.1697671, "ymax": 42.896719}}}, {"type": "Feature", "geometry": {"type": "Polygon", "coordinates": [[[-2.1700197, 42.8966163], [-2.170029, 42.8966121], [-2.170078, 42.8966745], [-2.1698413, 42.8967812], [-2.1698282, 42.8967642], [-2.1697746, 42.896789], [-2.1697552, 42.8967632], [-2.1698073, 42.8967391], [-2.1697942, 42.8967218], [-2.1698003, 42.896719], [-2.1700197, 42.8966163]]]}, "properties": {"id": "overture-813fe27dbeb12848", "osm_id": "297157157", "theme": "buildings", "type": "building", "subtype": "apartments", "class": "apartments", "names": null, "height": 12.96, "num_floors": 3, "sources": [{"dataset": "OpenStreetMap", "record_id": "297157157"}, {"dataset": "IGN_LIDAR_PNOA_3", "record_id": "lidar_297157157", "height_source": "lidar_dtm"}], "update_time": "2024-11-13", "version": 1, "confidence": 0.85, "bbox": {"xmin": -2.170078, "ymin": 42.8966121, "xmax": -2.1697552, "ymax": 42.896789}}}, {"type": "Feature", "geometry": {"type": "Polygon", "coordinates": [[[-2.170078, 42.8966745], [-2.1701352, 42.8967513], [-2.1700084, 42.896809], [-2.1699093, 42.8968537], [-2.1698992, 42.8968493], [-2.1698679, 42.8968624], [-2.1698187, 42.8967908], [-2.1698413, 42.8967812], [-2.170078, 42.8966745]]]}, "properties": {"id": "overture-36a69a4c2c74ad59", "osm_id": "297157158", "theme": "buildings", "type": "building", "subtype": "apartments", "class": "apartments", "names": null, "height": 14.846, "num_floors": 3, "sources": [{"dataset": "OpenStreetMap", "record_id": "297157158"}, {"dataset": "IGN_LIDAR_PNOA_3", "record_id": "lidar_297157158", "height_source": "lidar_dtm"}], "update_time": "2024-11-13", "version": 1, "confidence": 0.85, "bbox": {"xmin": -2.1701352, "ymin": 42.8966745, "xmax": -2.1698187, "ymax": 42.8968624}}}, {"type": "Feature", "geometry": {"type": "Polygon", "coordinates": [[[-2.1701352, 42.8967513], [-2.1702128, 42.8968534], [-2.1700733, 42.8969233], [-2.1698903, 42.8970017], [-2.1698837, 42.8970045], [-2.169851, 42.8969605], [-2.1699133, 42.8969322], [-2.1698734, 42.8968786], [-2.1699199, 42.8968574], [-2.1699459, 42.8968763], [-2.1699851, 42.8968584], [-2.1699754, 42.8968454], [-2.1700203, 42.8968249], [-2.1700084, 42.896809], [-2.1701352, 42.8967513]]]}, "properties": {"id": "overture-cf545b843d9d70fb", "osm_id": "297157162", "theme": "buildings", "type": "building", "subtype": "apartments", "class": "apartments", "names": null, "height": 14.727, "num_floors": 3, "sources": [{"dataset": "OpenStreetMap", "record_id": "297157162"}, {"dataset": "IGN_LIDAR_PNOA_3", "record_id": "lidar_297157162", "height_source": "lidar_dtm"}], "update_time": "2024-11-13", "version": 1, "confidence": 0.85, "bbox": {"xmin": -2.1702128, "ymin": 42.8967513, "xmax": -2.169851, "ymax": 42.8970045}}}, {"type": "Feature", "geometry": {"type": "Polygon", "coordinates": [[[-2.1702128, 42.8968534], [-2.1702745, 42.8969288], [-2.1701351, 42.8969987], [-2.1700733, 42.8969233], [-2.1702128, 42.8968534]]]}, "properties": {"id": "overture-628be5d62c935dfd", "osm_id": "297157163", "theme": "buildings", "type": "building", "subtype": "house", "class": "house", "names": null, "height": 12.847, "num_floors": 3, "sources": [{"dataset": "OpenStreetMap", "record_id": "297157163"}, {"dataset": "IGN_LIDAR_PNOA_3", "record_id": "lidar_297157163", "height_source": "lidar_dtm"}], "update_time": "2024-11-13", "version": 1, "confidence": 0.85, "bbox": {"xmin": -2.1702745, "ymin": 42.8968534, "xmax": -2.1700733, "ymax": 42.8969987}}}, {"type": "Feature", "geometry": {"type": "Polygon", "coordinates": [[[-2.1703276, 42.897019], [-2.1701483, 42.8971249], [-2.1700869, 42.8970638], [-2.1702656, 42.8969541], [-2.1703276, 42.897019]]]}, "properties": {"id": "overture-d11ede84d315923d", "osm_id": "297157165", "theme": "buildings", "type": "building", "subtype": "apartments", "class": "apartments", "names": null, "height": 7.963, "num_floors": 3, "sources": [{"dataset": "OpenStreetMap", "record_id": "297157165"}, {"dataset": "IGN_LIDAR_PNOA_3", "record_id": "lidar_297157165", "height_source": "lidar_dtm"}], "update_time": "2024-11-13", "version": 1, "confidence": 0.85, "bbox": {"xmin": -2.1703276, "ymin": 42.8969541, "xmax": -2.1700869, "ymax": 42.8971249}}}, {"type": "Feature", "geometry": {"type": "Polygon", "coordinates": [[[-2.1703276, 42.897019], [-2.1703817, 42.897075], [-2.1702056, 42.897179], [-2.1702017, 42.897175], [-2.1701727, 42.8971921], [-2.1701227, 42.89714], [-2.1701483, 42.8971249], [-2.1703276, 42.897019]]]}, "properties": {"id": "overture-3456c62a02621720", "osm_id": "297157166", "theme": "buildings", "type": "building", "subtype": "house", "class": "house", "names": null, "height": 8.195, "num_floors": 3, "sources": [{"dataset": "OpenStreetMap", "record_id": "297157166"}, {"dataset": "IGN_LIDAR_PNOA_3", "record_id": "lidar_297157166", "height_source": "lidar_dtm"}], "update_time": "2024-11-13", "version": 1, "confidence": 0.85, "bbox": {"xmin": -2.1703817, "ymin": 42.897019, "xmax": -2.1701227, "ymax": 42.8971921}}}, {"type": "Feature", "geometry": {"type": "Polygon", "coordinates": [[[-2.1704034, 42.8970992], [-2.1702014, 42.8972193], [-2.1702311, 42.8972669], [-2.1704529, 42.8971537], [-2.1704034, 42.8970992]]]}, "properties": {"id": "overture-f4286e74640df36f", "osm_id": "297157698", "theme": "buildings", "type": "building", "subtype": "apartments", "class": "apartments", "names": null, "height": 8.043, "num_floors": 3, "sources": [{"dataset": "OpenStreetMap", "record_id": "297157698"}, {"dataset": "IGN_LIDAR_PNOA_3", "record_id": "lidar_297157698", "height_source": "lidar_dtm"}], "update_time": "2024-11-13", "version": 1, "confidence": 0.85, "bbox": {"xmin": -2.1704529, "ymin": 42.8970992, "xmax": -2.1702014, "ymax": 42.8972669}}}, {"type": "Feature", "geometry": {"type": "Polygon", "coordinates": [[[-2.1704529, 42.8971537], [-2.1704651, 42.8971474], [-2.1705125, 42.8972042], [-2.1702786, 42.8973237], [-2.1702311, 42.8972669], [-2.1704529, 42.8971537]]]}, "properties": {"id": "overture-9f96c1aa01a49e1f", "osm_id": "297157699", "theme": "buildings", "type": "building", "subtype": "apartments", "class": "apartments", "names": null, "height": 6.058, "num_floors": 3, "sources": [{"dataset": "OpenStreetMap", "record_id": "297157699"}, {"dataset": "IGN_LIDAR_PNOA_3", "record_id": "lidar_297157699", "height_source": "lidar_dtm"}], "update_time": "2024-11-13", "version": 1, "confidence": 0.85, "bbox": {"xmin": -2.1705125, "ymin": 42.8971474, "xmax": -2.1702311, "ymax": 42.8973237}}}, {"type": "Feature", "geometry": {"type": "Polygon", "coordinates": [[[-2.1705125, 42.8972042], [-2.1705535, 42.8972545], [-2.1705441, 42.8972592], [-2.17031, 42.8973756], [-2.1701891, 42.8974356], [-2.1701666, 42.8974101], [-2.1702025, 42.8973873], [-2.1701914, 42.8973697], [-2.1702786, 42.8973237], [-2.1705125, 42.8972042]]]}, "properties": {"id": "overture-a884799c80acd9f5", "osm_id": "297157700", "theme": "buildings", "type": "building", "subtype": "apartments", "class": "apartments", "names": null, "height": 6.326, "num_floors": 3, "sources": [{"dataset": "OpenStreetMap", "record_id": "297157700"}, {"dataset": "IGN_LIDAR_PNOA_3", "record_id": "lidar_297157700", "height_source": "lidar_dtm"}], "update_time": "2024-11-13", "version": 1, "confidence": 0.85, "bbox": {"xmin": -2.1705535, "ymin": 42.8972042, "xmax": -2.1701666, "ymax": 42.8974356}}}, {"type": "Feature", "geometry": {"type": "Polygon", "coordinates": [[[-2.1705441, 42.8972592], [-2.1705996, 42.897338], [-2.1704854, 42.8973891], [-2.1703656, 42.8974427], [-2.1702903, 42.8974787], [-2.170269, 42.8974479], [-2.170341, 42.8974189], [-2.17031, 42.8973756], [-2.1705441, 42.8972592]]]}, "properties": {"id": "overture-22479c5ff38cc2d3", "osm_id": "297157701", "theme": "buildings", "type": "building", "subtype": "apartments", "class": "apartments", "names": null, "height": 7.142, "num_floors": 2, "sources": [{"dataset": "OpenStreetMap", "record_id": "297157701"}, {"dataset": "IGN_LIDAR_PNOA_3", "record_id": "lidar_297157701", "height_source": "lidar_dtm"}], "update_time": "2024-11-13", "version": 1, "confidence": 0.85, "bbox": {"xmin": -2.1705996, "ymin": 42.8972592, "xmax": -2.170269, "ymax": 42.8974787}}}, {"type": "Feature", "geometry": {"type": "Polygon", "coordinates": [[[-2.1705996, 42.897338], [-2.1706451, 42.897398], [-2.170534, 42.8974481], [-2.1704854, 42.8973891], [-2.1705996, 42.897338]]]}, "properties": {"id": "overture-8e6ccc1b6236db43", "osm_id": "297157702", "theme": "buildings", "type": "building", "subtype": "apartments", "class": "apartments", "names": null, "height": 4.439, "num_floors": 2, "sources": [{"dataset": "OpenStreetMap", "record_id": "297157702"}, {"dataset": "IGN_LIDAR_PNOA_3", "record_id": "lidar_297157702", "height_source": "lidar_dtm"}], "update_time": "2024-11-13", "version": 1, "confidence": 0.85, "bbox": {"xmin": -2.1706451, "ymin": 42.897338, "xmax": -2.1704854, "ymax": 42.8974481}}}, {"type": "Feature", "geometry": {"type": "Polygon", "coordinates": [[[-2.1706451, 42.897398], [-2.170534, 42.8974481], [-2.1704258, 42.8974968], [-2.1705598, 42.8976784], [-2.1705953, 42.8976595], [-2.1707795, 42.8975784], [-2.1706451, 42.897398]]]}, "properties": {"id": "overture-3b4cb3a90641fede", "osm_id": "297157703", "theme": "buildings", "type": "building", "subtype": "apartments", "class": "apartments", "names": null, "height": 16.039, "num_floors": 2, "sources": [{"dataset": "OpenStreetMap", "record_id": "297157703"}, {"dataset": "IGN_LIDAR_PNOA_3", "record_id": "lidar_297157703", "height_source": "lidar_dtm"}], "update_time": "2024-11-13", "version": 1, "confidence": 0.85, "bbox": {"xmin": -2.1707795, "ymin": 42.897398, "xmax": -2.1704258, "ymax": 42.8976784}}}, {"type": "Feature", "geometry": {"type": "Polygon", "coordinates": [[[-2.1709183, 42.8977214], [-2.1708678, 42.8976556], [-2.1708455, 42.897666], [-2.1707395, 42.8977144], [-2.1707639, 42.8977459], [-2.1707881, 42.8977344], [-2.1708167, 42.8977711], [-2.1709183, 42.8977214]]]}, "properties": {"id": "overture-4843a304a24a5a4c", "osm_id": "297157704", "theme": "buildings", "type": "building", "subtype": "apartments", "class": "apartments", "names": null, "height": 13.073, "num_floors": 5, "sources": [{"dataset": "OpenStreetMap", "record_id": "297157704"}, {"dataset": "IGN_LIDAR_PNOA_3", "record_id": "lidar_297157704", "height_source": "lidar_dtm"}], "update_time": "2024-11-13", "version": 1, "confidence": 0.85, "bbox": {"xmin": -2.1709183, "ymin": 42.8976556, "xmax": -2.1707395, "ymax": 42.8977711}}}, {"type": "Feature", "geometry": {"type": "Polygon", "coordinates": [[[-2.1707795, 42.8975784], [-2.1708136, 42.8976258], [-2.1706908, 42.8976777], [-2.1706294, 42.8977068], [-2.1705953, 42.8976595], [-2.1707795, 42.8975784]]]}, "properties": {"id": "overture-6f5abc365af8841b", "osm_id": "297158484", "theme": "buildings", "type": "building", "subtype": "apartments", "class": "apartments", "names": null, "height": 11.212, "num_floors": 2, "sources": [{"dataset": "OpenStreetMap", "record_id": "297158484"}, {"dataset": "IGN_LIDAR_PNOA_3", "record_id": "lidar_297158484", "height_source": "lidar_dtm"}], "update_time": "2024-11-13", "version": 1, "confidence": 0.85, "bbox": {"xmin": -2.1708136, "ymin": 42.8975784, "xmax": -2.1705953, "ymax": 42.8977068}}}, {"type": "Feature", "geometry": {"type": "Polygon", "coordinates": [[[-2.1708136, 42.8976258], [-2.1708455, 42.897666], [-2.1707247, 42.8977214], [-2.1706908, 42.8976777], [-2.1708136, 42.8976258]]]}, "properties": {"id": "overture-f38b7d31c6ac8cfc", "osm_id": "297158485", "theme": "buildings", "type": "building", "subtype": "apartments", "class": "apartments", "names": null, "height": 12.815, "num_floors": 2, "sources": [{"dataset": "OpenStreetMap", "record_id": "297158485"}, {"dataset": "IGN_LIDAR_PNOA_3", "record_id": "lidar_297158485", "height_source": "lidar_dtm"}], "update_time": "2024-11-13", "version": 1, "confidence": 0.85, "bbox": {"xmin": -2.1708455, "ymin": 42.8976258, "xmax": -2.1706908, "ymax": 42.8977214}}}, {"type": "Feature", "geometry": {"type": "Polygon", "coordinates": [[[-2.1708167, 42.8977711], [-2.1707014, 42.8978257], [-2.1706146, 42.8977139], [-2.1706294, 42.8977068], [-2.1706908, 42.8976777], [-2.1707247, 42.8977214], [-2.1707395, 42.8977144], [-2.1707639, 42.8977459], [-2.1707881, 42.8977344], [-2.1708167, 42.8977711]]]}, "properties": {"id": "overture-6e7ffc3260c0b76f", "osm_id": "297158486", "theme": "buildings", "type": "building", "subtype": "apartments", "class": "apartments", "names": null, "height": 3.717, "num_floors": 2, "sources": [{"dataset": "OpenStreetMap", "record_id": "297158486"}, {"dataset": "IGN_LIDAR_PNOA_3", "record_id": "lidar_297158486", "height_source": "lidar_dtm"}], "update_time": "2024-11-13", "version": 1, "confidence": 0.85, "bbox": {"xmin": -2.1708167, "ymin": 42.8976777, "xmax": -2.1706146, "ymax": 42.8978257}}}, {"type": "Feature", "geometry": {"type": "Polygon", "coordinates": [[[-2.1707014, 42.8978257], [-2.1706094, 42.897873], [-2.1706071, 42.897866], [-2.1705542, 42.8978915], [-2.1704699, 42.8977833], [-2.1706146, 42.8977139], [-2.1707014, 42.8978257]]]}, "properties": {"id": "overture-49b4093bdf957dd7", "osm_id": "297158487", "theme": "buildings", "type": "building", "subtype": "apartments", "class": "apartments", "names": null, "height": 13.736, "num_floors": 2, "sources": [{"dataset": "OpenStreetMap", "record_id": "297158487"}, {"dataset": "IGN_LIDAR_PNOA_3", "record_id": "lidar_297158487", "height_source": "lidar_dtm"}], "update_time": "2024-11-13", "version": 1, "confidence": 0.85, "bbox": {"xmin": -2.1707014, "ymin": 42.8977139, "xmax": -2.1704699, "ymax": 42.8978915}}}, {"type": "Feature", "geometry": {"type": "Polygon", "coordinates": [[[-2.1706043, 42.8984682], [-2.1707145, 42.8985217], [-2.1707941, 42.8984213], [-2.1706839, 42.8983679], [-2.1706043, 42.8984682]]]}, "properties": {"id": "overture-b87feda87c8aed09", "osm_id": "297158488", "theme": "buildings", "type": "building", "subtype": "detached", "class": "detached", "names": null, "height": 5.958, "num_floors": 2, "sources": [{"dataset": "OpenStreetMap", "record_id": "297158488"}, {"dataset": "IGN_LIDAR_PNOA_3", "record_id": "lidar_297158488", "height_source": "lidar_dtm"}], "update_time": "2024-11-13", "version": 1, "confidence": 0.85, "bbox": {"xmin": -2.1707941, "ymin": 42.8983679, "xmax": -2.1706043, "ymax": 42.8985217}}}, {"type": "Feature", "geometry": {"type": "Polygon", "coordinates": [[[-2.1688033, 42.8955266], [-2.1688185, 42.8955272], [-2.1688947, 42.895588], [-2.1689023, 42.8956107], [-2.168887, 42.8956262], [-2.1688047, 42.895656], [-2.1687527, 42.8956703], [-2.1686373, 42.8957063], [-2.1686062, 42.8956464], [-2.1686393, 42.8956367], [-2.1686595, 42.895586], [-2.1687027, 42.8955681], [-2.1687178, 42.895594], [-2.1687726, 42.8955749], [-2.1687559, 42.8955462], [-2.1688033, 42.8955266]]]}, "properties": {"id": "overture-6b31e8d34287f640", "osm_id": "297158741", "theme": "buildings", "type": "building", "subtype": "apartments", "class": "apartments", "names": null, "height": 10.341, "num_floors": 4, "sources": [{"dataset": "OpenStreetMap", "record_id": "297158741"}, {"dataset": "IGN_LIDAR_PNOA_3", "record_id": "lidar_297158741", "height_source": "lidar_dtm"}], "update_time": "2024-11-13", "version": 1, "confidence": 0.85, "bbox": {"xmin": -2.1689023, "ymin": 42.8955266, "xmax": -2.1686062, "ymax": 42.8957063}}}, {"type": "Feature", "geometry": {"type": "Polygon", "coordinates": [[[-2.1710385, 42.8977314], [-2.1710308, 42.8977362], [-2.1708023, 42.8978767], [-2.1707694, 42.8978441], [-2.1710056, 42.8976988], [-2.1710385, 42.8977314]]]}, "properties": {"id": "overture-6048a30136763c9b", "osm_id": "297160853", "theme": "buildings", "type": "building", "subtype": "apartments", "class": "apartments", "names": null, "height": 12.227, "num_floors": 2, "sources": [{"dataset": "OpenStreetMap", "record_id": "297160853"}, {"dataset": "IGN_LIDAR_PNOA_3", "record_id": "lidar_297160853", "height_source": "lidar_dtm"}], "update_time": "2024-11-13", "version": 1, "confidence": 0.85, "bbox": {"xmin": -2.1710385, "ymin": 42.8976988, "xmax": -2.1707694, "ymax": 42.8978767}}}, {"type": "Feature", "geometry": {"type": "Polygon", "coordinates": [[[-2.1710308, 42.8977362], [-2.1710685, 42.8977762], [-2.1709024, 42.8979002], [-2.1708942, 42.8979063], [-2.1708604, 42.8978729], [-2.1708087, 42.8979019], [-2.1707908, 42.8978843], [-2.1708023, 42.8978767], [-2.1710308, 42.8977362]]]}, "properties": {"id": "overture-4e4a75005344cb97", "osm_id": "297160854", "theme": "buildings", "type": "building", "subtype": "apartments", "class": "apartments", "names": null, "height": 11.962, "num_floors": 2, "sources": [{"dataset": "OpenStreetMap", "record_id": "297160854"}, {"dataset": "IGN_LIDAR_PNOA_3", "record_id": "lidar_297160854", "height_source": "lidar_dtm"}], "update_time": "2024-11-13", "version": 1, "confidence": 0.85, "bbox": {"xmin": -2.1710685, "ymin": 42.8977362, "xmax": -2.1707908, "ymax": 42.8979063}}}, {"type": "Feature", "geometry": {"type": "Polygon", "coordinates": [[[-2.1709024, 42.8979002], [-2.1709414, 42.8979362], [-2.1711259, 42.8978324], [-2.1710775, 42.8977735], [-2.1710685, 42.8977762], [-2.1709024, 42.8979002]]]}, "properties": {"id": "overture-86fab5d34308f519", "osm_id": "297160855", "theme": "buildings", "type": "building", "subtype": "apartments", "class": "apartments", "names": null, "height": 13.089, "num_floors": 2, "sources": [{"dataset": "OpenStreetMap", "record_id": "297160855"}, {"dataset": "IGN_LIDAR_PNOA_3", "record_id": "lidar_297160855", "height_source": "lidar_dtm"}], "update_time": "2024-11-13", "version": 1, "confidence": 0.85, "bbox": {"xmin": -2.1711259, "ymin": 42.8977735, "xmax": -2.1709024, "ymax": 42.8979362}}}, {"type": "Feature", "geometry": {"type": "Polygon", "coordinates": [[[-2.1713204, 42.8979881], [-2.1712646, 42.8980185], [-2.1712522, 42.8980046], [-2.1711275, 42.8980724], [-2.1710617, 42.8979999], [-2.171243, 42.8978994], [-2.1713204, 42.8979881]]]}, "properties": {"id": "overture-47c492e7f830730e", "osm_id": "297160856", "theme": "buildings", "type": "building", "subtype": "apartments", "class": "apartments", "names": null, "height": 11.13, "num_floors": 2, "sources": [{"dataset": "OpenStreetMap", "record_id": "297160856"}, {"dataset": "IGN_LIDAR_PNOA_3", "record_id": "lidar_297160856", "height_source": "lidar_dtm"}], "update_time": "2024-11-13", "version": 1, "confidence": 0.85, "bbox": {"xmin": -2.1713204, "ymin": 42.8978994, "xmax": -2.1710617, "ymax": 42.8980724}}}, {"type": "Feature", "geometry": {"type": "Polygon", "coordinates": [[[-2.1713204, 42.8979881], [-2.1713671, 42.8980421], [-2.1711974, 42.8981346], [-2.1711785, 42.8981435], [-2.1711175, 42.8980747], [-2.1711275, 42.8980724], [-2.1712522, 42.8980046], [-2.1712646, 42.8980185], [-2.1713204, 42.8979881]]]}, "properties": {"id": "overture-8842729e312d81d7", "osm_id": "297160857", "theme": "buildings", "type": "building", "subtype": "apartments", "class": "apartments", "names": null, "height": 1.666, "num_floors": 2, "sources": [{"dataset": "OpenStreetMap", "record_id": "297160857"}, {"dataset": "IGN_LIDAR_PNOA_3", "record_id": "lidar_297160857", "height_source": "lidar_dtm"}], "update_time": "2024-11-13", "version": 1, "confidence": 0.85, "bbox": {"xmin": -2.1713671, "ymin": 42.8979881, "xmax": -2.1711175, "ymax": 42.8981435}}}, {"type": "Feature", "geometry": {"type": "Polygon", "coordinates": [[[-2.1714228, 42.8981079], [-2.1712537, 42.8981978], [-2.1711974, 42.8981346], [-2.1713671, 42.8980421], [-2.1714228, 42.8981079]]]}, "properties": {"id": "overture-ece9f195b7d5ee08", "osm_id": "297160858", "theme": "buildings", "type": "building", "subtype": "apartments", "class": "apartments", "names": null, "height": 2.497, "num_floors": 2, "sources": [{"dataset": "OpenStreetMap", "record_id": "297160858"}, {"dataset": "IGN_LIDAR_PNOA_3", "record_id": "lidar_297160858", "height_source": "lidar_dtm"}], "update_time": "2024-11-13", "version": 1, "confidence": 0.85, "bbox": {"xmin": -2.1714228, "ymin": 42.8980421, "xmax": -2.1711974, "ymax": 42.8981978}}}, {"type": "Feature", "geometry": {"type": "Polygon", "coordinates": [[[-2.1714228, 42.8981079], [-2.1714895, 42.8981907], [-2.1712577, 42.8983108], [-2.1711897, 42.8982337], [-2.1714228, 42.8981079]]]}, "properties": {"id": "overture-d440242a57ec8055", "osm_id": "297160859", "theme": "buildings", "type": "building", "subtype": "apartments", "class": "apartments", "names": null, "height": 3.314, "num_floors": 2, "sources": [{"dataset": "OpenStreetMap", "record_id": "297160859"}, {"dataset": "IGN_LIDAR_PNOA_3", "record_id": "lidar_297160859", "height_source": "lidar_dtm"}], "update_time": "2024-11-13", "version": 1, "confidence": 0.85, "bbox": {"xmin": -2.1714895, "ymin": 42.8981079, "xmax": -2.1711897, "ymax": 42.8983108}}}, {"type": "Feature", "geometry": {"type": "Polygon", "coordinates": [[[-2.1712577, 42.8983108], [-2.1712384, 42.8983208], [-2.1712526, 42.8983377], [-2.1712179, 42.8983557], [-2.1712474, 42.8983906], [-2.1715334, 42.8982424], [-2.1714895, 42.8981907], [-2.1712577, 42.8983108]]]}, "properties": {"id": "overture-075fdfcf116f5e18", "osm_id": "297160860", "theme": "buildings", "type": "building", "subtype": "apartments", "class": "apartments", "names": null, "height": 9.833, "num_floors": 2, "sources": [{"dataset": "OpenStreetMap", "record_id": "297160860"}, {"dataset": "IGN_LIDAR_PNOA_3", "record_id": "lidar_297160860", "height_source": "lidar_dtm"}], "update_time": "2024-11-13", "version": 1, "confidence": 0.85, "bbox": {"xmin": -2.1715334, "ymin": 42.8981907, "xmax": -2.1712179, "ymax": 42.8983906}}}, {"type": "Feature", "geometry": {"type": "Polygon", "coordinates": [[[-2.1715793, 42.8983032], [-2.1714618, 42.8983695], [-2.1715192, 42.8984318], [-2.1716368, 42.8983655], [-2.1715793, 42.8983032]]]}, "properties": {"id": "overture-838e55d91c505df6", "osm_id": "297160862", "theme": "buildings", "type": "building", "subtype": "house", "class": "house", "names": null, "height": 2.067, "num_floors": 1, "sources": [{"dataset": "OpenStreetMap", "record_id": "297160862"}, {"dataset": "IGN_LIDAR_PNOA_3", "record_id": "lidar_297160862", "height_source": "lidar_dtm"}], "update_time": "2024-11-13", "version": 1, "confidence": 0.85, "bbox": {"xmin": -2.1716368, "ymin": 42.8983032, "xmax": -2.1714618, "ymax": 42.8984318}}}, {"type": "Feature", "geometry": {"type": "Polygon", "coordinates": [[[-2.171303, 42.8983935], [-2.1714879, 42.898465], [-2.171433, 42.8985517], [-2.1715686, 42.8986042], [-2.1713644, 42.8989271], [-2.1710439, 42.8988031], [-2.171303, 42.8983935]]]}, "properties": {"id": "overture-52ef6b970c5fa7fc", "osm_id": "297160863", "theme": "buildings", "type": "building", "subtype": "building", "class": "yes", "names": {"primary": "Josefina Arregui"}, "height": 11.858, "num_floors": 2, "sources": [{"dataset": "OpenStreetMap", "record_id": "297160863"}, {"dataset": "IGN_LIDAR_PNOA_3", "record_id": "lidar_297160863", "height_source": "lidar_dtm"}], "update_time": "2024-11-13", "version": 1, "confidence": 0.85, "bbox": {"xmin": -2.1715686, "ymin": 42.8983935, "xmax": -2.1710439, "ymax": 42.8989271}}}, {"type": "Feature", "geometry": {"type": "Polygon", "coordinates": [[[-2.1710695, 42.8996529], [-2.1710284, 42.899583], [-2.1710035, 42.899592], [-2.1709693, 42.8995337], [-2.1707838, 42.8996004], [-2.1708591, 42.8997285], [-2.1710695, 42.8996529]]]}, "properties": {"id": "overture-f5c3e8873d656d7e", "osm_id": "297160864", "theme": "buildings", "type": "building", "subtype": "building", "class": "yes", "names": {"primary": "Beilatoki"}, "height": 6.4, "num_floors": 2, "sources": [{"dataset": "OpenStreetMap", "record_id": "297160864"}], "update_time": "2024-11-13", "version": 1, "confidence": 0.85, "bbox": {"xmin": -2.1710695, "ymin": 42.8995337, "xmax": -2.1707838, "ymax": 42.8997285}}}, {"type": "Feature", "geometry": {"type": "Polygon", "coordinates": [[[-2.1710695, 42.8996529], [-2.1710284, 42.899583], [-2.1708802, 42.8993543], [-2.1706615, 42.8994412], [-2.1706282, 42.8993862], [-2.1705448, 42.8994137], [-2.170493, 42.8993341], [-2.1712413, 42.89904], [-2.1712747, 42.899098], [-2.1712913, 42.8990893], [-2.171308, 42.8990719], [-2.1713914, 42.8990212], [-2.1714506, 42.8990936], [-2.1713599, 42.8991487], [-2.1715043, 42.8993688], [-2.1713821, 42.8994601], [-2.1713265, 42.8994774], [-2.1713562, 42.8995137], [-2.1713112, 42.8995317], [-2.1712839, 42.8995426], [-2.1712598, 42.8995151], [-2.1711302, 42.8995586], [-2.1711432, 42.8996035], [-2.1710695, 42.8996529]]]}, "properties": {"id": "overture-a0da63637824c803", "osm_id": "297160865", "theme": "buildings", "type": "building", "subtype": "building", "class": "yes", "names": {"primary": "Josefina Arregui"}, "height": 14.046, "num_floors": 2, "sources": [{"dataset": "OpenStreetMap", "record_id": "297160865"}, {"dataset": "IGN_LIDAR_PNOA_3", "record_id": "lidar_297160865", "height_source": "lidar_dtm"}], "update_time": "2024-11-13", "version": 1, "confidence": 0.85, "bbox": {"xmin": -2.1715043, "ymin": 42.8990212, "xmax": -2.170493, "ymax": 42.8996529}}}, {"type": "Feature", "geometry": {"type": "Polygon", "coordinates": [[[-2.1717717, 42.898509], [-2.1716845, 42.8985336], [-2.1716364, 42.8985365], [-2.1716197, 42.8985192], [-2.1715686, 42.8986042], [-2.171433, 42.8985517], [-2.1714879, 42.898465], [-2.1715192, 42.8984318], [-2.1716368, 42.8983655], [-2.1717717, 42.898509]]]}, "properties": {"id": "overture-13cb031e3332109a", "osm_id": "297162224", "theme": "buildings", "type": "building", "subtype": "apartments", "class": "apartments", "names": null, "height": 1.305, "num_floors": 2, "sources": [{"dataset": "OpenStreetMap", "record_id": "297162224"}, {"dataset": "IGN_LIDAR_PNOA_3", "record_id": "lidar_297162224", "height_source": "lidar_dtm"}], "update_time": "2024-11-13", "version": 1, "confidence": 0.85, "bbox": {"xmin": -2.1717717, "ymin": 42.8983655, "xmax": -2.171433, "ymax": 42.8986042}}}, {"type": "Feature", "geometry": {"type": "Polygon", "coordinates": [[[-2.1717898, 42.8985318], [-2.1716197, 42.8985921], [-2.1716705, 42.8986794], [-2.1718405, 42.898619], [-2.1717898, 42.8985318]]]}, "properties": {"id": "overture-a6fc66be2125bb02", "osm_id": "297162227", "theme": "buildings", "type": "building", "subtype": "apartments", "class": "apartments", "names": null, "height": 6.4, "num_floors": 2, "sources": [{"dataset": "OpenStreetMap", "record_id": "297162227"}], "update_time": "2024-11-13", "version": 1, "confidence": 0.85, "bbox": {"xmin": -2.1718405, "ymin": 42.8985318, "xmax": -2.1716197, "ymax": 42.8986794}}}, {"type": "Feature", "geometry": {"type": "Polygon", "coordinates": [[[-2.1718405, 42.898619], [-2.1718873, 42.8986875], [-2.1717377, 42.8987394], [-2.1716927, 42.898757], [-2.1716769, 42.8987632], [-2.1716533, 42.8986823], [-2.1716705, 42.8986794], [-2.1718405, 42.898619]]]}, "properties": {"id": "overture-066e6b2a5f010fea", "osm_id": "297162230", "theme": "buildings", "type": "building", "subtype": "apartments", "class": "apartments", "names": null, "height": 6.4, "num_floors": 2, "sources": [{"dataset": "OpenStreetMap", "record_id": "297162230"}], "update_time": "2024-11-13", "version": 1, "confidence": 0.85, "bbox": {"xmin": -2.1718873, "ymin": 42.898619, "xmax": -2.1716533, "ymax": 42.8987632}}}, {"type": "Feature", "geometry": {"type": "Polygon", "coordinates": [[[-2.1718873, 42.8986875], [-2.1719457, 42.898772], [-2.1717816, 42.8988229], [-2.1717106, 42.8988168], [-2.1716927, 42.898757], [-2.1717377, 42.8987394], [-2.1718873, 42.8986875]]]}, "properties": {"id": "overture-def90d7abf09d279", "osm_id": "297162232", "theme": "buildings", "type": "building", "subtype": "apartments", "class": "apartments", "names": null, "height": 6.4, "num_floors": 2, "sources": [{"dataset": "OpenStreetMap", "record_id": "297162232"}], "update_time": "2024-11-13", "version": 1, "confidence": 0.85, "bbox": {"xmin": -2.1719457, "ymin": 42.8986875, "xmax": -2.1716927, "ymax": 42.8988229}}}, {"type": "Feature", "geometry": {"type": "Polygon", "coordinates": [[[-2.1719794, 42.8988142], [-2.1720255, 42.8988748], [-2.1718895, 42.8989337], [-2.1718445, 42.898917], [-2.1717884, 42.89891], [-2.171731, 42.8988757], [-2.171794, 42.8988599], [-2.1718547, 42.8988634], [-2.1719794, 42.8988142]]]}, "properties": {"id": "overture-a205d05699484103", "osm_id": "297162235", "theme": "buildings", "type": "building", "subtype": "apartments", "class": "apartments", "names": null, "height": 6.4, "num_floors": 2, "sources": [{"dataset": "OpenStreetMap", "record_id": "297162235"}], "update_time": "2024-11-13", "version": 1, "confidence": 0.85, "bbox": {"xmin": -2.1720255, "ymin": 42.8988142, "xmax": -2.171731, "ymax": 42.8989337}}}, {"type": "Feature", "geometry": {"type": "Polygon", "coordinates": [[[-2.1720255, 42.8988748], [-2.1720581, 42.8989232], [-2.1719109, 42.8989891], [-2.1718963, 42.8989759], [-2.1718806, 42.898983], [-2.1717884, 42.89891], [-2.1718445, 42.898917], [-2.1718895, 42.8989337], [-2.1720255, 42.8988748]]]}, "properties": {"id": "overture-e5c54f7ee051897e", "osm_id": "297162237", "theme": "buildings", "type": "building", "subtype": "apartments", "class": "apartments", "names": null, "height": 6.4, "num_floors": 2, "sources": [{"dataset": "OpenStreetMap", "record_id": "297162237"}], "update_time": "2024-11-13", "version": 1, "confidence": 0.85, "bbox": {"xmin": -2.1720581, "ymin": 42.8988748, "xmax": -2.1717884, "ymax": 42.8989891}}}, {"type": "Feature", "geometry": {"type": "Polygon", "coordinates": [[[-2.1721246, 42.8990428], [-2.172084, 42.8989759], [-2.1719817, 42.899012], [-2.1720424, 42.8990982], [-2.1721246, 42.8990428]]]}, "properties": {"id": "overture-f8be2eab0bde1918", "osm_id": "297162241", "theme": "buildings", "type": "building", "subtype": "apartments", "class": "apartments", "names": null, "height": 6.4, "num_floors": 2, "sources": [{"dataset": "OpenStreetMap", "record_id": "297162241"}], "update_time": "2024-11-13", "version": 1, "confidence": 0.85, "bbox": {"xmin": -2.1721246, "ymin": 42.8989759, "xmax": -2.1719817, "ymax": 42.8990982}}}, {"type": "Feature", "geometry": {"type": "Polygon", "coordinates": [[[-2.1717545, 42.8992178], [-2.1718288, 42.8991588], [-2.1717095, 42.8990683], [-2.1716331, 42.8991237], [-2.1717545, 42.8992178]]]}, "properties": {"id": "overture-e2fad598cd5f42a7", "osm_id": "297162244", "theme": "buildings", "type": "building", "subtype": "house", "class": "house", "names": null, "height": 6.4, "num_floors": 2, "sources": [{"dataset": "OpenStreetMap", "record_id": "297162244"}], "update_time": "2024-11-13", "version": 1, "confidence": 0.85, "bbox": {"xmin": -2.1718288, "ymin": 42.8990683, "xmax": -2.1716331, "ymax": 42.8992178}}}, {"type": "Feature", "geometry": {"type": "Polygon", "coordinates": [[[-2.1720429, 42.8991604], [-2.1720977, 42.899242], [-2.1720135, 42.8992765], [-2.1719587, 42.8991949], [-2.1720429, 42.8991604]]]}, "properties": {"id": "overture-911843e5c830995a", "osm_id": "297162247", "theme": "buildings", "type": "building", "subtype": "house", "class": "house", "names": null, "height": 6.4, "num_floors": 2, "sources": [{"dataset": "OpenStreetMap", "record_id": "297162247"}], "update_time": "2024-11-13", "version": 1, "confidence": 0.85, "bbox": {"xmin": -2.1720977, "ymin": 42.8991604, "xmax": -2.1719587, "ymax": 42.8992765}}}, {"type": "Feature", "geometry": {"type": "Polygon", "coordinates": [[[-2.1720977, 42.899242], [-2.1721107, 42.8992642], [-2.1721533, 42.8992476], [-2.1721451, 42.8992348], [-2.1722373, 42.8991987], [-2.172168, 42.8990905], [-2.1720332, 42.8991433], [-2.1720429, 42.8991604], [-2.1720977, 42.899242]]]}, "properties": {"id": "overture-59bffca096b5848f", "osm_id": "297162249", "theme": "buildings", "type": "building", "subtype": "house", "class": "house", "names": null, "height": 6.4, "num_floors": 2, "sources": [{"dataset": "OpenStreetMap", "record_id": "297162249"}], "update_time": "2024-11-13", "version": 1, "confidence": 0.85, "bbox": {"xmin": -2.1722373, "ymin": 42.8990905, "xmax": -2.1720332, "ymax": 42.8992642}}}, {"type": "Feature", "geometry": {"type": "Polygon", "coordinates": [[[-2.1743452, 42.9005243], [-2.174208, 42.900467], [-2.1742751, 42.9003596], [-2.174211, 42.9003453], [-2.1745435, 42.8998467], [-2.1746138, 42.8998658], [-2.1746749, 42.8997847], [-2.1747725, 42.8998396], [-2.1747511, 42.8998634], [-2.1747663, 42.8998897], [-2.1743452, 42.9005243]]]}, "properties": {"id": "overture-da32a5da454702ef", "osm_id": "297164759", "theme": "buildings", "type": "building", "subtype": "industrial", "class": "industrial", "names": {"primary": "Panificadora Amaya"}, "height": 1.038, "num_floors": 2, "sources": [{"dataset": "OpenStreetMap", "record_id": "297164759"}, {"dataset": "IGN_LIDAR_PNOA_3", "record_id": "lidar_297164759", "height_source": "lidar_dtm"}], "update_time": "2024-11-13", "version": 1, "confidence": 0.85, "bbox": {"xmin": -2.1747725, "ymin": 42.8997847, "xmax": -2.174208, "ymax": 42.9005243}}}, {"type": "Feature", "geometry": {"type": "Polygon", "coordinates": [[[-2.1683224, 42.8958692], [-2.1683076, 42.8958423], [-2.1682249, 42.895869], [-2.1682973, 42.8960086], [-2.1683846, 42.8959817], [-2.1683224, 42.8958692]]]}, "properties": {"id": "overture-ee77d0b785ba3c33", "osm_id": "297165188", "theme": "buildings", "type": "building", "subtype": "house", "class": "house", "names": null, "height": 13.319, "num_floors": 3, "sources": [{"dataset": "OpenStreetMap", "record_id": "297165188"}, {"dataset": "IGN_LIDAR_PNOA_3", "record_id": "lidar_297165188", "height_source": "lidar_dtm"}], "update_time": "2024-11-13", "version": 1, "confidence": 0.85, "bbox": {"xmin": -2.1683846, "ymin": 42.8958423, "xmax": -2.1682249, "ymax": 42.8960086}}}, {"type": "Feature", "geometry": {"type": "Polygon", "coordinates": [[[-2.1682249, 42.895869], [-2.1681526, 42.8958939], [-2.1682299, 42.8960322], [-2.1682973, 42.8960086], [-2.1682249, 42.895869]]]}, "properties": {"id": "overture-75c994c9d506ee16", "osm_id": "297165189", "theme": "buildings", "type": "building", "subtype": "house", "class": "house", "names": null, "height": 15.01, "num_floors": 3, "sources": [{"dataset": "OpenStreetMap", "record_id": "297165189"}, {"dataset": "IGN_LIDAR_PNOA_3", "record_id": "lidar_297165189", "height_source": "lidar_dtm"}], "update_time": "2024-11-13", "version": 1, "confidence": 0.85, "bbox": {"xmin": -2.1682973, "ymin": 42.895869, "xmax": -2.1681526, "ymax": 42.8960322}}}, {"type": "Feature", "geometry": {"type": "Polygon", "coordinates": [[[-2.1681669, 42.8960537], [-2.1682299, 42.8960322], [-2.1681526, 42.8958939], [-2.1680898, 42.8959153], [-2.1681669, 42.8960537]]]}, "properties": {"id": "overture-ffae492260f12b6d", "osm_id": "297165190", "theme": "buildings", "type": "building", "subtype": "house", "class": "house", "names": null, "height": 16.016, "num_floors": 3, "sources": [{"dataset": "OpenStreetMap", "record_id": "297165190"}, {"dataset": "IGN_LIDAR_PNOA_3", "record_id": "lidar_297165190", "height_source": "lidar_dtm"}], "update_time": "2024-11-13", "version": 1, "confidence": 0.85, "bbox": {"xmin": -2.1682299, "ymin": 42.8958939, "xmax": -2.1680898, "ymax": 42.8960537}}}, {"type": "Feature", "geometry": {"type": "Polygon", "coordinates": [[[-2.1681091, 42.8961066], [-2.1681029, 42.8960959], [-2.1680398, 42.895988], [-2.1679602, 42.8960164], [-2.1679734, 42.8960398], [-2.1678568, 42.8960802], [-2.167913, 42.8961766], [-2.1679278, 42.8961713], [-2.1681091, 42.8961066]]]}, "properties": {"id": "overture-6ad41eafb7d4ac22", "osm_id": "297165191", "theme": "buildings", "type": "building", "subtype": "house", "class": "house", "names": null, "height": 14.706, "num_floors": 2, "sources": [{"dataset": "OpenStreetMap", "record_id": "297165191"}, {"dataset": "IGN_LIDAR_PNOA_3", "record_id": "lidar_297165191", "height_source": "lidar_dtm"}], "update_time": "2024-11-13", "version": 1, "confidence": 0.85, "bbox": {"xmin": -2.1681091, "ymin": 42.895988, "xmax": -2.1678568, "ymax": 42.8961766}}}, {"type": "Feature", "geometry": {"type": "Polygon", "coordinates": [[[-2.1679734, 42.8960398], [-2.1679602, 42.8960164], [-2.1679461, 42.8959915], [-2.1677901, 42.8960448], [-2.1678173, 42.8960934], [-2.1678568, 42.8960802], [-2.1679734, 42.8960398]]]}, "properties": {"id": "overture-5372b3b233738348", "osm_id": "297167107", "theme": "buildings", "type": "building", "subtype": "apartments", "class": "apartments", "names": null, "height": 4.503, "num_floors": 2, "sources": [{"dataset": "OpenStreetMap", "record_id": "297167107"}, {"dataset": "IGN_LIDAR_PNOA_3", "record_id": "lidar_297167107", "height_source": "lidar_dtm"}], "update_time": "2024-11-13", "version": 1, "confidence": 0.85, "bbox": {"xmin": -2.1679734, "ymin": 42.8959915, "xmax": -2.1677901, "ymax": 42.8960934}}}, {"type": "Feature", "geometry": {"type": "Polygon", "coordinates": [[[-2.1679461, 42.8959915], [-2.1679159, 42.8959375], [-2.1677599, 42.8959908], [-2.1677901, 42.8960448], [-2.1679461, 42.8959915]]]}, "properties": {"id": "overture-21f9a12bd24fd205", "osm_id": "297167109", "theme": "buildings", "type": "building", "subtype": "apartments", "class": "apartments", "names": null, "height": 3.575, "num_floors": 2, "sources": [{"dataset": "OpenStreetMap", "record_id": "297167109"}, {"dataset": "IGN_LIDAR_PNOA_3", "record_id": "lidar_297167109", "height_source": "lidar_dtm"}], "update_time": "2024-11-13", "version": 1, "confidence": 0.85, "bbox": {"xmin": -2.1679461, "ymin": 42.8959375, "xmax": -2.1677599, "ymax": 42.8960448}}}, {"type": "Feature", "geometry": {"type": "Polygon", "coordinates": [[[-2.1679159, 42.8959375], [-2.1678633, 42.895843], [-2.1677067, 42.8958974], [-2.1677599, 42.8959908], [-2.1679159, 42.8959375]]]}, "properties": {"id": "overture-17cf67db43d837b0", "osm_id": "297167110", "theme": "buildings", "type": "building", "subtype": "apartments", "class": "apartments", "names": null, "height": 6.68, "num_floors": 2, "sources": [{"dataset": "OpenStreetMap", "record_id": "297167110"}, {"dataset": "IGN_LIDAR_PNOA_3", "record_id": "lidar_297167110", "height_source": "lidar_dtm"}], "update_time": "2024-11-13", "version": 1, "confidence": 0.85, "bbox": {"xmin": -2.1679159, "ymin": 42.895843, "xmax": -2.1677067, "ymax": 42.8959908}}}, {"type": "Feature", "geometry": {"type": "Polygon", "coordinates": [[[-2.1678173, 42.8960934], [-2.1677933, 42.8961027], [-2.1678545, 42.8961996], [-2.1678652, 42.8962284], [-2.16794, 42.8961986], [-2.1679278, 42.8961713], [-2.167913, 42.8961766], [-2.1678568, 42.8960802], [-2.1678173, 42.8960934]]]}, "properties": {"id": "overture-07d32ce3110f2c5e", "osm_id": "297167111", "theme": "buildings", "type": "building", "subtype": "apartments", "class": "apartments", "names": null, "height": 5.871, "num_floors": 2, "sources": [{"dataset": "OpenStreetMap", "record_id": "297167111"}, {"dataset": "IGN_LIDAR_PNOA_3", "record_id": "lidar_297167111", "height_source": "lidar_dtm"}], "update_time": "2024-11-13", "version": 1, "confidence": 0.85, "bbox": {"xmin": -2.16794, "ymin": 42.8960802, "xmax": -2.1677933, "ymax": 42.8962284}}}, {"type": "Feature", "geometry": {"type": "Polygon", "coordinates": [[[-2.1677933, 42.8961027], [-2.1677024, 42.8961378], [-2.167713, 42.8961546], [-2.1676286, 42.8961871], [-2.1676794, 42.8962673], [-2.1678545, 42.8961996], [-2.1677933, 42.8961027]]]}, "properties": {"id": "overture-e7050d9254828409", "osm_id": "297167112", "theme": "buildings", "type": "building", "subtype": "apartments", "class": "apartments", "names": null, "height": 8.032, "num_floors": 2, "sources": [{"dataset": "OpenStreetMap", "record_id": "297167112"}, {"dataset": "IGN_LIDAR_PNOA_3", "record_id": "lidar_297167112", "height_source": "lidar_dtm"}], "update_time": "2024-11-13", "version": 1, "confidence": 0.85, "bbox": {"xmin": -2.1678545, "ymin": 42.8961027, "xmax": -2.1676286, "ymax": 42.8962673}}}, {"type": "Feature", "geometry": {"type": "Polygon", "coordinates": [[[-2.1677523, 42.8960747], [-2.1675818, 42.8961433], [-2.1675528, 42.8960991], [-2.1675921, 42.8960829], [-2.1676226, 42.8960471], [-2.1676638, 42.8960566], [-2.167698, 42.8960426], [-2.1676913, 42.8960323], [-2.1677175, 42.8960217], [-2.1677523, 42.8960747]]]}, "properties": {"id": "overture-47d6030c272bc830", "osm_id": "297167113", "theme": "buildings", "type": "building", "subtype": "apartments", "class": "apartments", "names": null, "height": 5.324, "num_floors": 2, "sources": [{"dataset": "OpenStreetMap", "record_id": "297167113"}, {"dataset": "IGN_LIDAR_PNOA_3", "record_id": "lidar_297167113", "height_source": "lidar_dtm"}], "update_time": "2024-11-13", "version": 1, "confidence": 0.85, "bbox": {"xmin": -2.1677523, "ymin": 42.8960217, "xmax": -2.1675528, "ymax": 42.8961433}}}, {"type": "Feature", "geometry": {"type": "Polygon", "coordinates": [[[-2.1676913, 42.8960323], [-2.1676208, 42.8959298], [-2.1674537, 42.8959983], [-2.1675325, 42.8961106], [-2.1675528, 42.8960991], [-2.1675921, 42.8960829], [-2.1676226, 42.8960471], [-2.1676638, 42.8960566], [-2.167698, 42.8960426], [-2.1676913, 42.8960323]]]}, "properties": {"id": "overture-55f7c60959f7004b", "osm_id": "297167114", "theme": "buildings", "type": "building", "subtype": "apartments", "class": "apartments", "names": null, "height": 7.657, "num_floors": 2, "sources": [{"dataset": "OpenStreetMap", "record_id": "297167114"}, {"dataset": "IGN_LIDAR_PNOA_3", "record_id": "lidar_297167114", "height_source": "lidar_dtm"}], "update_time": "2024-11-13", "version": 1, "confidence": 0.85, "bbox": {"xmin": -2.167698, "ymin": 42.8959298, "xmax": -2.1674537, "ymax": 42.8961106}}}, {"type": "Feature", "geometry": {"type": "Polygon", "coordinates": [[[-2.1674537, 42.8959983], [-2.1673606, 42.8960382], [-2.167382, 42.8960619], [-2.1674393, 42.8961505], [-2.1675325, 42.8961106], [-2.1674537, 42.8959983]]]}, "properties": {"id": "overture-e90d271652db4ab8", "osm_id": "297167115", "theme": "buildings", "type": "building", "subtype": "apartments", "class": "apartments", "names": null, "height": 8.414, "num_floors": 2, "sources": [{"dataset": "OpenStreetMap", "record_id": "297167115"}, {"dataset": "IGN_LIDAR_PNOA_3", "record_id": "lidar_297167115", "height_source": "lidar_dtm"}], "update_time": "2024-11-13", "version": 1, "confidence": 0.85, "bbox": {"xmin": -2.1675325, "ymin": 42.8959983, "xmax": -2.1673606, "ymax": 42.8961505}}}, {"type": "Feature", "geometry": {"type": "Polygon", "coordinates": [[[-2.167382, 42.8960619], [-2.1672907, 42.896096], [-2.1673738, 42.8962318], [-2.167465, 42.8961976], [-2.167382, 42.8960619]]]}, "properties": {"id": "overture-7bf93593b371df6b", "osm_id": "297167116", "theme": "buildings", "type": "building", "subtype": "apartments", "class": "apartments", "names": null, "height": 7.871, "num_floors": 2, "sources": [{"dataset": "OpenStreetMap", "record_id": "297167116"}, {"dataset": "IGN_LIDAR_PNOA_3", "record_id": "lidar_297167116", "height_source": "lidar_dtm"}], "update_time": "2024-11-13", "version": 1, "confidence": 0.85, "bbox": {"xmin": -2.167465, "ymin": 42.8960619, "xmax": -2.1672907, "ymax": 42.8962318}}}, {"type": "Feature", "geometry": {"type": "Polygon", "coordinates": [[[-2.1673738, 42.8962318], [-2.1672849, 42.896265], [-2.1672019, 42.8961293], [-2.1672907, 42.896096], [-2.1673738, 42.8962318]]]}, "properties": {"id": "overture-2bea82a9d7dcb5c9", "osm_id": "297167117", "theme": "buildings", "type": "building", "subtype": "apartments", "class": "apartments", "names": null, "height": 5.144, "num_floors": 2, "sources": [{"dataset": "OpenStreetMap", "record_id": "297167117"}, {"dataset": "IGN_LIDAR_PNOA_3", "record_id": "lidar_297167117", "height_source": "lidar_dtm"}], "update_time": "2024-11-13", "version": 1, "confidence": 0.85, "bbox": {"xmin": -2.1673738, "ymin": 42.896096, "xmax": -2.1672019, "ymax": 42.896265}}}, {"type": "Feature", "geometry": {"type": "Polygon", "coordinates": [[[-2.1672019, 42.8961293], [-2.1670567, 42.8961926], [-2.1670493, 42.8962147], [-2.1670414, 42.8962391], [-2.1672438, 42.8965483], [-2.1674182, 42.8964801], [-2.167409, 42.8964649], [-2.1673062, 42.8962981], [-2.1672849, 42.896265], [-2.1672019, 42.8961293]]]}, "properties": {"id": "overture-7367ba7e69942c3a", "osm_id": "297167118", "theme": "buildings", "type": "building", "subtype": "apartments", "class": "apartments", "names": null, "height": 8.432, "num_floors": 2, "sources": [{"dataset": "OpenStreetMap", "record_id": "297167118"}, {"dataset": "IGN_LIDAR_PNOA_3", "record_id": "lidar_297167118", "height_source": "lidar_dtm"}], "update_time": "2024-11-13", "version": 1, "confidence": 0.85, "bbox": {"xmin": -2.1674182, "ymin": 42.8961293, "xmax": -2.1670414, "ymax": 42.8965483}}}, {"type": "Feature", "geometry": {"type": "Polygon", "coordinates": [[[-2.18236, 42.8972256], [-2.1823366, 42.897131], [-2.1823086, 42.8971352], [-2.1823022, 42.8971092], [-2.1823342, 42.8971044], [-2.1823111, 42.8970101], [-2.1818403, 42.8970811], [-2.1818645, 42.8971787], [-2.1818955, 42.897174], [-2.1819042, 42.8972092], [-2.1818723, 42.897214], [-2.1818925, 42.8972961], [-2.18236, 42.8972256]]]}, "properties": {"id": "overture-4351c4766b23403a", "osm_id": "297186474", "theme": "buildings", "type": "building", "subtype": "building", "class": "yes", "names": null, "height": 6.4, "num_floors": 2, "sources": [{"dataset": "OpenStreetMap", "record_id": "297186474"}], "update_time": "2024-11-13", "version": 1, "confidence": 0.85, "bbox": {"xmin": -2.18236, "ymin": 42.8970101, "xmax": -2.1818403, "ymax": 42.8972961}}}, {"type": "Feature", "geometry": {"type": "Polygon", "coordinates": [[[-2.1823947, 42.8974052], [-2.1823673, 42.8972952], [-2.1821237, 42.8973323], [-2.182151, 42.8974423], [-2.1823947, 42.8974052]]]}, "properties": {"id": "overture-d3b95890c9365f62", "osm_id": "297186475", "theme": "buildings", "type": "building", "subtype": "building", "class": "yes", "names": null, "height": 6.4, "num_floors": 2, "sources": [{"dataset": "OpenStreetMap", "record_id": "297186475"}], "update_time": "2024-11-13", "version": 1, "confidence": 0.85, "bbox": {"xmin": -2.1823947, "ymin": 42.8972952, "xmax": -2.1821237, "ymax": 42.8974423}}}, {"type": "Feature", "geometry": {"type": "Polygon", "coordinates": [[[-2.182002, 42.897719], [-2.1822132, 42.8976859], [-2.1821579, 42.8974705], [-2.1819467, 42.8975037], [-2.182002, 42.897719]]]}, "properties": {"id": "overture-431f32b8d6b689c6", "osm_id": "297186476", "theme": "buildings", "type": "building", "subtype": "building", "class": "yes", "names": null, "height": 6.4, "num_floors": 2, "sources": [{"dataset": "OpenStreetMap", "record_id": "297186476"}], "update_time": "2024-11-13", "version": 1, "confidence": 0.85, "bbox": {"xmin": -2.1822132, "ymin": 42.8974705, "xmax": -2.1819467, "ymax": 42.897719}}}, {"type": "Feature", "geometry": {"type": "Polygon", "coordinates": [[[-2.1706206, 42.8966463], [-2.1706156, 42.8966378], [-2.1705927, 42.8965988], [-2.1704148, 42.8966624], [-2.1704426, 42.8967099], [-2.1706206, 42.8966463]]]}, "properties": {"id": "overture-2597685051ab92c4", "osm_id": "297187230", "theme": "buildings", "type": "building", "subtype": "apartments", "class": "apartments", "names": null, "height": 1.857, "num_floors": 3, "sources": [{"dataset": "OpenStreetMap", "record_id": "297187230"}, {"dataset": "IGN_LIDAR_PNOA_3", "record_id": "lidar_297187230", "height_source": "lidar_dtm"}], "update_time": "2024-11-13", "version": 1, "confidence": 0.85, "bbox": {"xmin": -2.1706206, "ymin": 42.8965988, "xmax": -2.1704148, "ymax": 42.8967099}}}, {"type": "Feature", "geometry": {"type": "Polygon", "coordinates": [[[-2.1704148, 42.8966624], [-2.17034, 42.8965438], [-2.1705186, 42.8964734], [-2.1704884, 42.8964532], [-2.1705515, 42.8964376], [-2.1705758, 42.8964495], [-2.1706283, 42.896545], [-2.170578, 42.8965605], [-2.1705927, 42.8965988], [-2.1704148, 42.8966624]]]}, "properties": {"id": "overture-d77e085d661919c9", "osm_id": "297187231", "theme": "buildings", "type": "building", "subtype": "apartments", "class": "apartments", "names": null, "height": 1.915, "num_floors": 3, "sources": [{"dataset": "OpenStreetMap", "record_id": "297187231"}, {"dataset": "IGN_LIDAR_PNOA_3", "record_id": "lidar_297187231", "height_source": "lidar_dtm"}], "update_time": "2024-11-13", "version": 1, "confidence": 0.85, "bbox": {"xmin": -2.1706283, "ymin": 42.8964376, "xmax": -2.17034, "ymax": 42.8966624}}}, {"type": "Feature", "geometry": {"type": "Polygon", "coordinates": [[[-2.1704884, 42.8964532], [-2.170323, 42.8965259], [-2.1702544, 42.8964304], [-2.1704198, 42.8963577], [-2.1704884, 42.8964532]]]}, "properties": {"id": "overture-277653becf9716bf", "osm_id": "297187232", "theme": "buildings", "type": "building", "subtype": "apartments", "class": "apartments", "names": null, "height": 2.018, "num_floors": 2, "sources": [{"dataset": "OpenStreetMap", "record_id": "297187232"}, {"dataset": "IGN_LIDAR_PNOA_3", "record_id": "lidar_297187232", "height_source": "lidar_dtm"}], "update_time": "2024-11-13", "version": 1, "confidence": 0.85, "bbox": {"xmin": -2.1704884, "ymin": 42.8963577, "xmax": -2.1702544, "ymax": 42.8965259}}}, {"type": "Feature", "geometry": {"type": "Polygon", "coordinates": [[[-2.1702544, 42.8964304], [-2.1701844, 42.8964555], [-2.170142, 42.8963931], [-2.1703584, 42.8962992], [-2.1704661, 42.8962623], [-2.1705071, 42.8963267], [-2.1704198, 42.8963577], [-2.1702544, 42.8964304]]]}, "properties": {"id": "overture-1c0e4ce6bac77418", "osm_id": "297187233", "theme": "buildings", "type": "building", "subtype": "apartments", "class": "apartments", "names": null, "height": 1.867, "num_floors": 3, "sources": [{"dataset": "OpenStreetMap", "record_id": "297187233"}, {"dataset": "IGN_LIDAR_PNOA_3", "record_id": "lidar_297187233", "height_source": "lidar_dtm"}], "update_time": "2024-11-13", "version": 1, "confidence": 0.85, "bbox": {"xmin": -2.1705071, "ymin": 42.8962623, "xmax": -2.170142, "ymax": 42.8964555}}}, {"type": "Feature", "geometry": {"type": "Polygon", "coordinates": [[[-2.170142, 42.8963931], [-2.1701185, 42.8963601], [-2.1702907, 42.8962854], [-2.1703134, 42.8962756], [-2.170335, 42.8962663], [-2.1703584, 42.8962992], [-2.170142, 42.8963931]]]}, "properties": {"id": "overture-2f72a10adfdfc47f", "osm_id": "297187234", "theme": "buildings", "type": "building", "subtype": "apartments", "class": "apartments", "names": null, "height": 1.641, "num_floors": 2, "sources": [{"dataset": "OpenStreetMap", "record_id": "297187234"}, {"dataset": "IGN_LIDAR_PNOA_3", "record_id": "lidar_297187234", "height_source": "lidar_dtm"}], "update_time": "2024-11-13", "version": 1, "confidence": 0.85, "bbox": {"xmin": -2.1703584, "ymin": 42.8962663, "xmax": -2.1701185, "ymax": 42.8963931}}}, {"type": "Feature", "geometry": {"type": "Polygon", "coordinates": [[[-2.1702907, 42.8962854], [-2.1702534, 42.8962419], [-2.1700775, 42.8963148], [-2.1701081, 42.8963613], [-2.1701185, 42.8963601], [-2.1702907, 42.8962854]]]}, "properties": {"id": "overture-3acbbddb0f9b4bb3", "osm_id": "297187235", "theme": "buildings", "type": "building", "subtype": "apartments", "class": "apartments", "names": null, "height": 1.618, "num_floors": 2, "sources": [{"dataset": "OpenStreetMap", "record_id": "297187235"}, {"dataset": "IGN_LIDAR_PNOA_3", "record_id": "lidar_297187235", "height_source": "lidar_dtm"}], "update_time": "2024-11-13", "version": 1, "confidence": 0.85, "bbox": {"xmin": -2.1702907, "ymin": 42.8962419, "xmax": -2.1700775, "ymax": 42.8963613}}}, {"type": "Feature", "geometry": {"type": "Polygon", "coordinates": [[[-2.1702534, 42.8962419], [-2.1702311, 42.8962097], [-2.1700563, 42.8962814], [-2.1700775, 42.8963148], [-2.1702534, 42.8962419]]]}, "properties": {"id": "overture-84d1be1f198cae2c", "osm_id": "297187236", "theme": "buildings", "type": "building", "subtype": "apartments", "class": "apartments", "names": null, "height": 1.639, "num_floors": 1, "sources": [{"dataset": "OpenStreetMap", "record_id": "297187236"}, {"dataset": "IGN_LIDAR_PNOA_3", "record_id": "lidar_297187236", "height_source": "lidar_dtm"}], "update_time": "2024-11-13", "version": 1, "confidence": 0.85, "bbox": {"xmin": -2.1702534, "ymin": 42.8962097, "xmax": -2.1700563, "ymax": 42.8963148}}}, {"type": "Feature", "geometry": {"type": "Polygon", "coordinates": [[[-2.1702311, 42.8962097], [-2.1702033, 42.8961727], [-2.1700318, 42.8962452], [-2.1700563, 42.8962814], [-2.1702311, 42.8962097]]]}, "properties": {"id": "overture-760f960d6bc2bf23", "osm_id": "297187237", "theme": "buildings", "type": "building", "subtype": "apartments", "class": "apartments", "names": null, "height": 1.649, "num_floors": 2, "sources": [{"dataset": "OpenStreetMap", "record_id": "297187237"}, {"dataset": "IGN_LIDAR_PNOA_3", "record_id": "lidar_297187237", "height_source": "lidar_dtm"}], "update_time": "2024-11-13", "version": 1, "confidence": 0.85, "bbox": {"xmin": -2.1702311, "ymin": 42.8961727, "xmax": -2.1700318, "ymax": 42.8962814}}}, {"type": "Feature", "geometry": {"type": "Polygon", "coordinates": [[[-2.1702033, 42.8961727], [-2.1701765, 42.896134], [-2.1700052, 42.8962065], [-2.1700318, 42.8962452], [-2.1702033, 42.8961727]]]}, "properties": {"id": "overture-d2924fdb4ccbcac5", "osm_id": "297187238", "theme": "buildings", "type": "building", "subtype": "apartments", "class": "apartments", "names": null, "height": 1.605, "num_floors": 2, "sources": [{"dataset": "OpenStreetMap", "record_id": "297187238"}, {"dataset": "IGN_LIDAR_PNOA_3", "record_id": "lidar_297187238", "height_source": "lidar_dtm"}], "update_time": "2024-11-13", "version": 1, "confidence": 0.85, "bbox": {"xmin": -2.1702033, "ymin": 42.896134, "xmax": -2.1700052, "ymax": 42.8962452}}}, {"type": "Feature", "geometry": {"type": "Polygon", "coordinates": [[[-2.1702033, 42.8961727], [-2.1702799, 42.8961394], [-2.1703211, 42.8961167], [-2.1702746, 42.8960491], [-2.1702326, 42.8960649], [-2.1702468, 42.8960853], [-2.1701724, 42.8961171], [-2.1701561, 42.8960938], [-2.1699651, 42.896177], [-2.1699953, 42.8962133], [-2.1700052, 42.8962065], [-2.1701765, 42.896134], [-2.1702033, 42.8961727]]]}, "properties": {"id": "overture-6870039722a4bf73", "osm_id": "297187239", "theme": "buildings", "type": "building", "subtype": "apartments", "class": "apartments", "names": null, "height": 1.656, "num_floors": 2, "sources": [{"dataset": "OpenStreetMap", "record_id": "297187239"}, {"dataset": "IGN_LIDAR_PNOA_3", "record_id": "lidar_297187239", "height_source": "lidar_dtm"}], "update_time": "2024-11-13", "version": 1, "confidence": 0.85, "bbox": {"xmin": -2.1703211, "ymin": 42.8960491, "xmax": -2.1699651, "ymax": 42.8962133}}}, {"type": "Feature", "geometry": {"type": "Polygon", "coordinates": [[[-2.1701561, 42.8960938], [-2.1701204, 42.8960414], [-2.1699264, 42.8961226], [-2.1699651, 42.896177], [-2.1701561, 42.8960938]]]}, "properties": {"id": "overture-433eb40d7a10d310", "osm_id": "297187240", "theme": "buildings", "type": "building", "subtype": "apartments", "class": "apartments", "names": null, "height": 1.644, "num_floors": 2, "sources": [{"dataset": "OpenStreetMap", "record_id": "297187240"}, {"dataset": "IGN_LIDAR_PNOA_3", "record_id": "lidar_297187240", "height_source": "lidar_dtm"}], "update_time": "2024-11-13", "version": 1, "confidence": 0.85, "bbox": {"xmin": -2.1701561, "ymin": 42.8960414, "xmax": -2.1699264, "ymax": 42.896177}}}, {"type": "Feature", "geometry": {"type": "Polygon", "coordinates": [[[-2.1700941, 42.8960209], [-2.1698981, 42.8961095], [-2.1698697, 42.8960702], [-2.1700366, 42.8959958], [-2.1700657, 42.8959823], [-2.1700941, 42.8960209]]]}, "properties": {"id": "overture-dfea3cdfa865d68a", "osm_id": "297187241", "theme": "buildings", "type": "building", "subtype": "apartments", "class": "apartments", "names": null, "height": 1.666, "num_floors": 2, "sources": [{"dataset": "OpenStreetMap", "record_id": "297187241"}, {"dataset": "IGN_LIDAR_PNOA_3", "record_id": "lidar_297187241", "height_source": "lidar_dtm"}], "update_time": "2024-11-13", "version": 1, "confidence": 0.85, "bbox": {"xmin": -2.1700941, "ymin": 42.8959823, "xmax": -2.1698697, "ymax": 42.8961095}}}, {"type": "Feature", "geometry": {"type": "Polygon", "coordinates": [[[-2.1700366, 42.8959958], [-2.1700027, 42.8959491], [-2.1698356, 42.8960235], [-2.1698697, 42.8960702], [-2.1700366, 42.8959958]]]}, "properties": {"id": "overture-499d16360a55c2ad", "osm_id": "297187242", "theme": "buildings", "type": "building", "subtype": "apartments", "class": "apartments", "names": null, "height": 7.646, "num_floors": 2, "sources": [{"dataset": "OpenStreetMap", "record_id": "297187242"}, {"dataset": "IGN_LIDAR_PNOA_3", "record_id": "lidar_297187242", "height_source": "lidar_dtm"}], "update_time": "2024-11-13", "version": 1, "confidence": 0.85, "bbox": {"xmin": -2.1700366, "ymin": 42.8959491, "xmax": -2.1698356, "ymax": 42.8960702}}}, {"type": "Feature", "geometry": {"type": "Polygon", "coordinates": [[[-2.1700027, 42.8959491], [-2.1700212, 42.8959342], [-2.1699373, 42.8958352], [-2.1698307, 42.8958477], [-2.1697542, 42.8958567], [-2.1697282, 42.8959044], [-2.1698229, 42.8960165], [-2.1698356, 42.8960235], [-2.1700027, 42.8959491]]]}, "properties": {"id": "overture-de115230ba725c9e", "osm_id": "297187243", "theme": "buildings", "type": "building", "subtype": "apartments", "class": "apartments", "names": null, "height": 9.466, "num_floors": 4, "sources": [{"dataset": "OpenStreetMap", "record_id": "297187243"}, {"dataset": "IGN_LIDAR_PNOA_3", "record_id": "lidar_297187243", "height_source": "lidar_dtm"}], "update_time": "2024-11-13", "version": 1, "confidence": 0.85, "bbox": {"xmin": -2.1700212, "ymin": 42.8958352, "xmax": -2.1697282, "ymax": 42.8960235}}}, {"type": "Feature", "geometry": {"type": "Polygon", "coordinates": [[[-2.1700941, 42.8960209], [-2.169984, 42.895859], [-2.1700162, 42.8958518], [-2.1700711, 42.8958395], [-2.1701702, 42.8959923], [-2.1700941, 42.8960209]]]}, "properties": {"id": "overture-805462a6a373fa3b", "osm_id": "297190273", "theme": "buildings", "type": "building", "subtype": "apartments", "class": "apartments", "names": null, "height": 2.147, "num_floors": 3, "sources": [{"dataset": "OpenStreetMap", "record_id": "297190273"}, {"dataset": "IGN_LIDAR_PNOA_3", "record_id": "lidar_297190273", "height_source": "lidar_dtm"}], "update_time": "2024-11-13", "version": 1, "confidence": 0.85, "bbox": {"xmin": -2.1701702, "ymin": 42.8958395, "xmax": -2.169984, "ymax": 42.8960209}}}, {"type": "Feature", "geometry": {"type": "Polygon", "coordinates": [[[-2.1701702, 42.8959923], [-2.1702321, 42.8959736], [-2.1701868, 42.8959007], [-2.1701387, 42.8958228], [-2.1700711, 42.8958395], [-2.1701702, 42.8959923]]]}, "properties": {"id": "overture-a0c9e722a2229d79", "osm_id": "297190274", "theme": "buildings", "type": "building", "subtype": "apartments", "class": "apartments", "names": null, "height": 2.139, "num_floors": 2, "sources": [{"dataset": "OpenStreetMap", "record_id": "297190274"}, {"dataset": "IGN_LIDAR_PNOA_3", "record_id": "lidar_297190274", "height_source": "lidar_dtm"}], "update_time": "2024-11-13", "version": 1, "confidence": 0.85, "bbox": {"xmin": -2.1702321, "ymin": 42.8958228, "xmax": -2.1700711, "ymax": 42.8959923}}}, {"type": "Feature", "geometry": {"type": "Polygon", "coordinates": [[[-2.1701868, 42.8959007], [-2.1703443, 42.8958402], [-2.1703017, 42.8957902], [-2.1701387, 42.8958228], [-2.1701868, 42.8959007]]]}, "properties": {"id": "overture-7a1888893e4ec197", "osm_id": "297190275", "theme": "buildings", "type": "building", "subtype": "apartments", "class": "apartments", "names": null, "height": 10.46, "num_floors": 2, "sources": [{"dataset": "OpenStreetMap", "record_id": "297190275"}, {"dataset": "IGN_LIDAR_PNOA_3", "record_id": "lidar_297190275", "height_source": "lidar_dtm"}], "update_time": "2024-11-13", "version": 1, "confidence": 0.85, "bbox": {"xmin": -2.1703443, "ymin": 42.8957902, "xmax": -2.1701387, "ymax": 42.8959007}}}, {"type": "Feature", "geometry": {"type": "Polygon", "coordinates": [[[-2.1703892, 42.8958888], [-2.1703572, 42.8959222], [-2.1702321, 42.8959736], [-2.1701868, 42.8959007], [-2.1703443, 42.8958402], [-2.1703801, 42.8958789], [-2.1703892, 42.8958888]]]}, "properties": {"id": "overture-459491f85446c5a6", "osm_id": "297190276", "theme": "buildings", "type": "building", "subtype": "apartments", "class": "apartments", "names": null, "height": 1.382, "num_floors": 3, "sources": [{"dataset": "OpenStreetMap", "record_id": "297190276"}, {"dataset": "IGN_LIDAR_PNOA_3", "record_id": "lidar_297190276", "height_source": "lidar_dtm"}], "update_time": "2024-11-13", "version": 1, "confidence": 0.85, "bbox": {"xmin": -2.1703892, "ymin": 42.8958402, "xmax": -2.1701868, "ymax": 42.8959736}}}, {"type": "Feature", "geometry": {"type": "Polygon", "coordinates": [[[-2.1702468, 42.8960853], [-2.1702326, 42.8960649], [-2.1701953, 42.8960102], [-2.1701204, 42.8960414], [-2.1701561, 42.8960938], [-2.1701724, 42.8961171], [-2.1702468, 42.8960853]]]}, "properties": {"id": "overture-bd65737d8363f015", "osm_id": "297190277", "theme": "buildings", "type": "building", "subtype": "apartments", "class": "apartments", "names": null, "height": 1.597, "num_floors": 1, "sources": [{"dataset": "OpenStreetMap", "record_id": "297190277"}, {"dataset": "IGN_LIDAR_PNOA_3", "record_id": "lidar_297190277", "height_source": "lidar_dtm"}], "update_time": "2024-11-13", "version": 1, "confidence": 0.85, "bbox": {"xmin": -2.1702468, "ymin": 42.8960102, "xmax": -2.1701204, "ymax": 42.8961171}}}, {"type": "Feature", "geometry": {"type": "Polygon", "coordinates": [[[-2.1702746, 42.8960491], [-2.1702395, 42.8959922], [-2.1701953, 42.8960102], [-2.1702326, 42.8960649], [-2.1702746, 42.8960491]]]}, "properties": {"id": "overture-9cc5ba94c8ad63c7", "osm_id": "297190279", "theme": "buildings", "type": "building", "subtype": "apartments", "class": "apartments", "names": null, "height": 2.065, "num_floors": 1, "sources": [{"dataset": "OpenStreetMap", "record_id": "297190279"}, {"dataset": "IGN_LIDAR_PNOA_3", "record_id": "lidar_297190279", "height_source": "lidar_dtm"}], "update_time": "2024-11-13", "version": 1, "confidence": 0.85, "bbox": {"xmin": -2.1702746, "ymin": 42.8959922, "xmax": -2.1701953, "ymax": 42.8960649}}}, {"type": "Feature", "geometry": {"type": "Polygon", "coordinates": [[[-2.1703211, 42.8961167], [-2.1702746, 42.8960491], [-2.1702395, 42.8959922], [-2.1702973, 42.8959719], [-2.1703661, 42.8960901], [-2.1703211, 42.8961167]]]}, "properties": {"id": "overture-dbcff0f3d8985f11", "osm_id": "297190280", "theme": "buildings", "type": "building", "subtype": "apartments", "class": "apartments", "names": null, "height": 1.472, "num_floors": 2, "sources": [{"dataset": "OpenStreetMap", "record_id": "297190280"}, {"dataset": "IGN_LIDAR_PNOA_3", "record_id": "lidar_297190280", "height_source": "lidar_dtm"}], "update_time": "2024-11-13", "version": 1, "confidence": 0.85, "bbox": {"xmin": -2.1703661, "ymin": 42.8959719, "xmax": -2.1702395, "ymax": 42.8961167}}}, {"type": "Feature", "geometry": {"type": "Polygon", "coordinates": [[[-2.1703661, 42.8960901], [-2.1704674, 42.896054], [-2.1704003, 42.8959362], [-2.1703672, 42.8959477], [-2.1702973, 42.8959719], [-2.1703661, 42.8960901]]]}, "properties": {"id": "overture-51ea8a54bbb4215f", "osm_id": "297190987", "theme": "buildings", "type": "building", "subtype": "apartments", "class": "apartments", "names": null, "height": 9.875, "num_floors": 2, "sources": [{"dataset": "OpenStreetMap", "record_id": "297190987"}, {"dataset": "IGN_LIDAR_PNOA_3", "record_id": "lidar_297190987", "height_source": "lidar_dtm"}], "update_time": "2024-11-13", "version": 1, "confidence": 0.85, "bbox": {"xmin": -2.1704674, "ymin": 42.8959362, "xmax": -2.1702973, "ymax": 42.8960901}}}, {"type": "Feature", "geometry": {"type": "Polygon", "coordinates": [[[-2.1705302, 42.8960513], [-2.1704765, 42.89607], [-2.1704674, 42.896054], [-2.1704003, 42.8959362], [-2.1704502, 42.8959165], [-2.1705302, 42.8960513]]]}, "properties": {"id": "overture-3d111a15c8046800", "osm_id": "297190990", "theme": "buildings", "type": "building", "subtype": "apartments", "class": "apartments", "names": null, "height": 9.925, "num_floors": 2, "sources": [{"dataset": "OpenStreetMap", "record_id": "297190990"}, {"dataset": "IGN_LIDAR_PNOA_3", "record_id": "lidar_297190990", "height_source": "lidar_dtm"}], "update_time": "2024-11-13", "version": 1, "confidence": 0.85, "bbox": {"xmin": -2.1705302, "ymin": 42.8959165, "xmax": -2.1704003, "ymax": 42.89607}}}, {"type": "Feature", "geometry": {"type": "Polygon", "coordinates": [[[-2.170611, 42.8960539], [-2.1705886, 42.8960162], [-2.1705154, 42.8958929], [-2.1704892, 42.8959024], [-2.1704502, 42.8959165], [-2.1705302, 42.8960513], [-2.1705458, 42.8960776], [-2.170611, 42.8960539]]]}, "properties": {"id": "overture-adc273ef73d15c3e", "osm_id": "297190992", "theme": "buildings", "type": "building", "subtype": "apartments", "class": "apartments", "names": null, "height": 9.471, "num_floors": 2, "sources": [{"dataset": "OpenStreetMap", "record_id": "297190992"}, {"dataset": "IGN_LIDAR_PNOA_3", "record_id": "lidar_297190992", "height_source": "lidar_dtm"}], "update_time": "2024-11-13", "version": 1, "confidence": 0.85, "bbox": {"xmin": -2.170611, "ymin": 42.8958929, "xmax": -2.1704502, "ymax": 42.8960776}}}, {"type": "Feature", "geometry": {"type": "Polygon", "coordinates": [[[-2.1705886, 42.8960162], [-2.1706029, 42.896012], [-2.1705723, 42.8958831], [-2.1705154, 42.8958929], [-2.1705886, 42.8960162]]]}, "properties": {"id": "overture-6a028d1c26e35002", "osm_id": "297190994", "theme": "buildings", "type": "building", "subtype": "apartments", "class": "apartments", "names": null, "height": 0.067, "num_floors": 2, "sources": [{"dataset": "OpenStreetMap", "record_id": "297190994"}, {"dataset": "IGN_LIDAR_PNOA_3", "record_id": "lidar_297190994", "height_source": "lidar_dtm"}], "update_time": "2024-11-13", "version": 1, "confidence": 0.85, "bbox": {"xmin": -2.1706029, "ymin": 42.8958831, "xmax": -2.1705154, "ymax": 42.8960162}}}, {"type": "Feature", "geometry": {"type": "Polygon", "coordinates": [[[-2.1707004, 42.8958668], [-2.1707495, 42.8960276], [-2.1707004, 42.8960479], [-2.1706995, 42.8960564], [-2.1706653, 42.8960689], [-2.1706229, 42.896079], [-2.170611, 42.8960539], [-2.1705886, 42.8960162], [-2.1706029, 42.896012], [-2.1705723, 42.8958831], [-2.1707004, 42.8958668]]]}, "properties": {"id": "overture-ab30820b00edde0f", "osm_id": "297192117", "theme": "buildings", "type": "building", "subtype": "house", "class": "house", "names": null, "height": 0.089, "num_floors": 2, "sources": [{"dataset": "OpenStreetMap", "record_id": "297192117"}, {"dataset": "IGN_LIDAR_PNOA_3", "record_id": "lidar_297192117", "height_source": "lidar_dtm"}], "update_time": "2024-11-13", "version": 1, "confidence": 0.85, "bbox": {"xmin": -2.1707495, "ymin": 42.8958668, "xmax": -2.1705723, "ymax": 42.896079}}}, {"type": "Feature", "geometry": {"type": "Polygon", "coordinates": [[[-2.1706995, 42.8960564], [-2.1707285, 42.8961048], [-2.1707285, 42.8961143], [-2.1706988, 42.8961251], [-2.1706653, 42.8960689], [-2.1706995, 42.8960564]]]}, "properties": {"id": "overture-83f05ec22e8cbf5c", "osm_id": "297205303", "theme": "buildings", "type": "building", "subtype": "building", "class": "yes", "names": null, "height": 6.4, "num_floors": 2, "sources": [{"dataset": "OpenStreetMap", "record_id": "297205303"}], "update_time": "2024-11-13", "version": 1, "confidence": 0.85, "bbox": {"xmin": -2.1707285, "ymin": 42.8960564, "xmax": -2.1706653, "ymax": 42.8961251}}}, {"type": "Feature", "geometry": {"type": "Polygon", "coordinates": [[[-2.1706988, 42.8961251], [-2.1707056, 42.8961573], [-2.1706644, 42.8961668], [-2.1706229, 42.896079], [-2.1706653, 42.8960689], [-2.1706988, 42.8961251]]]}, "properties": {"id": "overture-f345d433c6473688", "osm_id": "297205305", "theme": "buildings", "type": "building", "subtype": "building", "class": "yes", "names": null, "height": 6.4, "num_floors": 2, "sources": [{"dataset": "OpenStreetMap", "record_id": "297205305"}], "update_time": "2024-11-13", "version": 1, "confidence": 0.85, "bbox": {"xmin": -2.1707056, "ymin": 42.8960689, "xmax": -2.1706229, "ymax": 42.8961668}}}, {"type": "Feature", "geometry": {"type": "Polygon", "coordinates": [[[-2.1707912, 42.8958506], [-2.1708214, 42.8960065], [-2.1708474, 42.896063], [-2.1707285, 42.8961048], [-2.1706995, 42.8960564], [-2.1707004, 42.8960479], [-2.1707495, 42.8960276], [-2.1707004, 42.8958668], [-2.1707912, 42.8958506]]]}, "properties": {"id": "overture-e19d4199508d28da", "osm_id": "297205306", "theme": "buildings", "type": "building", "subtype": "apartments", "class": "apartments", "names": null, "height": 0.082, "num_floors": 3, "sources": [{"dataset": "OpenStreetMap", "record_id": "297205306"}, {"dataset": "IGN_LIDAR_PNOA_3", "record_id": "lidar_297205306", "height_source": "lidar_dtm"}], "update_time": "2024-11-13", "version": 1, "confidence": 0.85, "bbox": {"xmin": -2.1708474, "ymin": 42.8958506, "xmax": -2.1706995, "ymax": 42.8961048}}}, {"type": "Feature", "geometry": {"type": "Polygon", "coordinates": [[[-2.1707912, 42.8958506], [-2.1708214, 42.8960065], [-2.1709035, 42.8959967], [-2.1708732, 42.8958408], [-2.170842, 42.8958445], [-2.1707912, 42.8958506]]]}, "properties": {"id": "overture-010235c372499ff8", "osm_id": "297205307", "theme": "buildings", "type": "building", "subtype": "apartments", "class": "apartments", "names": null, "height": 0.583, "num_floors": 3, "sources": [{"dataset": "OpenStreetMap", "record_id": "297205307"}, {"dataset": "IGN_LIDAR_PNOA_3", "record_id": "lidar_297205307", "height_source": "lidar_dtm"}], "update_time": "2024-11-13", "version": 1, "confidence": 0.85, "bbox": {"xmin": -2.1709035, "ymin": 42.8958408, "xmax": -2.1707912, "ymax": 42.8960065}}}, {"type": "Feature", "geometry": {"type": "Polygon", "coordinates": [[[-2.1708732, 42.8958408], [-2.1709035, 42.8959967], [-2.1709191, 42.896032], [-2.1710396, 42.8960201], [-2.1710353, 42.8959879], [-2.1710142, 42.8958316], [-2.1708732, 42.8958408]]]}, "properties": {"id": "overture-19eb9b3e9d03a8f3", "osm_id": "297205309", "theme": "buildings", "type": "building", "subtype": "apartments", "class": "apartments", "names": null, "height": 2.665, "num_floors": 3, "sources": [{"dataset": "OpenStreetMap", "record_id": "297205309"}, {"dataset": "IGN_LIDAR_PNOA_3", "record_id": "lidar_297205309", "height_source": "lidar_dtm"}], "update_time": "2024-11-13", "version": 1, "confidence": 0.85, "bbox": {"xmin": -2.1710396, "ymin": 42.8958316, "xmax": -2.1708732, "ymax": 42.896032}}}, {"type": "Feature", "geometry": {"type": "Polygon", "coordinates": [[[-2.1710142, 42.8958316], [-2.1710579, 42.895828], [-2.1710913, 42.8958233], [-2.1711099, 42.8959613], [-2.1711151, 42.8959814], [-2.1710353, 42.8959879], [-2.1710142, 42.8958316]]]}, "properties": {"id": "overture-09822f4c5f35fb90", "osm_id": "297205310", "theme": "buildings", "type": "building", "subtype": "apartments", "class": "apartments", "names": null, "height": 2.618, "num_floors": 2, "sources": [{"dataset": "OpenStreetMap", "record_id": "297205310"}, {"dataset": "IGN_LIDAR_PNOA_3", "record_id": "lidar_297205310", "height_source": "lidar_dtm"}], "update_time": "2024-11-13", "version": 1, "confidence": 0.85, "bbox": {"xmin": -2.1711151, "ymin": 42.8958233, "xmax": -2.1710142, "ymax": 42.8959879}}}, {"type": "Feature", "geometry": {"type": "Polygon", "coordinates": [[[-2.1711099, 42.8959613], [-2.171154, 42.8959577], [-2.1712067, 42.8960769], [-2.1712633, 42.8960504], [-2.1712319, 42.8959787], [-2.171204, 42.8959787], [-2.1711894, 42.8958153], [-2.1711401, 42.8958193], [-2.1710913, 42.8958233], [-2.1711099, 42.8959613]]]}, "properties": {"id": "overture-c569029e1230f3f5", "osm_id": "297205311", "theme": "buildings", "type": "building", "subtype": "apartments", "class": "apartments", "names": null, "height": 10.424, "num_floors": 2, "sources": [{"dataset": "OpenStreetMap", "record_id": "297205311"}, {"dataset": "IGN_LIDAR_PNOA_3", "record_id": "lidar_297205311", "height_source": "lidar_dtm"}], "update_time": "2024-11-13", "version": 1, "confidence": 0.85, "bbox": {"xmin": -2.1712633, "ymin": 42.8958153, "xmax": -2.1710913, "ymax": 42.8960769}}}, {"type": "Feature", "geometry": {"type": "Polygon", "coordinates": [[[-2.1711894, 42.8958153], [-2.1712326, 42.895812], [-2.1712808, 42.8958096], [-2.1713031, 42.8959689], [-2.1713122, 42.8959918], [-2.1713633, 42.8961214], [-2.1713115, 42.8961366], [-2.1712633, 42.8960504], [-2.1712319, 42.8959787], [-2.171204, 42.8959787], [-2.1711894, 42.8958153]]]}, "properties": {"id": "overture-fea76b963c01074b", "osm_id": "297205312", "theme": "buildings", "type": "building", "subtype": "apartments", "class": "apartments", "names": null, "height": 11.575, "num_floors": 3, "sources": [{"dataset": "OpenStreetMap", "record_id": "297205312"}, {"dataset": "IGN_LIDAR_PNOA_3", "record_id": "lidar_297205312", "height_source": "lidar_dtm"}], "update_time": "2024-11-13", "version": 1, "confidence": 0.85, "bbox": {"xmin": -2.1713633, "ymin": 42.8958096, "xmax": -2.1711894, "ymax": 42.8961366}}}, {"type": "Feature", "geometry": {"type": "Polygon", "coordinates": [[[-2.1713031, 42.8959689], [-2.1714802, 42.8959537], [-2.1714579, 42.8957945], [-2.1714009, 42.8957994], [-2.1712808, 42.8958096], [-2.1713031, 42.8959689]]]}, "properties": {"id": "overture-74a126bfdb916c54", "osm_id": "297205313", "theme": "buildings", "type": "building", "subtype": "apartments", "class": "apartments", "names": null, "height": 10.764, "num_floors": 3, "sources": [{"dataset": "OpenStreetMap", "record_id": "297205313"}, {"dataset": "IGN_LIDAR_PNOA_3", "record_id": "lidar_297205313", "height_source": "lidar_dtm"}], "update_time": "2024-11-13", "version": 1, "confidence": 0.85, "bbox": {"xmin": -2.1714802, "ymin": 42.8957945, "xmax": -2.1712808, "ymax": 42.8959689}}}, {"type": "Feature", "geometry": {"type": "Polygon", "coordinates": [[[-2.1712067, 42.8960769], [-2.1712364, 42.8961254], [-2.1709934, 42.8962162], [-2.1709637, 42.8961677], [-2.1712067, 42.8960769]]]}, "properties": {"id": "overture-c4195d0c0abd4b52", "osm_id": "297205316", "theme": "buildings", "type": "building", "subtype": "building", "class": "yes", "names": null, "height": 12.626, "num_floors": 2, "sources": [{"dataset": "OpenStreetMap", "record_id": "297205316"}, {"dataset": "IGN_LIDAR_PNOA_3", "record_id": "lidar_297205316", "height_source": "lidar_dtm"}], "update_time": "2024-11-13", "version": 1, "confidence": 0.85, "bbox": {"xmin": -2.1712364, "ymin": 42.8960769, "xmax": -2.1709637, "ymax": 42.8962162}}}, {"type": "Feature", "geometry": {"type": "Polygon", "coordinates": [[[-2.1715116, 42.8957665], [-2.1715083, 42.8957518], [-2.1715578, 42.895745], [-2.171561, 42.8957597], [-2.1715116, 42.8957665]]]}, "properties": {"id": "overture-5ac4f5e7114809bd", "osm_id": "297206006", "theme": "buildings", "type": "building", "subtype": "building", "class": "yes", "names": {"primary": "Kiosk"}, "height": 6.4, "num_floors": 2, "sources": [{"dataset": "OpenStreetMap", "record_id": "297206006"}], "update_time": "2024-11-13", "version": 1, "confidence": 0.85, "bbox": {"xmin": -2.171561, "ymin": 42.895745, "xmax": -2.1715083, "ymax": 42.8957665}}}, {"type": "Feature", "geometry": {"type": "Polygon", "coordinates": [[[-2.1715349, 42.8960759], [-2.171522, 42.8960546], [-2.171471, 42.8959709], [-2.1713432, 42.8960093], [-2.1713122, 42.8959918], [-2.1713633, 42.8961214], [-2.1714154, 42.8961122], [-2.1714238, 42.8961194], [-2.1715349, 42.8960759]]]}, "properties": {"id": "overture-b001e885aa1ff0af", "osm_id": "297206007", "theme": "buildings", "type": "building", "subtype": "apartments", "class": "apartments", "names": null, "height": 13.525, "num_floors": 2, "sources": [{"dataset": "OpenStreetMap", "record_id": "297206007"}, {"dataset": "IGN_LIDAR_PNOA_3", "record_id": "lidar_297206007", "height_source": "lidar_dtm"}], "update_time": "2024-11-13", "version": 1, "confidence": 0.85, "bbox": {"xmin": -2.1715349, "ymin": 42.8959709, "xmax": -2.1713122, "ymax": 42.8961214}}}, {"type": "Feature", "geometry": {"type": "Polygon", "coordinates": [[[-2.1716222, 42.8961117], [-2.1715597, 42.8960356], [-2.1714931, 42.8959545], [-2.1715749, 42.8959093], [-2.1717102, 42.8960674], [-2.1716222, 42.8961117]]]}, "properties": {"id": "overture-8a95bbca00387895", "osm_id": "297206451", "theme": "buildings", "type": "building", "subtype": "apartments", "class": "apartments", "names": null, "height": 12.914, "num_floors": 2, "sources": [{"dataset": "OpenStreetMap", "record_id": "297206451"}, {"dataset": "IGN_LIDAR_PNOA_3", "record_id": "lidar_297206451", "height_source": "lidar_dtm"}], "update_time": "2024-11-13", "version": 1, "confidence": 0.85, "bbox": {"xmin": -2.1717102, "ymin": 42.8959093, "xmax": -2.1714931, "ymax": 42.8961117}}}, {"type": "Feature", "geometry": {"type": "Polygon", "coordinates": [[[-2.1717097, 42.8958386], [-2.1718072, 42.8959524], [-2.1717335, 42.895991], [-2.171759, 42.8960209], [-2.1717464, 42.8960276], [-2.1717682, 42.8960531], [-2.1717251, 42.8960758], [-2.1717102, 42.8960674], [-2.1715749, 42.8959093], [-2.1717097, 42.8958386]]]}, "properties": {"id": "overture-bcfb1273c50cfe54", "osm_id": "297206452", "theme": "buildings", "type": "building", "subtype": "apartments", "class": "apartments", "names": null, "height": 13.543, "num_floors": 2, "sources": [{"dataset": "OpenStreetMap", "record_id": "297206452"}, {"dataset": "IGN_LIDAR_PNOA_3", "record_id": "lidar_297206452", "height_source": "lidar_dtm"}], "update_time": "2024-11-13", "version": 1, "confidence": 0.85, "bbox": {"xmin": -2.1718072, "ymin": 42.8958386, "xmax": -2.1715749, "ymax": 42.8960758}}}, {"type": "Feature", "geometry": {"type": "Polygon", "coordinates": [[[-2.1718072, 42.8959524], [-2.1719182, 42.895891], [-2.1718256, 42.8957817], [-2.1717097, 42.8958386], [-2.1718072, 42.8959524]]]}, "properties": {"id": "overture-5866818650789682", "osm_id": "297206453", "theme": "buildings", "type": "building", "subtype": "apartments", "class": "apartments", "names": null, "height": 13.205, "num_floors": 2, "sources": [{"dataset": "OpenStreetMap", "record_id": "297206453"}, {"dataset": "IGN_LIDAR_PNOA_3", "record_id": "lidar_297206453", "height_source": "lidar_dtm"}], "update_time": "2024-11-13", "version": 1, "confidence": 0.85, "bbox": {"xmin": -2.1719182, "ymin": 42.8957817, "xmax": -2.1717097, "ymax": 42.8959524}}}, {"type": "Feature", "geometry": {"type": "Polygon", "coordinates": [[[-2.1718072, 42.8959524], [-2.1718114, 42.8959654], [-2.1718022, 42.8959702], [-2.1718129, 42.8959827], [-2.1719189, 42.896107], [-2.1720468, 42.8960403], [-2.1719182, 42.895891], [-2.1718072, 42.8959524]]]}, "properties": {"id": "overture-3119da8e2ae36f9d", "osm_id": "297214464", "theme": "buildings", "type": "building", "subtype": "apartments", "class": "apartments", "names": null, "height": 12.979, "num_floors": 2, "sources": [{"dataset": "OpenStreetMap", "record_id": "297214464"}, {"dataset": "IGN_LIDAR_PNOA_3", "record_id": "lidar_297214464", "height_source": "lidar_dtm"}], "update_time": "2024-11-13", "version": 1, "confidence": 0.85, "bbox": {"xmin": -2.1720468, "ymin": 42.895891, "xmax": -2.1718022, "ymax": 42.896107}}}, {"type": "Feature", "geometry": {"type": "Polygon", "coordinates": [[[-2.1719189, 42.896107], [-2.1717756, 42.8961851], [-2.1717062, 42.8961134], [-2.1718063, 42.8960606], [-2.1717654, 42.8960062], [-2.1718129, 42.8959827], [-2.1719189, 42.896107]]]}, "properties": {"id": "overture-75b40793e466b176", "osm_id": "297214465", "theme": "buildings", "type": "building", "subtype": "apartments", "class": "apartments", "names": null, "height": 11.575, "num_floors": 2, "sources": [{"dataset": "OpenStreetMap", "record_id": "297214465"}, {"dataset": "IGN_LIDAR_PNOA_3", "record_id": "lidar_297214465", "height_source": "lidar_dtm"}], "update_time": "2024-11-13", "version": 1, "confidence": 0.85, "bbox": {"xmin": -2.1719189, "ymin": 42.8959827, "xmax": -2.1717062, "ymax": 42.8961851}}}, {"type": "Feature", "geometry": {"type": "Polygon", "coordinates": [[[-2.1717885, 42.8961967], [-2.1716788, 42.8962276], [-2.1717171, 42.8963106], [-2.1718267, 42.8962797], [-2.1717885, 42.8961967]]]}, "properties": {"id": "overture-827e9787a6892de2", "osm_id": "297214468", "theme": "buildings", "type": "building", "subtype": "apartments", "class": "apartments", "names": null, "height": 15.602, "num_floors": 2, "sources": [{"dataset": "OpenStreetMap", "record_id": "297214468"}, {"dataset": "IGN_LIDAR_PNOA_3", "record_id": "lidar_297214468", "height_source": "lidar_dtm"}], "update_time": "2024-11-13", "version": 1, "confidence": 0.85, "bbox": {"xmin": -2.1718267, "ymin": 42.8961967, "xmax": -2.1716788, "ymax": 42.8963106}}}, {"type": "Feature", "geometry": {"type": "Polygon", "coordinates": [[[-2.1717171, 42.8963106], [-2.171434, 42.896393], [-2.1713115, 42.8961366], [-2.1713633, 42.8961214], [-2.1714154, 42.8961122], [-2.1714238, 42.8961194], [-2.1715349, 42.8960759], [-2.1715636, 42.896138], [-2.1716163, 42.8961598], [-2.1716265, 42.8961764], [-2.1716487, 42.8961808], [-2.1716525, 42.8961967], [-2.1716598, 42.8961996], [-2.1716788, 42.8962276], [-2.1717171, 42.8963106]]]}, "properties": {"id": "overture-ce5ad0f56702c1d0", "osm_id": "297214469", "theme": "buildings", "type": "building", "subtype": "apartments", "class": "apartments", "names": null, "height": 13.759, "num_floors": 2, "sources": [{"dataset": "OpenStreetMap", "record_id": "297214469"}, {"dataset": "IGN_LIDAR_PNOA_3", "record_id": "lidar_297214469", "height_source": "lidar_dtm"}], "update_time": "2024-11-13", "version": 1, "confidence": 0.85, "bbox": {"xmin": -2.1717171, "ymin": 42.8960759, "xmax": -2.1713115, "ymax": 42.896393}}}, {"type": "Feature", "geometry": {"type": "Polygon", "coordinates": [[[-2.171434, 42.896393], [-2.1712181, 42.8964539], [-2.171122, 42.8963016], [-2.1710777, 42.8962157], [-2.1713115, 42.8961366], [-2.171434, 42.896393]]]}, "properties": {"id": "overture-03c33171b108b0eb", "osm_id": "297214470", "theme": "buildings", "type": "building", "subtype": "apartments", "class": "apartments", "names": null, "height": 13.475, "num_floors": 2, "sources": [{"dataset": "OpenStreetMap", "record_id": "297214470"}, {"dataset": "IGN_LIDAR_PNOA_3", "record_id": "lidar_297214470", "height_source": "lidar_dtm"}], "update_time": "2024-11-13", "version": 1, "confidence": 0.85, "bbox": {"xmin": -2.171434, "ymin": 42.8961366, "xmax": -2.1710777, "ymax": 42.8964539}}}, {"type": "Feature", "geometry": {"type": "Polygon", "coordinates": [[[-2.1712181, 42.8964539], [-2.1711253, 42.8964754], [-2.1710299, 42.8963276], [-2.171122, 42.8963016], [-2.1712181, 42.8964539]]]}, "properties": {"id": "overture-28d9d2759c4293e2", "osm_id": "297214471", "theme": "buildings", "type": "building", "subtype": "apartments", "class": "apartments", "names": null, "height": 13.623, "num_floors": 2, "sources": [{"dataset": "OpenStreetMap", "record_id": "297214471"}, {"dataset": "IGN_LIDAR_PNOA_3", "record_id": "lidar_297214471", "height_source": "lidar_dtm"}], "update_time": "2024-11-13", "version": 1, "confidence": 0.85, "bbox": {"xmin": -2.1712181, "ymin": 42.8963016, "xmax": -2.1710299, "ymax": 42.8964754}}}, {"type": "Feature", "geometry": {"type": "Polygon", "coordinates": [[[-2.171118, 42.8964762], [-2.1710281, 42.8963487], [-2.171016, 42.8963509], [-2.1709786, 42.8962921], [-2.1709088, 42.8963152], [-2.1709298, 42.8963509], [-2.1709539, 42.8963422], [-2.171036, 42.8964818], [-2.1710521, 42.8965037], [-2.171118, 42.8964762]]]}, "properties": {"id": "overture-cdf317b2499cccf5", "osm_id": "297214472", "theme": "buildings", "type": "building", "subtype": "apartments", "class": "apartments", "names": null, "height": 15.094, "num_floors": 2, "sources": [{"dataset": "OpenStreetMap", "record_id": "297214472"}, {"dataset": "IGN_LIDAR_PNOA_3", "record_id": "lidar_297214472", "height_source": "lidar_dtm"}], "update_time": "2024-11-13", "version": 1, "confidence": 0.85, "bbox": {"xmin": -2.171118, "ymin": 42.8962921, "xmax": -2.1709088, "ymax": 42.8965037}}}, {"type": "Feature", "geometry": {"type": "Polygon", "coordinates": [[[-2.171036, 42.8964818], [-2.1710132, 42.8964899], [-2.1710114, 42.8965044], [-2.1710008, 42.8965084], [-2.1710053, 42.8965156], [-2.1709966, 42.8965189], [-2.1709985, 42.8965305], [-2.170842, 42.8965782], [-2.1708384, 42.8965709], [-2.1708263, 42.8965746], [-2.1708201, 42.896562], [-2.1708067, 42.8965661], [-2.1708026, 42.8965576], [-2.1707837, 42.8965634], [-2.1707134, 42.8964227], [-2.1706854, 42.8964313], [-2.1706765, 42.8964269], [-2.1706515, 42.8963769], [-2.1707322, 42.8963522], [-2.1707059, 42.8962999], [-2.1708169, 42.8962658], [-2.1708429, 42.8962933], [-2.1708688, 42.8963064], [-2.1708972, 42.896296], [-2.1709088, 42.8963152], [-2.1709298, 42.8963509], [-2.1709539, 42.8963422], [-2.171036, 42.8964818]]]}, "properties": {"id": "overture-54352b25c66de1b7", "osm_id": "297214473", "theme": "buildings", "type": "building", "subtype": "apartments", "class": "apartments", "names": null, "height": 13.018, "num_floors": 2, "sources": [{"dataset": "OpenStreetMap", "record_id": "297214473"}, {"dataset": "IGN_LIDAR_PNOA_3", "record_id": "lidar_297214473", "height_source": "lidar_dtm"}], "update_time": "2024-11-13", "version": 1, "confidence": 0.85, "bbox": {"xmin": -2.171036, "ymin": 42.8962658, "xmax": -2.1706515, "ymax": 42.8965782}}}, {"type": "Feature", "geometry": {"type": "Polygon", "coordinates": [[[-2.17079, 42.8965834], [-2.1707837, 42.8965634], [-2.1707134, 42.8964227], [-2.1706854, 42.8964313], [-2.1706765, 42.8964269], [-2.1705758, 42.8964495], [-2.1706283, 42.896545], [-2.170578, 42.8965605], [-2.1705927, 42.8965988], [-2.1706156, 42.8966378], [-2.17079, 42.8965834]]]}, "properties": {"id": "overture-ea670f58e5d4b63a", "osm_id": "297214474", "theme": "buildings", "type": "building", "subtype": "apartments", "class": "apartments", "names": null, "height": 6.064, "num_floors": 2, "sources": [{"dataset": "OpenStreetMap", "record_id": "297214474"}, {"dataset": "IGN_LIDAR_PNOA_3", "record_id": "lidar_297214474", "height_source": "lidar_dtm"}], "update_time": "2024-11-13", "version": 1, "confidence": 0.85, "bbox": {"xmin": -2.17079, "ymin": 42.8964227, "xmax": -2.1705758, "ymax": 42.8966378}}}, {"type": "Feature", "geometry": {"type": "Polygon", "coordinates": [[[-2.1705899, 42.8968456], [-2.1706612, 42.8968144], [-2.170652, 42.8967891], [-2.1707484, 42.8967485], [-2.1707029, 42.8966703], [-2.1705279, 42.8967384], [-2.1705204, 42.8967613], [-2.1705186, 42.8967666], [-2.1705899, 42.8968456]]]}, "properties": {"id": "overture-8c2f5bd4f9e9a30c", "osm_id": "297217474", "theme": "buildings", "type": "building", "subtype": "apartments", "class": "apartments", "names": null, "height": 1.893, "num_floors": 3, "sources": [{"dataset": "OpenStreetMap", "record_id": "297217474"}, {"dataset": "IGN_LIDAR_PNOA_3", "record_id": "lidar_297217474", "height_source": "lidar_dtm"}], "update_time": "2024-11-13", "version": 1, "confidence": 0.85, "bbox": {"xmin": -2.1707484, "ymin": 42.8966703, "xmax": -2.1705186, "ymax": 42.8968456}}}, {"type": "Feature", "geometry": {"type": "Polygon", "coordinates": [[[-2.1707307, 42.8966623], [-2.1707888, 42.8967369], [-2.1707946, 42.8967442], [-2.1709178, 42.8967188], [-2.1708585, 42.896629], [-2.1707307, 42.8966623]]]}, "properties": {"id": "overture-71cbd14a3c04256a", "osm_id": "297217479", "theme": "buildings", "type": "building", "subtype": "apartments", "class": "apartments", "names": null, "height": 13.289, "num_floors": 2, "sources": [{"dataset": "OpenStreetMap", "record_id": "297217479"}, {"dataset": "IGN_LIDAR_PNOA_3", "record_id": "lidar_297217479", "height_source": "lidar_dtm"}], "update_time": "2024-11-13", "version": 1, "confidence": 0.85, "bbox": {"xmin": -2.1709178, "ymin": 42.896629, "xmax": -2.1707307, "ymax": 42.8967442}}}, {"type": "Feature", "geometry": {"type": "Polygon", "coordinates": [[[-2.1708843, 42.8966375], [-2.1709387, 42.8967725], [-2.1710604, 42.8967425], [-2.1710062, 42.8966075], [-2.1708843, 42.8966375]]]}, "properties": {"id": "overture-eb26c749f2dcd995", "osm_id": "297217482", "theme": "buildings", "type": "building", "subtype": "apartments", "class": "apartments", "names": null, "height": 13.301, "num_floors": 2, "sources": [{"dataset": "OpenStreetMap", "record_id": "297217482"}, {"dataset": "IGN_LIDAR_PNOA_3", "record_id": "lidar_297217482", "height_source": "lidar_dtm"}], "update_time": "2024-11-13", "version": 1, "confidence": 0.85, "bbox": {"xmin": -2.1710604, "ymin": 42.8966075, "xmax": -2.1708843, "ymax": 42.8967725}}}, {"type": "Feature", "geometry": {"type": "Polygon", "coordinates": [[[-2.1710604, 42.8967425], [-2.1710676, 42.8967555], [-2.1711936, 42.8967172], [-2.1711893, 42.8967142], [-2.1711279, 42.8965687], [-2.1710062, 42.8966075], [-2.1710604, 42.8967425]]]}, "properties": {"id": "overture-62a5d0f0ba6508ee", "osm_id": "297217484", "theme": "buildings", "type": "building", "subtype": "apartments", "class": "apartments", "names": null, "height": 13.364, "num_floors": 2, "sources": [{"dataset": "OpenStreetMap", "record_id": "297217484"}, {"dataset": "IGN_LIDAR_PNOA_3", "record_id": "lidar_297217484", "height_source": "lidar_dtm"}], "update_time": "2024-11-13", "version": 1, "confidence": 0.85, "bbox": {"xmin": -2.1711936, "ymin": 42.8965687, "xmax": -2.1710062, "ymax": 42.8967555}}}, {"type": "Feature", "geometry": {"type": "Polygon", "coordinates": [[[-2.1712548, 42.8965359], [-2.1712577, 42.8965436], [-2.1712938, 42.8966266], [-2.1712514, 42.896638], [-2.1712744, 42.8966923], [-2.1711893, 42.8967142], [-2.1711279, 42.8965687], [-2.1712548, 42.8965359]]]}, "properties": {"id": "overture-f70a3cd715b9fa50", "osm_id": "297217487", "theme": "buildings", "type": "building", "subtype": "apartments", "class": "apartments", "names": null, "height": 13.036, "num_floors": 2, "sources": [{"dataset": "OpenStreetMap", "record_id": "297217487"}, {"dataset": "IGN_LIDAR_PNOA_3", "record_id": "lidar_297217487", "height_source": "lidar_dtm"}], "update_time": "2024-11-13", "version": 1, "confidence": 0.85, "bbox": {"xmin": -2.1712938, "ymin": 42.8965359, "xmax": -2.1711279, "ymax": 42.8967142}}}, {"type": "Feature", "geometry": {"type": "Polygon", "coordinates": [[[-2.1712938, 42.8966266], [-2.1713297, 42.896617], [-2.1712937, 42.8965341], [-2.1712577, 42.8965436], [-2.1712938, 42.8966266]]]}, "properties": {"id": "overture-dfa4000fd61a1eec", "osm_id": "297217492", "theme": "buildings", "type": "building", "subtype": "building", "class": "yes", "names": null, "height": 12.682, "num_floors": 2, "sources": [{"dataset": "OpenStreetMap", "record_id": "297217492"}, {"dataset": "IGN_LIDAR_PNOA_3", "record_id": "lidar_297217492", "height_source": "lidar_dtm"}], "update_time": "2024-11-13", "version": 1, "confidence": 0.85, "bbox": {"xmin": -2.1713297, "ymin": 42.8965341, "xmax": -2.1712577, "ymax": 42.8966266}}}, {"type": "Feature", "geometry": {"type": "Polygon", "coordinates": [[[-2.1712923, 42.8965267], [-2.1713297, 42.896617], [-2.1713498, 42.8966621], [-2.1713906, 42.8966904], [-2.1716766, 42.8966086], [-2.1716508, 42.8965868], [-2.171627, 42.8965407], [-2.1715777, 42.8964449], [-2.1712923, 42.8965267]]]}, "properties": {"id": "overture-896f7e7a5744b3ca", "osm_id": "297217494", "theme": "buildings", "type": "building", "subtype": "apartments", "class": "apartments", "names": null, "height": 11.135, "num_floors": 2, "sources": [{"dataset": "OpenStreetMap", "record_id": "297217494"}, {"dataset": "IGN_LIDAR_PNOA_3", "record_id": "lidar_297217494", "height_source": "lidar_dtm"}], "update_time": "2024-11-13", "version": 1, "confidence": 0.85, "bbox": {"xmin": -2.1716766, "ymin": 42.8964449, "xmax": -2.1712923, "ymax": 42.8966904}}}, {"type": "Feature", "geometry": {"type": "Polygon", "coordinates": [[[-2.171627, 42.8965407], [-2.1716508, 42.8965868], [-2.1716766, 42.8966086], [-2.1717915, 42.8965745], [-2.1717007, 42.8964087], [-2.1715777, 42.8964449], [-2.171627, 42.8965407]]]}, "properties": {"id": "overture-849d6f907b5d327a", "osm_id": "297217496", "theme": "buildings", "type": "building", "subtype": "apartments", "class": "apartments", "names": null, "height": 12.732, "num_floors": 2, "sources": [{"dataset": "OpenStreetMap", "record_id": "297217496"}, {"dataset": "IGN_LIDAR_PNOA_3", "record_id": "lidar_297217496", "height_source": "lidar_dtm"}], "update_time": "2024-11-13", "version": 1, "confidence": 0.85, "bbox": {"xmin": -2.1717915, "ymin": 42.8964087, "xmax": -2.1715777, "ymax": 42.8966086}}}, {"type": "Feature", "geometry": {"type": "Polygon", "coordinates": [[[-2.1717007, 42.8964087], [-2.1717774, 42.8963875], [-2.1719501, 42.8966112], [-2.1719956, 42.8966702], [-2.1718289, 42.8967501], [-2.1716401, 42.8968408], [-2.1717285, 42.8969542], [-2.171791, 42.8970344], [-2.1718683, 42.8971335], [-2.1719376, 42.8972225], [-2.1721625, 42.8971581], [-2.1723204, 42.8971128], [-2.1723968, 42.897207], [-2.1723862, 42.8972332], [-2.1719178, 42.8973788], [-2.1717942, 42.8974444], [-2.1717332, 42.8973692], [-2.1716202, 42.8974229], [-2.1713869, 42.8971641], [-2.1713973, 42.8971589], [-2.171486, 42.8971151], [-2.1713039, 42.8968796], [-2.1712481, 42.8968074], [-2.171399, 42.8967227], [-2.1713906, 42.8966904], [-2.1716766, 42.8966086], [-2.1717915, 42.8965745], [-2.1717007, 42.8964087]]]}, "properties": {"id": "overture-a03b4030216b3530", "osm_id": "297218287", "theme": "buildings", "type": "building", "subtype": "apartments", "class": "apartments", "names": null, "height": 13.461, "num_floors": 2, "sources": [{"dataset": "OpenStreetMap", "record_id": "297218287"}, {"dataset": "IGN_LIDAR_PNOA_3", "record_id": "lidar_297218287", "height_source": "lidar_dtm"}], "update_time": "2024-11-13", "version": 1, "confidence": 0.85, "bbox": {"xmin": -2.1723968, "ymin": 42.8963875, "xmax": -2.1712481, "ymax": 42.8974444}}}, {"type": "Feature", "geometry": {"type": "Polygon", "coordinates": [[[-2.1726101, 42.8966757], [-2.1724542, 42.8967445], [-2.1724331, 42.8967564], [-2.1720816, 42.8963159], [-2.172258, 42.8962343], [-2.1722998, 42.8962868], [-2.1723866, 42.8963956], [-2.1724749, 42.8965063], [-2.1725665, 42.8966212], [-2.1726101, 42.8966757]]]}, "properties": {"id": "overture-fe9df105506bbfa6", "osm_id": "297220748", "theme": "buildings", "type": "building", "subtype": "apartments", "class": "apartments", "names": null, "height": 5.908, "num_floors": 2, "sources": [{"dataset": "OpenStreetMap", "record_id": "297220748"}, {"dataset": "IGN_LIDAR_PNOA_3", "record_id": "lidar_297220748", "height_source": "lidar_dtm"}], "update_time": "2024-11-13", "version": 1, "confidence": 0.85, "bbox": {"xmin": -2.1726101, "ymin": 42.8962343, "xmax": -2.1720816, "ymax": 42.8967564}}}, {"type": "Feature", "geometry": {"type": "Polygon", "coordinates": [[[-2.1722705, 42.8968357], [-2.1724331, 42.8967564], [-2.1720816, 42.8963159], [-2.1720598, 42.8963265], [-2.172041, 42.8963029], [-2.1719649, 42.89634], [-2.1719002, 42.8963716], [-2.1719463, 42.8964295], [-2.1720405, 42.8965474], [-2.1721366, 42.8966679], [-2.1722274, 42.8967817], [-2.1722705, 42.8968357]]]}, "properties": {"id": "overture-737d3718d46e4146", "osm_id": "297220749", "theme": "buildings", "type": "building", "subtype": "apartments", "class": "apartments", "names": null, "height": 13.207, "num_floors": 2, "sources": [{"dataset": "OpenStreetMap", "record_id": "297220749"}, {"dataset": "IGN_LIDAR_PNOA_3", "record_id": "lidar_297220749", "height_source": "lidar_dtm"}], "update_time": "2024-11-13", "version": 1, "confidence": 0.85, "bbox": {"xmin": -2.1724331, "ymin": 42.8963029, "xmax": -2.1719002, "ymax": 42.8968357}}}, {"type": "Feature", "geometry": {"type": "Polygon", "coordinates": [[[-2.1705899, 42.8968456], [-2.1706612, 42.8968144], [-2.1707888, 42.8967369], [-2.1708162, 42.896779], [-2.170833, 42.8968077], [-2.170807, 42.896828], [-2.1706575, 42.896921], [-2.1705899, 42.8968456]]]}, "properties": {"id": "overture-77553b9af9e4b64f", "osm_id": "297221724", "theme": "buildings", "type": "building", "subtype": "apartments", "class": "apartments", "names": null, "height": 5.016, "num_floors": 3, "sources": [{"dataset": "OpenStreetMap", "record_id": "297221724"}, {"dataset": "IGN_LIDAR_PNOA_3", "record_id": "lidar_297221724", "height_source": "lidar_dtm"}], "update_time": "2024-11-13", "version": 1, "confidence": 0.85, "bbox": {"xmin": -2.170833, "ymin": 42.8967369, "xmax": -2.1705899, "ymax": 42.896921}}}, {"type": "Feature", "geometry": {"type": "Polygon", "coordinates": [[[-2.1707886, 42.8970486], [-2.1706575, 42.896921], [-2.170807, 42.896828], [-2.170833, 42.8968077], [-2.1709387, 42.8967725], [-2.1710206, 42.896915], [-2.1709671, 42.8969413], [-2.1707886, 42.8970486]]]}, "properties": {"id": "overture-99305cad9a0b880e", "osm_id": "297221725", "theme": "buildings", "type": "building", "subtype": "apartments", "class": "apartments", "names": null, "height": 12.625, "num_floors": 2, "sources": [{"dataset": "OpenStreetMap", "record_id": "297221725"}, {"dataset": "IGN_LIDAR_PNOA_3", "record_id": "lidar_297221725", "height_source": "lidar_dtm"}], "update_time": "2024-11-13", "version": 1, "confidence": 0.85, "bbox": {"xmin": -2.1710206, "ymin": 42.8967725, "xmax": -2.1706575, "ymax": 42.8970486}}}, {"type": "Feature", "geometry": {"type": "Polygon", "coordinates": [[[-2.1708706, 42.8971235], [-2.1707886, 42.8970486], [-2.1709671, 42.8969413], [-2.1710206, 42.896915], [-2.1712481, 42.8968074], [-2.1713039, 42.8968796], [-2.1709799, 42.8970557], [-2.1708706, 42.8971235]]]}, "properties": {"id": "overture-db0f21cfccccf865", "osm_id": "297221726", "theme": "buildings", "type": "building", "subtype": "apartments", "class": "apartments", "names": null, "height": 12.566, "num_floors": 3, "sources": [{"dataset": "OpenStreetMap", "record_id": "297221726"}, {"dataset": "IGN_LIDAR_PNOA_3", "record_id": "lidar_297221726", "height_source": "lidar_dtm"}], "update_time": "2024-11-13", "version": 1, "confidence": 0.85, "bbox": {"xmin": -2.1713039, "ymin": 42.8968074, "xmax": -2.1707886, "ymax": 42.8971235}}}, {"type": "Feature", "geometry": {"type": "Polygon", "coordinates": [[[-2.1709268, 42.8971821], [-2.1710419, 42.897117], [-2.1709799, 42.8970557], [-2.1708706, 42.8971235], [-2.1709268, 42.8971821]]]}, "properties": {"id": "overture-cbc7961c85f7438a", "osm_id": "297221727", "theme": "buildings", "type": "building", "subtype": "apartments", "class": "apartments", "names": null, "height": 1.872, "num_floors": 2, "sources": [{"dataset": "OpenStreetMap", "record_id": "297221727"}, {"dataset": "IGN_LIDAR_PNOA_3", "record_id": "lidar_297221727", "height_source": "lidar_dtm"}], "update_time": "2024-11-13", "version": 1, "confidence": 0.85, "bbox": {"xmin": -2.1710419, "ymin": 42.8970557, "xmax": -2.1708706, "ymax": 42.8971821}}}, {"type": "Feature", "geometry": {"type": "Polygon", "coordinates": [[[-2.1709268, 42.8971821], [-2.1709679, 42.8972231], [-2.1711345, 42.8971275], [-2.1710966, 42.8970865], [-2.1710419, 42.897117], [-2.1709268, 42.8971821]]]}, "properties": {"id": "overture-ee4ba1a55776356a", "osm_id": "297221728", "theme": "buildings", "type": "building", "subtype": "apartments", "class": "apartments", "names": null, "height": 9.618, "num_floors": 2, "sources": [{"dataset": "OpenStreetMap", "record_id": "297221728"}, {"dataset": "IGN_LIDAR_PNOA_3", "record_id": "lidar_297221728", "height_source": "lidar_dtm"}], "update_time": "2024-11-13", "version": 1, "confidence": 0.85, "bbox": {"xmin": -2.1711345, "ymin": 42.8970865, "xmax": -2.1709268, "ymax": 42.8972231}}}, {"type": "Feature", "geometry": {"type": "Polygon", "coordinates": [[[-2.1709679, 42.8972231], [-2.171011, 42.8972691], [-2.1712194, 42.8971496], [-2.1711762, 42.8971036], [-2.1711345, 42.8971275], [-2.1709679, 42.8972231]]]}, "properties": {"id": "overture-056f3ab59d104114", "osm_id": "297222291", "theme": "buildings", "type": "building", "subtype": "apartments", "class": "apartments", "names": null, "height": 12.299, "num_floors": 2, "sources": [{"dataset": "OpenStreetMap", "record_id": "297222291"}, {"dataset": "IGN_LIDAR_PNOA_3", "record_id": "lidar_297222291", "height_source": "lidar_dtm"}], "update_time": "2024-11-13", "version": 1, "confidence": 0.85, "bbox": {"xmin": -2.1712194, "ymin": 42.8971036, "xmax": -2.1709679, "ymax": 42.8972691}}}, {"type": "Feature", "geometry": {"type": "Polygon", "coordinates": [[[-2.171011, 42.8972691], [-2.1710552, 42.8973142], [-2.1712604, 42.8971957], [-2.1712194, 42.8971496], [-2.171011, 42.8972691]]]}, "properties": {"id": "overture-26c3e050e5f309cc", "osm_id": "297222292", "theme": "buildings", "type": "building", "subtype": "apartments", "class": "apartments", "names": null, "height": 13.255, "num_floors": 2, "sources": [{"dataset": "OpenStreetMap", "record_id": "297222292"}, {"dataset": "IGN_LIDAR_PNOA_3", "record_id": "lidar_297222292", "height_source": "lidar_dtm"}], "update_time": "2024-11-13", "version": 1, "confidence": 0.85, "bbox": {"xmin": -2.1712604, "ymin": 42.8971496, "xmax": -2.171011, "ymax": 42.8973142}}}, {"type": "Feature", "geometry": {"type": "Polygon", "coordinates": [[[-2.1710552, 42.8973142], [-2.1711016, 42.8973586], [-2.1713034, 42.8972478], [-2.1712604, 42.8971957], [-2.1710552, 42.8973142]]]}, "properties": {"id": "overture-84e79748c93bbb9d", "osm_id": "297222293", "theme": "buildings", "type": "building", "subtype": "apartments", "class": "apartments", "names": null, "height": 13.245, "num_floors": 2, "sources": [{"dataset": "OpenStreetMap", "record_id": "297222293"}, {"dataset": "IGN_LIDAR_PNOA_3", "record_id": "lidar_297222293", "height_source": "lidar_dtm"}], "update_time": "2024-11-13", "version": 1, "confidence": 0.85, "bbox": {"xmin": -2.1713034, "ymin": 42.8971957, "xmax": -2.1710552, "ymax": 42.8973586}}}, {"type": "Feature", "geometry": {"type": "Polygon", "coordinates": [[[-2.1713034, 42.8972478], [-2.1713441, 42.8972911], [-2.1711441, 42.8974003], [-2.1711016, 42.8973586], [-2.1713034, 42.8972478]]]}, "properties": {"id": "overture-8298eba918cca06e", "osm_id": "297222294", "theme": "buildings", "type": "building", "subtype": "apartments", "class": "apartments", "names": null, "height": 3.713, "num_floors": 2, "sources": [{"dataset": "OpenStreetMap", "record_id": "297222294"}, {"dataset": "IGN_LIDAR_PNOA_3", "record_id": "lidar_297222294", "height_source": "lidar_dtm"}], "update_time": "2024-11-13", "version": 1, "confidence": 0.85, "bbox": {"xmin": -2.1713441, "ymin": 42.8972478, "xmax": -2.1711016, "ymax": 42.8974003}}}, {"type": "Feature", "geometry": {"type": "Polygon", "coordinates": [[[-2.1713441, 42.8972911], [-2.1713937, 42.8973467], [-2.1712909, 42.8974038], [-2.1711936, 42.8974558], [-2.1711441, 42.8974003], [-2.1713441, 42.8972911]]]}, "properties": {"id": "overture-57b55972b8e57796", "osm_id": "297222295", "theme": "buildings", "type": "building", "subtype": "apartments", "class": "apartments", "names": null, "height": 4.218, "num_floors": 2, "sources": [{"dataset": "OpenStreetMap", "record_id": "297222295"}, {"dataset": "IGN_LIDAR_PNOA_3", "record_id": "lidar_297222295", "height_source": "lidar_dtm"}], "update_time": "2024-11-13", "version": 1, "confidence": 0.85, "bbox": {"xmin": -2.1713937, "ymin": 42.8972911, "xmax": -2.1711441, "ymax": 42.8974558}}}, {"type": "Feature", "geometry": {"type": "Polygon", "coordinates": [[[-2.1712909, 42.8974038], [-2.1713436, 42.8974641], [-2.1712066, 42.8975374], [-2.171193, 42.8975446], [-2.1711403, 42.8974843], [-2.1711936, 42.8974558], [-2.1712909, 42.8974038]]]}, "properties": {"id": "overture-bad4b40f6751707c", "osm_id": "297222296", "theme": "buildings", "type": "building", "subtype": "apartments", "class": "apartments", "names": null, "height": 12.709, "num_floors": 2, "sources": [{"dataset": "OpenStreetMap", "record_id": "297222296"}, {"dataset": "IGN_LIDAR_PNOA_3", "record_id": "lidar_297222296", "height_source": "lidar_dtm"}], "update_time": "2024-11-13", "version": 1, "confidence": 0.85, "bbox": {"xmin": -2.1713436, "ymin": 42.8974038, "xmax": -2.1711403, "ymax": 42.8975446}}}, {"type": "Feature", "geometry": {"type": "Polygon", "coordinates": [[[-2.1712066, 42.8975374], [-2.1712857, 42.8976271], [-2.1714196, 42.8975506], [-2.1713436, 42.8974641], [-2.1712066, 42.8975374]]]}, "properties": {"id": "overture-a68de2d49060d2e1", "osm_id": "297222297", "theme": "buildings", "type": "building", "subtype": "apartments", "class": "apartments", "names": null, "height": 13.419, "num_floors": 2, "sources": [{"dataset": "OpenStreetMap", "record_id": "297222297"}, {"dataset": "IGN_LIDAR_PNOA_3", "record_id": "lidar_297222297", "height_source": "lidar_dtm"}], "update_time": "2024-11-13", "version": 1, "confidence": 0.85, "bbox": {"xmin": -2.1714196, "ymin": 42.8974641, "xmax": -2.1712066, "ymax": 42.8976271}}}, {"type": "Feature", "geometry": {"type": "Polygon", "coordinates": [[[-2.1712857, 42.8976271], [-2.1713583, 42.8977049], [-2.1714923, 42.8976284], [-2.1714196, 42.8975506], [-2.1712857, 42.8976271]]]}, "properties": {"id": "overture-5eb458ec743e05de", "osm_id": "297222298", "theme": "buildings", "type": "building", "subtype": "apartments", "class": "apartments", "names": null, "height": 15.404, "num_floors": 2, "sources": [{"dataset": "OpenStreetMap", "record_id": "297222298"}, {"dataset": "IGN_LIDAR_PNOA_3", "record_id": "lidar_297222298", "height_source": "lidar_dtm"}], "update_time": "2024-11-13", "version": 1, "confidence": 0.85, "bbox": {"xmin": -2.1714923, "ymin": 42.8975506, "xmax": -2.1712857, "ymax": 42.8977049}}}, {"type": "Feature", "geometry": {"type": "Polygon", "coordinates": [[[-2.1715004, 42.8978751], [-2.1716623, 42.8977853], [-2.1717265, 42.8977452], [-2.1716559, 42.8976725], [-2.1714341, 42.8978019], [-2.1715004, 42.8978751]]]}, "properties": {"id": "overture-112ec4a845623ae9", "osm_id": "297226310", "theme": "buildings", "type": "building", "subtype": "apartments", "class": "apartments", "names": null, "height": 9.524, "num_floors": 2, "sources": [{"dataset": "OpenStreetMap", "record_id": "297226310"}, {"dataset": "IGN_LIDAR_PNOA_3", "record_id": "lidar_297226310", "height_source": "lidar_dtm"}], "update_time": "2024-11-13", "version": 1, "confidence": 0.85, "bbox": {"xmin": -2.1717265, "ymin": 42.8976725, "xmax": -2.1714341, "ymax": 42.8978751}}}, {"type": "Feature", "geometry": {"type": "Polygon", "coordinates": [[[-2.1717265, 42.8977452], [-2.1719626, 42.8976049], [-2.171892, 42.8975322], [-2.1716559, 42.8976725], [-2.1717265, 42.8977452]]]}, "properties": {"id": "overture-969f29f23282e855", "osm_id": "297226311", "theme": "buildings", "type": "building", "subtype": "apartments", "class": "apartments", "names": null, "height": 12.838, "num_floors": 2, "sources": [{"dataset": "OpenStreetMap", "record_id": "297226311"}, {"dataset": "IGN_LIDAR_PNOA_3", "record_id": "lidar_297226311", "height_source": "lidar_dtm"}], "update_time": "2024-11-13", "version": 1, "confidence": 0.85, "bbox": {"xmin": -2.1719626, "ymin": 42.8975322, "xmax": -2.1716559, "ymax": 42.8977452}}}, {"type": "Feature", "geometry": {"type": "Polygon", "coordinates": [[[-2.1716623, 42.8977853], [-2.1717047, 42.8978321], [-2.1716463, 42.8978644], [-2.1715429, 42.8979218], [-2.1715004, 42.8978751], [-2.1716623, 42.8977853]]]}, "properties": {"id": "overture-473c0ac8ee0edd91", "osm_id": "297226312", "theme": "buildings", "type": "building", "subtype": "apartments", "class": "apartments", "names": null, "height": 11.092, "num_floors": 2, "sources": [{"dataset": "OpenStreetMap", "record_id": "297226312"}, {"dataset": "IGN_LIDAR_PNOA_3", "record_id": "lidar_297226312", "height_source": "lidar_dtm"}], "update_time": "2024-11-13", "version": 1, "confidence": 0.85, "bbox": {"xmin": -2.1717047, "ymin": 42.8977853, "xmax": -2.1715004, "ymax": 42.8979218}}}, {"type": "Feature", "geometry": {"type": "Polygon", "coordinates": [[[-2.1715429, 42.8979218], [-2.1715919, 42.8979861], [-2.1717406, 42.8979068], [-2.1717186, 42.8978835], [-2.1716836, 42.8979038], [-2.1716463, 42.8978644], [-2.1715429, 42.8979218]]]}, "properties": {"id": "overture-b7661f817e0c7633", "osm_id": "297271235", "theme": "buildings", "type": "building", "subtype": "apartments", "class": "apartments", "names": null, "height": 7.779, "num_floors": 2, "sources": [{"dataset": "OpenStreetMap", "record_id": "297271235"}, {"dataset": "IGN_LIDAR_PNOA_3", "record_id": "lidar_297271235", "height_source": "lidar_dtm"}], "update_time": "2024-11-13", "version": 1, "confidence": 0.85, "bbox": {"xmin": -2.1717406, "ymin": 42.8978644, "xmax": -2.1715429, "ymax": 42.8979861}}}, {"type": "Feature", "geometry": {"type": "Polygon", "coordinates": [[[-2.1715919, 42.8979861], [-2.1717144, 42.8981274], [-2.1718276, 42.8980694], [-2.1719402, 42.8980068], [-2.1718156, 42.8978662], [-2.1717406, 42.8979068], [-2.1715919, 42.8979861]]]}, "properties": {"id": "overture-fc0699dfe2e9f806", "osm_id": "297271237", "theme": "buildings", "type": "building", "subtype": "apartments", "class": "apartments", "names": null, "height": 6.611, "num_floors": 2, "sources": [{"dataset": "OpenStreetMap", "record_id": "297271237"}, {"dataset": "IGN_LIDAR_PNOA_3", "record_id": "lidar_297271237", "height_source": "lidar_dtm"}], "update_time": "2024-11-13", "version": 1, "confidence": 0.85, "bbox": {"xmin": -2.1719402, "ymin": 42.8978662, "xmax": -2.1715919, "ymax": 42.8981274}}}, {"type": "Feature", "geometry": {"type": "Polygon", "coordinates": [[[-2.1717144, 42.8981274], [-2.1717803, 42.8981943], [-2.1718824, 42.8981348], [-2.1718276, 42.8980694], [-2.1717144, 42.8981274]]]}, "properties": {"id": "overture-742da3cf9af196d4", "osm_id": "297271238", "theme": "buildings", "type": "building", "subtype": "apartments", "class": "apartments", "names": null, "height": 3.931, "num_floors": 2, "sources": [{"dataset": "OpenStreetMap", "record_id": "297271238"}, {"dataset": "IGN_LIDAR_PNOA_3", "record_id": "lidar_297271238", "height_source": "lidar_dtm"}], "update_time": "2024-11-13", "version": 1, "confidence": 0.85, "bbox": {"xmin": -2.1718824, "ymin": 42.8980694, "xmax": -2.1717144, "ymax": 42.8981943}}}, {"type": "Feature", "geometry": {"type": "Polygon", "coordinates": [[[-2.1717803, 42.8981943], [-2.1718643, 42.8982824], [-2.1720822, 42.8981554], [-2.1720498, 42.8981216], [-2.1719964, 42.8981527], [-2.1719447, 42.8980984], [-2.1718824, 42.8981348], [-2.1717803, 42.8981943]]]}, "properties": {"id": "overture-5ff4af60b9a48cbb", "osm_id": "297271239", "theme": "buildings", "type": "building", "subtype": "apartments", "class": "apartments", "names": null, "height": 3.285, "num_floors": 2, "sources": [{"dataset": "OpenStreetMap", "record_id": "297271239"}, {"dataset": "IGN_LIDAR_PNOA_3", "record_id": "lidar_297271239", "height_source": "lidar_dtm"}], "update_time": "2024-11-13", "version": 1, "confidence": 0.85, "bbox": {"xmin": -2.1720822, "ymin": 42.8980984, "xmax": -2.1717803, "ymax": 42.8982824}}}, {"type": "Feature", "geometry": {"type": "Polygon", "coordinates": [[[-2.1723788, 42.8980852], [-2.1721664, 42.8982175], [-2.1722844, 42.8983333], [-2.1724968, 42.898201], [-2.1723788, 42.8980852]]]}, "properties": {"id": "overture-3045cb945b5b900f", "osm_id": "297271240", "theme": "buildings", "type": "building", "subtype": "apartments", "class": "apartments", "names": null, "height": 6.4, "num_floors": 2, "sources": [{"dataset": "OpenStreetMap", "record_id": "297271240"}], "update_time": "2024-11-13", "version": 1, "confidence": 0.85, "bbox": {"xmin": -2.1724968, "ymin": 42.8980852, "xmax": -2.1721664, "ymax": 42.8983333}}}, {"type": "Feature", "geometry": {"type": "Polygon", "coordinates": [[[-2.1722844, 42.8983333], [-2.1721858, 42.8983936], [-2.1721609, 42.8983688], [-2.1720429, 42.8984414], [-2.172019, 42.8984314], [-2.1719519, 42.8983509], [-2.1721664, 42.8982175], [-2.1722844, 42.8983333]]]}, "properties": {"id": "overture-5c2755450e1643db", "osm_id": "297271241", "theme": "buildings", "type": "building", "subtype": "apartments", "class": "apartments", "names": null, "height": 6.4, "num_floors": 2, "sources": [{"dataset": "OpenStreetMap", "record_id": "297271241"}], "update_time": "2024-11-13", "version": 1, "confidence": 0.85, "bbox": {"xmin": -2.1722844, "ymin": 42.8982175, "xmax": -2.1719519, "ymax": 42.8984414}}}, {"type": "Feature", "geometry": {"type": "Polygon", "coordinates": [[[-2.172019, 42.8984314], [-2.1718949, 42.8984894], [-2.1718292, 42.8983983], [-2.1719356, 42.8983473], [-2.1719519, 42.8983509], [-2.172019, 42.8984314]]]}, "properties": {"id": "overture-f757db999f3bba2c", "osm_id": "297272104", "theme": "buildings", "type": "building", "subtype": "apartments", "class": "apartments", "names": null, "height": 6.4, "num_floors": 2, "sources": [{"dataset": "OpenStreetMap", "record_id": "297272104"}], "update_time": "2024-11-13", "version": 1, "confidence": 0.85, "bbox": {"xmin": -2.172019, "ymin": 42.8983473, "xmax": -2.1718292, "ymax": 42.8984894}}}, {"type": "Feature", "geometry": {"type": "Polygon", "coordinates": [[[-2.1718949, 42.8984894], [-2.1719216, 42.8985246], [-2.1720459, 42.8984666], [-2.172019, 42.8984314], [-2.1718949, 42.8984894]]]}, "properties": {"id": "overture-612cebbf5d1ec30d", "osm_id": "297272105", "theme": "buildings", "type": "building", "subtype": "apartments", "class": "apartments", "names": null, "height": 6.4, "num_floors": 2, "sources": [{"dataset": "OpenStreetMap", "record_id": "297272105"}], "update_time": "2024-11-13", "version": 1, "confidence": 0.85, "bbox": {"xmin": -2.1720459, "ymin": 42.8984314, "xmax": -2.1718949, "ymax": 42.8985246}}}, {"type": "Feature", "geometry": {"type": "Polygon", "coordinates": [[[-2.1719216, 42.8985246], [-2.1719496, 42.8985631], [-2.1720764, 42.8985044], [-2.1720459, 42.8984666], [-2.1719216, 42.8985246]]]}, "properties": {"id": "overture-d74c38a5a9f89b2e", "osm_id": "297274398", "theme": "buildings", "type": "building", "subtype": "apartments", "class": "apartments", "names": null, "height": 6.4, "num_floors": 2, "sources": [{"dataset": "OpenStreetMap", "record_id": "297274398"}], "update_time": "2024-11-13", "version": 1, "confidence": 0.85, "bbox": {"xmin": -2.1720764, "ymin": 42.8984666, "xmax": -2.1719216, "ymax": 42.8985631}}}, {"type": "Feature", "geometry": {"type": "Polygon", "coordinates": [[[-2.1719496, 42.8985631], [-2.1719914, 42.8986225], [-2.172123, 42.8985618], [-2.1720764, 42.8985044], [-2.1719496, 42.8985631]]]}, "properties": {"id": "overture-ea7ab778a918a04f", "osm_id": "297274399", "theme": "buildings", "type": "building", "subtype": "apartments", "class": "apartments", "names": null, "height": 6.4, "num_floors": 2, "sources": [{"dataset": "OpenStreetMap", "record_id": "297274399"}], "update_time": "2024-11-13", "version": 1, "confidence": 0.85, "bbox": {"xmin": -2.172123, "ymin": 42.8985044, "xmax": -2.1719496, "ymax": 42.8986225}}}, {"type": "Feature", "geometry": {"type": "Polygon", "coordinates": [[[-2.1719914, 42.8986225], [-2.1720508, 42.8987079], [-2.1722076, 42.8986382], [-2.1721738, 42.8985916], [-2.1721561, 42.8985994], [-2.172123, 42.8985618], [-2.1719914, 42.8986225]]]}, "properties": {"id": "overture-b24e7aed9b5bd620", "osm_id": "297274400", "theme": "buildings", "type": "building", "subtype": "apartments", "class": "apartments", "names": null, "height": 6.4, "num_floors": 2, "sources": [{"dataset": "OpenStreetMap", "record_id": "297274400"}], "update_time": "2024-11-13", "version": 1, "confidence": 0.85, "bbox": {"xmin": -2.1722076, "ymin": 42.8985618, "xmax": -2.1719914, "ymax": 42.8987079}}}, {"type": "Feature", "geometry": {"type": "Polygon", "coordinates": [[[-2.1720693, 42.898721], [-2.1721186, 42.8987902], [-2.1722518, 42.8987322], [-2.1722025, 42.8986629], [-2.1720693, 42.898721]]]}, "properties": {"id": "overture-0737cc0aa0a7a504", "osm_id": "297274401", "theme": "buildings", "type": "building", "subtype": "apartments", "class": "apartments", "names": null, "height": 6.4, "num_floors": 2, "sources": [{"dataset": "OpenStreetMap", "record_id": "297274401"}], "update_time": "2024-11-13", "version": 1, "confidence": 0.85, "bbox": {"xmin": -2.1722518, "ymin": 42.8986629, "xmax": -2.1720693, "ymax": 42.8987902}}}, {"type": "Feature", "geometry": {"type": "Polygon", "coordinates": [[[-2.1722709, 42.899007], [-2.172427, 42.8989443], [-2.1724362, 42.8989384], [-2.1723129, 42.8987506], [-2.1721442, 42.8988184], [-2.1722709, 42.899007]]]}, "properties": {"id": "overture-cf8536dc6aadbe53", "osm_id": "297274402", "theme": "buildings", "type": "building", "subtype": "apartments", "class": "apartments", "names": null, "height": 6.4, "num_floors": 2, "sources": [{"dataset": "OpenStreetMap", "record_id": "297274402"}], "update_time": "2024-11-13", "version": 1, "confidence": 0.85, "bbox": {"xmin": -2.1724362, "ymin": 42.8987506, "xmax": -2.1721442, "ymax": 42.899007}}}, {"type": "Feature", "geometry": {"type": "Polygon", "coordinates": [[[-2.1722709, 42.899007], [-2.1723272, 42.8990895], [-2.1724687, 42.8990304], [-2.1724808, 42.8990263], [-2.172427, 42.8989443], [-2.1722709, 42.899007]]]}, "properties": {"id": "overture-b96bbfb73cab197f", "osm_id": "297274403", "theme": "buildings", "type": "building", "subtype": "apartments", "class": "apartments", "names": null, "height": 0.982, "num_floors": 2, "sources": [{"dataset": "OpenStreetMap", "record_id": "297274403"}, {"dataset": "IGN_LIDAR_PNOA_3", "record_id": "lidar_297274403", "height_source": "lidar_dtm"}], "update_time": "2024-11-13", "version": 1, "confidence": 0.85, "bbox": {"xmin": -2.1724808, "ymin": 42.8989443, "xmax": -2.1722709, "ymax": 42.8990895}}}, {"type": "Feature", "geometry": {"type": "Polygon", "coordinates": [[[-2.1723272, 42.8990895], [-2.1723763, 42.8991609], [-2.1725174, 42.8991017], [-2.1724687, 42.8990304], [-2.1723272, 42.8990895]]]}, "properties": {"id": "overture-80f99c297cbd33d8", "osm_id": "297274404", "theme": "buildings", "type": "building", "subtype": "apartments", "class": "apartments", "names": null, "height": 6.4, "num_floors": 2, "sources": [{"dataset": "OpenStreetMap", "record_id": "297274404"}], "update_time": "2024-11-13", "version": 1, "confidence": 0.85, "bbox": {"xmin": -2.1725174, "ymin": 42.8990304, "xmax": -2.1723272, "ymax": 42.8991609}}}, {"type": "Feature", "geometry": {"type": "Polygon", "coordinates": [[[-2.1723763, 42.8991609], [-2.1724237, 42.8992312], [-2.1725681, 42.8991716], [-2.1725781, 42.8991676], [-2.1725306, 42.8990973], [-2.1723763, 42.8991609]]]}, "properties": {"id": "overture-57e4916658117d08", "osm_id": "297274405", "theme": "buildings", "type": "building", "subtype": "apartments", "class": "apartments", "names": null, "height": 6.4, "num_floors": 2, "sources": [{"dataset": "OpenStreetMap", "record_id": "297274405"}], "update_time": "2024-11-13", "version": 1, "confidence": 0.85, "bbox": {"xmin": -2.1725781, "ymin": 42.8990973, "xmax": -2.1723763, "ymax": 42.8992312}}}, {"type": "Feature", "geometry": {"type": "Polygon", "coordinates": [[[-2.1680021, 42.8945896], [-2.1680276, 42.8945777], [-2.1680344, 42.8945866], [-2.1681238, 42.8945399], [-2.1681154, 42.894516], [-2.1680414, 42.8944161], [-2.1679997, 42.8944413], [-2.1679203, 42.8944827], [-2.1680021, 42.8945896]]]}, "properties": {"id": "overture-3ec90981c171f827", "osm_id": "297281604", "theme": "buildings", "type": "building", "subtype": "apartments", "class": "apartments", "names": null, "height": 6.4, "num_floors": 2, "sources": [{"dataset": "OpenStreetMap", "record_id": "297281604"}], "update_time": "2024-11-13", "version": 1, "confidence": 0.85, "bbox": {"xmin": -2.1681238, "ymin": 42.8944161, "xmax": -2.1679203, "ymax": 42.8945896}}}, {"type": "Feature", "geometry": {"type": "Polygon", "coordinates": [[[-2.1679203, 42.8944827], [-2.1678194, 42.8943653], [-2.1679049, 42.8943228], [-2.1679299, 42.8943563], [-2.1679379, 42.8943522], [-2.1679726, 42.894393], [-2.167963, 42.894398], [-2.1679997, 42.8944413], [-2.1679203, 42.8944827]]]}, "properties": {"id": "overture-94be9bffafebdb06", "osm_id": "297281605", "theme": "buildings", "type": "building", "subtype": "apartments", "class": "apartments", "names": null, "height": 6.4, "num_floors": 2, "sources": [{"dataset": "OpenStreetMap", "record_id": "297281605"}], "update_time": "2024-11-13", "version": 1, "confidence": 0.85, "bbox": {"xmin": -2.1679997, "ymin": 42.8943228, "xmax": -2.1678194, "ymax": 42.8944827}}}, {"type": "Feature", "geometry": {"type": "Polygon", "coordinates": [[[-2.1678194, 42.8943653], [-2.1677548, 42.8942859], [-2.1678403, 42.8942433], [-2.1679049, 42.8943228], [-2.1678194, 42.8943653]]]}, "properties": {"id": "overture-b51624763cc8e0bd", "osm_id": "297281606", "theme": "buildings", "type": "building", "subtype": "apartments", "class": "apartments", "names": null, "height": 6.4, "num_floors": 2, "sources": [{"dataset": "OpenStreetMap", "record_id": "297281606"}], "update_time": "2024-11-13", "version": 1, "confidence": 0.85, "bbox": {"xmin": -2.1679049, "ymin": 42.8942433, "xmax": -2.1677548, "ymax": 42.8943653}}}, {"type": "Feature", "geometry": {"type": "Polygon", "coordinates": [[[-2.1677548, 42.8942859], [-2.1676441, 42.894159], [-2.1677385, 42.8941141], [-2.1678403, 42.8942433], [-2.1677548, 42.8942859]]]}, "properties": {"id": "overture-0fa0fc09550f603f", "osm_id": "297281607", "theme": "buildings", "type": "building", "subtype": "apartments", "class": "apartments", "names": null, "height": 6.4, "num_floors": 2, "sources": [{"dataset": "OpenStreetMap", "record_id": "297281607"}], "update_time": "2024-11-13", "version": 1, "confidence": 0.85, "bbox": {"xmin": -2.1678403, "ymin": 42.8941141, "xmax": -2.1676441, "ymax": 42.8942859}}}, {"type": "Feature", "geometry": {"type": "Polygon", "coordinates": [[[-2.1678385, 42.8940445], [-2.1676718, 42.8941184], [-2.1676654, 42.8941112], [-2.1676329, 42.89413], [-2.1675051, 42.893975], [-2.1674856, 42.8939837], [-2.167331, 42.8937889], [-2.1673328, 42.8937795], [-2.1673171, 42.8937628], [-2.1674144, 42.8937128], [-2.1674292, 42.8937309], [-2.1674504, 42.8937223], [-2.1674709, 42.8937454], [-2.1675023, 42.8937433], [-2.167531, 42.8937816], [-2.1675533, 42.8937744], [-2.1676265, 42.8938693], [-2.1676709, 42.8938541], [-2.1677033, 42.8938751], [-2.1678385, 42.8940445]]]}, "properties": {"id": "overture-1ebc6d7b5321890c", "osm_id": "297281608", "theme": "buildings", "type": "building", "subtype": "apartments", "class": "apartments", "names": null, "height": 6.4, "num_floors": 2, "sources": [{"dataset": "OpenStreetMap", "record_id": "297281608"}], "update_time": "2024-11-13", "version": 1, "confidence": 0.85, "bbox": {"xmin": -2.1678385, "ymin": 42.8937128, "xmax": -2.1673171, "ymax": 42.89413}}}, {"type": "Feature", "geometry": {"type": "Polygon", "coordinates": [[[-2.1678785, 42.8942624], [-2.1677766, 42.8941002], [-2.1678997, 42.8940545], [-2.1680045, 42.8942168], [-2.1678785, 42.8942624]]]}, "properties": {"id": "overture-98e9cf9fe4711eb5", "osm_id": "297281609", "theme": "buildings", "type": "building", "subtype": "apartments", "class": "apartments", "names": null, "height": 6.4, "num_floors": 2, "sources": [{"dataset": "OpenStreetMap", "record_id": "297281609"}], "update_time": "2024-11-13", "version": 1, "confidence": 0.85, "bbox": {"xmin": -2.1680045, "ymin": 42.8940545, "xmax": -2.1677766, "ymax": 42.8942624}}}, {"type": "Feature", "geometry": {"type": "Polygon", "coordinates": [[[-2.1682023, 42.893763], [-2.1681703, 42.8936055], [-2.1679688, 42.8936747], [-2.1680589, 42.8938047], [-2.1682023, 42.893763]]]}, "properties": {"id": "overture-99e872d01da9c1b8", "osm_id": "297281935", "theme": "buildings", "type": "building", "subtype": "apartments", "class": "apartments", "names": null, "height": 6.4, "num_floors": 2, "sources": [{"dataset": "OpenStreetMap", "record_id": "297281935"}], "update_time": "2024-11-13", "version": 1, "confidence": 0.85, "bbox": {"xmin": -2.1682023, "ymin": 42.8936055, "xmax": -2.1679688, "ymax": 42.8938047}}}, {"type": "Feature", "geometry": {"type": "Polygon", "coordinates": [[[-2.1681407, 42.8935391], [-2.1680974, 42.8935543], [-2.1680265, 42.893579], [-2.1679573, 42.8936032], [-2.1678923, 42.893626], [-2.1678274, 42.8936487], [-2.1677586, 42.8936727], [-2.1677057, 42.8936912], [-2.1676406, 42.893714], [-2.1676202, 42.8937212], [-2.1675581, 42.8936127], [-2.1680787, 42.8934307], [-2.1681407, 42.8935391]]]}, "properties": {"id": "overture-cf69578f5166dcf3", "osm_id": "297283760", "theme": "buildings", "type": "building", "subtype": "terrace", "class": "terrace", "names": null, "height": 0.858, "num_floors": 2, "sources": [{"dataset": "OpenStreetMap", "record_id": "297283760"}, {"dataset": "IGN_LIDAR_PNOA_3", "record_id": "lidar_297283760", "height_source": "lidar_dtm"}], "update_time": "2024-11-13", "version": 1, "confidence": 0.85, "bbox": {"xmin": -2.1681407, "ymin": 42.8934307, "xmax": -2.1675581, "ymax": 42.8937212}}}, {"type": "Feature", "geometry": {"type": "Polygon", "coordinates": [[[-2.1684556, 42.8934223], [-2.1683977, 42.8933051], [-2.1682003, 42.8933627], [-2.1682596, 42.8934858], [-2.1684556, 42.8934223]]]}, "properties": {"id": "overture-7f6830eb63f12c2c", "osm_id": "297283762", "theme": "buildings", "type": "building", "subtype": "apartments", "class": "apartments", "names": null, "height": 6.4, "num_floors": 2, "sources": [{"dataset": "OpenStreetMap", "record_id": "297283762"}], "update_time": "2024-11-13", "version": 1, "confidence": 0.85, "bbox": {"xmin": -2.1684556, "ymin": 42.8933051, "xmax": -2.1682003, "ymax": 42.8934858}}}, {"type": "Feature", "geometry": {"type": "Polygon", "coordinates": [[[-2.1684556, 42.8934223], [-2.1686644, 42.8933593], [-2.1686067, 42.8932421], [-2.1683977, 42.8933051], [-2.1684556, 42.8934223]]]}, "properties": {"id": "overture-e3b8a17bbf338101", "osm_id": "297283763", "theme": "buildings", "type": "building", "subtype": "apartments", "class": "apartments", "names": null, "height": 6.4, "num_floors": 2, "sources": [{"dataset": "OpenStreetMap", "record_id": "297283763"}], "update_time": "2024-11-13", "version": 1, "confidence": 0.85, "bbox": {"xmin": -2.1686644, "ymin": 42.8932421, "xmax": -2.1683977, "ymax": 42.8934223}}}, {"type": "Feature", "geometry": {"type": "Polygon", "coordinates": [[[-2.1690938, 42.8933815], [-2.1690378, 42.8932744], [-2.169099, 42.8932536], [-2.1691568, 42.8933616], [-2.1690938, 42.8933815]]]}, "properties": {"id": "overture-a1c01e329ecc0540", "osm_id": "297283764", "theme": "buildings", "type": "building", "subtype": "apartments", "class": "apartments", "names": null, "height": 6.4, "num_floors": 2, "sources": [{"dataset": "OpenStreetMap", "record_id": "297283764"}], "update_time": "2024-11-13", "version": 1, "confidence": 0.85, "bbox": {"xmin": -2.1691568, "ymin": 42.8932536, "xmax": -2.1690378, "ymax": 42.8933815}}}, {"type": "Feature", "geometry": {"type": "Polygon", "coordinates": [[[-2.1690938, 42.8933815], [-2.1691108, 42.8934149], [-2.1688384, 42.8935003], [-2.1687616, 42.8933591], [-2.1688026, 42.8933465], [-2.1688692, 42.8933261], [-2.1689266, 42.8933085], [-2.1689931, 42.8932881], [-2.1690378, 42.8932744], [-2.1690938, 42.8933815]]]}, "properties": {"id": "overture-0505fb9b74f7edc8", "osm_id": "297283765", "theme": "buildings", "type": "building", "subtype": "terrace", "class": "terrace", "names": null, "height": 6.4, "num_floors": 2, "sources": [{"dataset": "OpenStreetMap", "record_id": "297283765"}], "update_time": "2024-11-13", "version": 1, "confidence": 0.85, "bbox": {"xmin": -2.1691108, "ymin": 42.8932744, "xmax": -2.1687616, "ymax": 42.8935003}}}, {"type": "Feature", "geometry": {"type": "Polygon", "coordinates": [[[-2.1691568, 42.8933616], [-2.1692256, 42.8933391], [-2.1691678, 42.8932311], [-2.169099, 42.8932536], [-2.1691568, 42.8933616]]]}, "properties": {"id": "overture-4a33c20de61ab7bd", "osm_id": "297283766", "theme": "buildings", "type": "building", "subtype": "apartments", "class": "apartments", "names": null, "height": 6.4, "num_floors": 2, "sources": [{"dataset": "OpenStreetMap", "record_id": "297283766"}], "update_time": "2024-11-13", "version": 1, "confidence": 0.85, "bbox": {"xmin": -2.1692256, "ymin": 42.8932311, "xmax": -2.169099, "ymax": 42.8933616}}}, {"type": "Feature", "geometry": {"type": "Polygon", "coordinates": [[[-2.1688647, 42.8936692], [-2.1687318, 42.8937222], [-2.1687055, 42.893682], [-2.168667, 42.8936186], [-2.1687977, 42.8935685], [-2.1687988, 42.8935682], [-2.1688647, 42.8936692]]]}, "properties": {"id": "overture-0e84a00d57acf6ac", "osm_id": "297284549", "theme": "buildings", "type": "building", "subtype": "house", "class": "house", "names": null, "height": 6.4, "num_floors": 2, "sources": [{"dataset": "OpenStreetMap", "record_id": "297284549"}], "update_time": "2024-11-13", "version": 1, "confidence": 0.85, "bbox": {"xmin": -2.1688647, "ymin": 42.8935682, "xmax": -2.168667, "ymax": 42.8937222}}}, {"type": "Feature", "geometry": {"type": "Polygon", "coordinates": [[[-2.1687977, 42.8935685], [-2.1687654, 42.8935168], [-2.1686971, 42.8935449], [-2.1686357, 42.8935686], [-2.168667, 42.8936186], [-2.1687977, 42.8935685]]]}, "properties": {"id": "overture-c32b784f5f3e59cd", "osm_id": "297284550", "theme": "buildings", "type": "building", "subtype": "house", "class": "house", "names": null, "height": 6.4, "num_floors": 2, "sources": [{"dataset": "OpenStreetMap", "record_id": "297284550"}], "update_time": "2024-11-13", "version": 1, "confidence": 0.85, "bbox": {"xmin": -2.1687977, "ymin": 42.8935168, "xmax": -2.1686357, "ymax": 42.8936186}}}, {"type": "Feature", "geometry": {"type": "Polygon", "coordinates": [[[-2.1686971, 42.8935449], [-2.1686714, 42.8935065], [-2.1685295, 42.8935688], [-2.1685522, 42.8936011], [-2.1686357, 42.8935686], [-2.1686971, 42.8935449]]]}, "properties": {"id": "overture-f1015e2ed3402b29", "osm_id": "297284551", "theme": "buildings", "type": "building", "subtype": "house", "class": "house", "names": null, "height": 6.4, "num_floors": 2, "sources": [{"dataset": "OpenStreetMap", "record_id": "297284551"}], "update_time": "2024-11-13", "version": 1, "confidence": 0.85, "bbox": {"xmin": -2.1686971, "ymin": 42.8935065, "xmax": -2.1685295, "ymax": 42.8936011}}}, {"type": "Feature", "geometry": {"type": "Polygon", "coordinates": [[[-2.1686714, 42.8935065], [-2.1686333, 42.8934534], [-2.1684901, 42.8935126], [-2.1685295, 42.8935688], [-2.1686714, 42.8935065]]]}, "properties": {"id": "overture-3d97aa2bcf6ee100", "osm_id": "297284552", "theme": "buildings", "type": "building", "subtype": "house", "class": "house", "names": null, "height": 6.4, "num_floors": 2, "sources": [{"dataset": "OpenStreetMap", "record_id": "297284552"}], "update_time": "2024-11-13", "version": 1, "confidence": 0.85, "bbox": {"xmin": -2.1686714, "ymin": 42.8934534, "xmax": -2.1684901, "ymax": 42.8935688}}}, {"type": "Feature", "geometry": {"type": "Polygon", "coordinates": [[[-2.1687055, 42.893682], [-2.1686311, 42.8937137], [-2.1685522, 42.8936011], [-2.1686357, 42.8935686], [-2.168667, 42.8936186], [-2.1687055, 42.893682]]]}, "properties": {"id": "overture-f566f8164fb276d6", "osm_id": "297284553", "theme": "buildings", "type": "building", "subtype": "house", "class": "house", "names": null, "height": 6.4, "num_floors": 2, "sources": [{"dataset": "OpenStreetMap", "record_id": "297284553"}], "update_time": "2024-11-13", "version": 1, "confidence": 0.85, "bbox": {"xmin": -2.1687055, "ymin": 42.8935686, "xmax": -2.1685522, "ymax": 42.8937137}}}, {"type": "Feature", "geometry": {"type": "Polygon", "coordinates": [[[-2.1686311, 42.8937137], [-2.1685695, 42.8937387], [-2.1685289, 42.8936796], [-2.1684806, 42.893608], [-2.1684307, 42.893538], [-2.1684901, 42.8935126], [-2.1685295, 42.8935688], [-2.1685522, 42.8936011], [-2.1686311, 42.8937137]]]}, "properties": {"id": "overture-b3562331ed0bc804", "osm_id": "297284554", "theme": "buildings", "type": "building", "subtype": "house", "class": "house", "names": null, "height": 6.4, "num_floors": 2, "sources": [{"dataset": "OpenStreetMap", "record_id": "297284554"}], "update_time": "2024-11-13", "version": 1, "confidence": 0.85, "bbox": {"xmin": -2.1686311, "ymin": 42.8935126, "xmax": -2.1684307, "ymax": 42.8937387}}}, {"type": "Feature", "geometry": {"type": "Polygon", "coordinates": [[[-2.1684806, 42.893608], [-2.1683591, 42.8936582], [-2.1682979, 42.8935678], [-2.1683611, 42.8935406], [-2.1683749, 42.8935604], [-2.1684307, 42.893538], [-2.1684806, 42.893608]]]}, "properties": {"id": "overture-34c5bb9adb79abb0", "osm_id": "297284555", "theme": "buildings", "type": "building", "subtype": "house", "class": "house", "names": null, "height": 6.4, "num_floors": 2, "sources": [{"dataset": "OpenStreetMap", "record_id": "297284555"}], "update_time": "2024-11-13", "version": 1, "confidence": 0.85, "bbox": {"xmin": -2.1684806, "ymin": 42.893538, "xmax": -2.1682979, "ymax": 42.8936582}}}, {"type": "Feature", "geometry": {"type": "Polygon", "coordinates": [[[-2.1683591, 42.8936582], [-2.1684074, 42.8937298], [-2.1685289, 42.8936796], [-2.1684806, 42.893608], [-2.1683591, 42.8936582]]]}, "properties": {"id": "overture-1ace4125a916d842", "osm_id": "297284556", "theme": "buildings", "type": "building", "subtype": "house", "class": "house", "names": null, "height": 6.4, "num_floors": 2, "sources": [{"dataset": "OpenStreetMap", "record_id": "297284556"}], "update_time": "2024-11-13", "version": 1, "confidence": 0.85, "bbox": {"xmin": -2.1685289, "ymin": 42.893608, "xmax": -2.1683591, "ymax": 42.8937298}}}, {"type": "Feature", "geometry": {"type": "Polygon", "coordinates": [[[-2.1684074, 42.8937298], [-2.1684464, 42.8937888], [-2.1685695, 42.8937387], [-2.1685289, 42.8936796], [-2.1684074, 42.8937298]]]}, "properties": {"id": "overture-60a5d05ed96c8e81", "osm_id": "297284557", "theme": "buildings", "type": "building", "subtype": "house", "class": "house", "names": null, "height": 6.4, "num_floors": 2, "sources": [{"dataset": "OpenStreetMap", "record_id": "297284557"}], "update_time": "2024-11-13", "version": 1, "confidence": 0.85, "bbox": {"xmin": -2.1685695, "ymin": 42.8936796, "xmax": -2.1684074, "ymax": 42.8937888}}}, {"type": "Feature", "geometry": {"type": "Polygon", "coordinates": [[[-2.1680427, 42.8951895], [-2.1682327, 42.8951496], [-2.1682252, 42.8951281], [-2.1682145, 42.8950978], [-2.1681459, 42.8951125], [-2.1681375, 42.8951038], [-2.1681058, 42.8951106], [-2.1680213, 42.8951287], [-2.1680427, 42.8951895]]]}, "properties": {"id": "overture-d9f9d2ca3c442bb9", "osm_id": "297328549", "theme": "buildings", "type": "building", "subtype": "apartments", "class": "apartments", "names": null, "height": 9.137, "num_floors": 2, "sources": [{"dataset": "OpenStreetMap", "record_id": "297328549"}, {"dataset": "IGN_LIDAR_PNOA_3", "record_id": "lidar_297328549", "height_source": "lidar_dtm"}], "update_time": "2024-11-13", "version": 1, "confidence": 0.85, "bbox": {"xmin": -2.1682327, "ymin": 42.8950978, "xmax": -2.1680213, "ymax": 42.8951895}}}, {"type": "Feature", "geometry": {"type": "Polygon", "coordinates": [[[-2.1682145, 42.8950978], [-2.1681938, 42.8950391], [-2.1680886, 42.8950616], [-2.1681058, 42.8951106], [-2.1681375, 42.8951038], [-2.1681459, 42.8951125], [-2.1682145, 42.8950978]]]}, "properties": {"id": "overture-da58d4d620571834", "osm_id": "297328550", "theme": "buildings", "type": "building", "subtype": "apartments", "class": "apartments", "names": null, "height": 0.111, "num_floors": 2, "sources": [{"dataset": "OpenStreetMap", "record_id": "297328550"}, {"dataset": "IGN_LIDAR_PNOA_3", "record_id": "lidar_297328550", "height_source": "lidar_dtm"}], "update_time": "2024-11-13", "version": 1, "confidence": 0.85, "bbox": {"xmin": -2.1682145, "ymin": 42.8950391, "xmax": -2.1680886, "ymax": 42.8951125}}}, {"type": "Feature", "geometry": {"type": "Polygon", "coordinates": [[[-2.1681058, 42.8951106], [-2.1680886, 42.8950616], [-2.1681938, 42.8950391], [-2.1681752, 42.8949852], [-2.1679853, 42.8950259], [-2.1680213, 42.8951287], [-2.1681058, 42.8951106]]]}, "properties": {"id": "overture-4fb9689d34426fb1", "osm_id": "297328551", "theme": "buildings", "type": "building", "subtype": "apartments", "class": "apartments", "names": null, "height": 7.646, "num_floors": 2, "sources": [{"dataset": "OpenStreetMap", "record_id": "297328551"}, {"dataset": "IGN_LIDAR_PNOA_3", "record_id": "lidar_297328551", "height_source": "lidar_dtm"}], "update_time": "2024-11-13", "version": 1, "confidence": 0.85, "bbox": {"xmin": -2.1681938, "ymin": 42.8949852, "xmax": -2.1679853, "ymax": 42.8951287}}}, {"type": "Feature", "geometry": {"type": "Polygon", "coordinates": [[[-2.1680283, 42.8949988], [-2.1678171, 42.8950437], [-2.1677911, 42.8949713], [-2.1678935, 42.8949499], [-2.1679986, 42.8949278], [-2.1680105, 42.8949562], [-2.1680283, 42.8949988]]]}, "properties": {"id": "overture-6601f0255c6d2345", "osm_id": "297328552", "theme": "buildings", "type": "building", "subtype": "apartments", "class": "apartments", "names": null, "height": 6.4, "num_floors": 2, "sources": [{"dataset": "OpenStreetMap", "record_id": "297328552"}], "update_time": "2024-11-13", "version": 1, "confidence": 0.85, "bbox": {"xmin": -2.1680283, "ymin": 42.8949278, "xmax": -2.1677911, "ymax": 42.8950437}}}, {"type": "Feature", "geometry": {"type": "Polygon", "coordinates": [[[-2.1678935, 42.8949499], [-2.1678421, 42.8948286], [-2.1677346, 42.8948417], [-2.1677911, 42.8949713], [-2.1678935, 42.8949499]]]}, "properties": {"id": "overture-96d603513382bca9", "osm_id": "297328553", "theme": "buildings", "type": "building", "subtype": "apartments", "class": "apartments", "names": null, "height": 6.4, "num_floors": 2, "sources": [{"dataset": "OpenStreetMap", "record_id": "297328553"}], "update_time": "2024-11-13", "version": 1, "confidence": 0.85, "bbox": {"xmin": -2.1678935, "ymin": 42.8948286, "xmax": -2.1677346, "ymax": 42.8949713}}}, {"type": "Feature", "geometry": {"type": "Polygon", "coordinates": [[[-2.1679986, 42.8949278], [-2.167976, 42.8948679], [-2.167956, 42.8948141], [-2.1678421, 42.8948286], [-2.1678935, 42.8949499], [-2.1679986, 42.8949278]]]}, "properties": {"id": "overture-cc2ca1d03360499c", "osm_id": "297328554", "theme": "buildings", "type": "building", "subtype": "apartments", "class": "apartments", "names": null, "height": 6.4, "num_floors": 2, "sources": [{"dataset": "OpenStreetMap", "record_id": "297328554"}], "update_time": "2024-11-13", "version": 1, "confidence": 0.85, "bbox": {"xmin": -2.1679986, "ymin": 42.8948141, "xmax": -2.1678421, "ymax": 42.8949499}}}, {"type": "Feature", "geometry": {"type": "Polygon", "coordinates": [[[-2.167901, 42.8947854], [-2.1678788, 42.8947593], [-2.1679189, 42.8947379], [-2.1679835, 42.8947035], [-2.1680107, 42.8947394], [-2.168027, 42.8947607], [-2.167901, 42.8947854]]]}, "properties": {"id": "overture-aa28f475062c8822", "osm_id": "297330039", "theme": "buildings", "type": "building", "subtype": "apartments", "class": "apartments", "names": null, "height": 6.4, "num_floors": 2, "sources": [{"dataset": "OpenStreetMap", "record_id": "297330039"}], "update_time": "2024-11-13", "version": 1, "confidence": 0.85, "bbox": {"xmin": -2.168027, "ymin": 42.8947035, "xmax": -2.1678788, "ymax": 42.8947854}}}, {"type": "Feature", "geometry": {"type": "Polygon", "coordinates": [[[-2.1679189, 42.8947379], [-2.1678519, 42.8946586], [-2.1677899, 42.8946861], [-2.1678538, 42.8947694], [-2.1678788, 42.8947593], [-2.1679189, 42.8947379]]]}, "properties": {"id": "overture-d813dfe530fa1e3a", "osm_id": "297330040", "theme": "buildings", "type": "building", "subtype": "apartments", "class": "apartments", "names": null, "height": 6.4, "num_floors": 2, "sources": [{"dataset": "OpenStreetMap", "record_id": "297330040"}], "update_time": "2024-11-13", "version": 1, "confidence": 0.85, "bbox": {"xmin": -2.1679189, "ymin": 42.8946586, "xmax": -2.1677899, "ymax": 42.8947694}}}, {"type": "Feature", "geometry": {"type": "Polygon", "coordinates": [[[-2.1678538, 42.8947694], [-2.1678064, 42.8947834], [-2.1677436, 42.894802], [-2.1677093, 42.8947962], [-2.1676694, 42.8947354], [-2.1677899, 42.8946861], [-2.1678538, 42.8947694]]]}, "properties": {"id": "overture-faf276de4dafb70d", "osm_id": "297330041", "theme": "buildings", "type": "building", "subtype": "apartments", "class": "apartments", "names": null, "height": 6.4, "num_floors": 2, "sources": [{"dataset": "OpenStreetMap", "record_id": "297330041"}], "update_time": "2024-11-13", "version": 1, "confidence": 0.85, "bbox": {"xmin": -2.1678538, "ymin": 42.8946861, "xmax": -2.1676694, "ymax": 42.894802}}}, {"type": "Feature", "geometry": {"type": "Polygon", "coordinates": [[[-2.1679835, 42.8947035], [-2.1679019, 42.8946079], [-2.167879, 42.8946202], [-2.1678464, 42.8946376], [-2.1678611, 42.8946557], [-2.1678519, 42.8946586], [-2.1679189, 42.8947379], [-2.1679835, 42.8947035]]]}, "properties": {"id": "overture-f3b900b5710e78d3", "osm_id": "297330042", "theme": "buildings", "type": "building", "subtype": "apartments", "class": "apartments", "names": null, "height": 6.4, "num_floors": 2, "sources": [{"dataset": "OpenStreetMap", "record_id": "297330042"}], "update_time": "2024-11-13", "version": 1, "confidence": 0.85, "bbox": {"xmin": -2.1679835, "ymin": 42.8946079, "xmax": -2.1678464, "ymax": 42.8947379}}}, {"type": "Feature", "geometry": {"type": "Polygon", "coordinates": [[[-2.1678464, 42.8946376], [-2.1678282, 42.8946154], [-2.1677981, 42.8945789], [-2.1676168, 42.8946726], [-2.1676694, 42.8947354], [-2.1677899, 42.8946861], [-2.1678519, 42.8946586], [-2.1678611, 42.8946557], [-2.1678464, 42.8946376]]]}, "properties": {"id": "overture-97d3b8f929043007", "osm_id": "297330043", "theme": "buildings", "type": "building", "subtype": "apartments", "class": "apartments", "names": null, "height": 6.4, "num_floors": 2, "sources": [{"dataset": "OpenStreetMap", "record_id": "297330043"}], "update_time": "2024-11-13", "version": 1, "confidence": 0.85, "bbox": {"xmin": -2.1678611, "ymin": 42.8945789, "xmax": -2.1676168, "ymax": 42.8947354}}}, {"type": "Feature", "geometry": {"type": "Polygon", "coordinates": [[[-2.1677981, 42.8945789], [-2.1678361, 42.8945592], [-2.1677585, 42.8944673], [-2.1675392, 42.8945806], [-2.1676168, 42.8946726], [-2.1677981, 42.8945789]]]}, "properties": {"id": "overture-69e4cec290c3d4b5", "osm_id": "297331886", "theme": "buildings", "type": "building", "subtype": "apartments", "class": "apartments", "names": null, "height": 6.4, "num_floors": 2, "sources": [{"dataset": "OpenStreetMap", "record_id": "297331886"}], "update_time": "2024-11-13", "version": 1, "confidence": 0.85, "bbox": {"xmin": -2.1678361, "ymin": 42.8944673, "xmax": -2.1675392, "ymax": 42.8946726}}}, {"type": "Feature", "geometry": {"type": "Polygon", "coordinates": [[[-2.1677355, 42.8944445], [-2.1676694, 42.8943681], [-2.1675053, 42.894446], [-2.1674929, 42.8944301], [-2.1674345, 42.8944578], [-2.1675088, 42.8945536], [-2.1677355, 42.8944445]]]}, "properties": {"id": "overture-7103fba73ea633e6", "osm_id": "297331887", "theme": "buildings", "type": "building", "subtype": "apartments", "class": "apartments", "names": null, "height": 6.4, "num_floors": 2, "sources": [{"dataset": "OpenStreetMap", "record_id": "297331887"}], "update_time": "2024-11-13", "version": 1, "confidence": 0.85, "bbox": {"xmin": -2.1677355, "ymin": 42.8943681, "xmax": -2.1674345, "ymax": 42.8945536}}}, {"type": "Feature", "geometry": {"type": "Polygon", "coordinates": [[[-2.1674345, 42.8944578], [-2.1674929, 42.8944301], [-2.1676605, 42.8943569], [-2.1675114, 42.8941841], [-2.1673316, 42.894263], [-2.1673852, 42.894374], [-2.1674345, 42.8944578]]]}, "properties": {"id": "overture-03758ecc70a34d4b", "osm_id": "297340700", "theme": "buildings", "type": "building", "subtype": "apartments", "class": "apartments", "names": null, "height": 6.4, "num_floors": 2, "sources": [{"dataset": "OpenStreetMap", "record_id": "297340700"}], "update_time": "2024-11-13", "version": 1, "confidence": 0.85, "bbox": {"xmin": -2.1676605, "ymin": 42.8941841, "xmax": -2.1673316, "ymax": 42.8944578}}}, {"type": "Feature", "geometry": {"type": "Polygon", "coordinates": [[[-2.1675114, 42.8941841], [-2.1674498, 42.894115], [-2.1672875, 42.8941893], [-2.1673316, 42.894263], [-2.1675114, 42.8941841]]]}, "properties": {"id": "overture-6affdc1e45879ae2", "osm_id": "297340701", "theme": "buildings", "type": "building", "subtype": "apartments", "class": "apartments", "names": null, "height": 6.4, "num_floors": 2, "sources": [{"dataset": "OpenStreetMap", "record_id": "297340701"}], "update_time": "2024-11-13", "version": 1, "confidence": 0.85, "bbox": {"xmin": -2.1675114, "ymin": 42.894115, "xmax": -2.1672875, "ymax": 42.894263}}}, {"type": "Feature", "geometry": {"type": "Polygon", "coordinates": [[[-2.1674498, 42.894115], [-2.1674048, 42.8940623], [-2.1672759, 42.8941127], [-2.1672449, 42.8941248], [-2.1672875, 42.8941893], [-2.1674498, 42.894115]]]}, "properties": {"id": "overture-fa071da98ef256f2", "osm_id": "297340702", "theme": "buildings", "type": "building", "subtype": "apartments", "class": "apartments", "names": null, "height": 6.4, "num_floors": 2, "sources": [{"dataset": "OpenStreetMap", "record_id": "297340702"}], "update_time": "2024-11-13", "version": 1, "confidence": 0.85, "bbox": {"xmin": -2.1674498, "ymin": 42.8940623, "xmax": -2.1672449, "ymax": 42.8941893}}}, {"type": "Feature", "geometry": {"type": "Polygon", "coordinates": [[[-2.1674048, 42.8940623], [-2.16728, 42.8939176], [-2.1672025, 42.893947], [-2.1671899, 42.893988], [-2.1672759, 42.8941127], [-2.1674048, 42.8940623]]]}, "properties": {"id": "overture-4bf456e229735490", "osm_id": "297340703", "theme": "buildings", "type": "building", "subtype": "apartments", "class": "apartments", "names": null, "height": 6.4, "num_floors": 2, "sources": [{"dataset": "OpenStreetMap", "record_id": "297340703"}], "update_time": "2024-11-13", "version": 1, "confidence": 0.85, "bbox": {"xmin": -2.1674048, "ymin": 42.8939176, "xmax": -2.1671899, "ymax": 42.8941127}}}, {"type": "Feature", "geometry": {"type": "Polygon", "coordinates": [[[-2.1672349, 42.8938747], [-2.1671025, 42.893648], [-2.1669775, 42.8936929], [-2.1670942, 42.8938668], [-2.1671116, 42.8939053], [-2.1671224, 42.8939176], [-2.1672349, 42.8938747]]]}, "properties": {"id": "overture-58a0f3893e92525a", "osm_id": "297340704", "theme": "buildings", "type": "building", "subtype": "apartments", "class": "apartments", "names": null, "height": 6.4, "num_floors": 2, "sources": [{"dataset": "OpenStreetMap", "record_id": "297340704"}], "update_time": "2024-11-13", "version": 1, "confidence": 0.85, "bbox": {"xmin": -2.1672349, "ymin": 42.893648, "xmax": -2.1669775, "ymax": 42.8939176}}}, {"type": "Feature", "geometry": {"type": "Polygon", "coordinates": [[[-2.1669365, 42.8931629], [-2.1669087, 42.8930723], [-2.1668064, 42.8930915], [-2.1668342, 42.8931821], [-2.1669365, 42.8931629]]]}, "properties": {"id": "overture-17f819628030c113", "osm_id": "297340708", "theme": "buildings", "type": "building", "subtype": "house", "class": "house", "names": null, "height": 1.337, "num_floors": 2, "sources": [{"dataset": "OpenStreetMap", "record_id": "297340708"}, {"dataset": "IGN_LIDAR_PNOA_3", "record_id": "lidar_297340708", "height_source": "lidar_dtm"}], "update_time": "2024-11-13", "version": 1, "confidence": 0.85, "bbox": {"xmin": -2.1669365, "ymin": 42.8930723, "xmax": -2.1668064, "ymax": 42.8931821}}}, {"type": "Feature", "geometry": {"type": "Polygon", "coordinates": [[[-2.167398, 42.8933444], [-2.1673625, 42.8932762], [-2.167484, 42.8932375], [-2.1675195, 42.8933057], [-2.167398, 42.8933444]]]}, "properties": {"id": "overture-47c1359933e5c268", "osm_id": "297340709", "theme": "buildings", "type": "building", "subtype": "train_station", "class": "train_station", "names": null, "height": 6.4, "num_floors": 2, "sources": [{"dataset": "OpenStreetMap", "record_id": "297340709"}], "update_time": "2024-11-13", "version": 1, "confidence": 0.85, "bbox": {"xmin": -2.1675195, "ymin": 42.8932375, "xmax": -2.1673625, "ymax": 42.8933444}}}, {"type": "Feature", "geometry": {"type": "Polygon", "coordinates": [[[-2.1807395, 42.8959806], [-2.1806334, 42.8955361], [-2.1804525, 42.8955625], [-2.1805587, 42.896007], [-2.1807395, 42.8959806]]]}, "properties": {"id": "overture-ea506c9dedc4ada6", "osm_id": "297347707", "theme": "buildings", "type": "building", "subtype": "building", "class": "yes", "names": null, "height": 6.4, "num_floors": 2, "sources": [{"dataset": "OpenStreetMap", "record_id": "297347707"}], "update_time": "2024-11-13", "version": 1, "confidence": 0.85, "bbox": {"xmin": -2.1807395, "ymin": 42.8955361, "xmax": -2.1804525, "ymax": 42.896007}}}, {"type": "Feature", "geometry": {"type": "Polygon", "coordinates": [[[-2.1805434, 42.8951511], [-2.1803858, 42.8945167], [-2.180181, 42.8945414], [-2.1803386, 42.8951849], [-2.1805434, 42.8951511]]]}, "properties": {"id": "overture-08067d0c8a032aeb", "osm_id": "297347708", "theme": "buildings", "type": "building", "subtype": "train_station", "class": "train_station", "names": {"primary": "Altsasu"}, "height": 4.091, "num_floors": 2, "sources": [{"dataset": "OpenStreetMap", "record_id": "297347708"}, {"dataset": "IGN_LIDAR_PNOA_3", "record_id": "lidar_297347708", "height_source": "lidar_dtm"}], "update_time": "2024-11-13", "version": 1, "confidence": 0.85, "bbox": {"xmin": -2.1805434, "ymin": 42.8945167, "xmax": -2.180181, "ymax": 42.8951849}}}, {"type": "Feature", "geometry": {"type": "Polygon", "coordinates": [[[-2.1801776, 42.8943535], [-2.1802134, 42.8944906], [-2.1803239, 42.8944729], [-2.1802882, 42.8943358], [-2.1801776, 42.8943535]]]}, "properties": {"id": "overture-e5484b2c7315eade", "osm_id": "297347709", "theme": "buildings", "type": "building", "subtype": "building", "class": "yes", "names": null, "height": 0.076, "num_floors": 2, "sources": [{"dataset": "OpenStreetMap", "record_id": "297347709"}, {"dataset": "IGN_LIDAR_PNOA_3", "record_id": "lidar_297347709", "height_source": "lidar_dtm"}], "update_time": "2024-11-13", "version": 1, "confidence": 0.85, "bbox": {"xmin": -2.1803239, "ymin": 42.8943358, "xmax": -2.1801776, "ymax": 42.8944906}}}, {"type": "Feature", "geometry": {"type": "Polygon", "coordinates": [[[-2.1675863, 42.8929361], [-2.1677472, 42.8929249], [-2.1677451, 42.8929067], [-2.1677862, 42.8929038], [-2.1677819, 42.8928661], [-2.1678167, 42.8928636], [-2.167807, 42.8927782], [-2.1675701, 42.8927947], [-2.1675863, 42.8929361]]]}, "properties": {"id": "overture-4e81c2e77e01cbbd", "osm_id": "297360032", "theme": "buildings", "type": "building", "subtype": "house", "class": "house", "names": null, "height": 6.4, "num_floors": 2, "sources": [{"dataset": "OpenStreetMap", "record_id": "297360032"}], "update_time": "2024-11-13", "version": 1, "confidence": 0.85, "bbox": {"xmin": -2.1678167, "ymin": 42.8927782, "xmax": -2.1675701, "ymax": 42.8929361}}}, {"type": "Feature", "geometry": {"type": "Polygon", "coordinates": [[[-2.1670808, 42.8932559], [-2.1671239, 42.893249], [-2.1672008, 42.8930767], [-2.1670388, 42.8931054], [-2.1670808, 42.8932559]]]}, "properties": {"id": "overture-15fb749a172828aa", "osm_id": "297360040", "theme": "buildings", "type": "building", "subtype": "apartments", "class": "apartments", "names": null, "height": 6.4, "num_floors": 2, "sources": [{"dataset": "OpenStreetMap", "record_id": "297360040"}], "update_time": "2024-11-13", "version": 1, "confidence": 0.85, "bbox": {"xmin": -2.1672008, "ymin": 42.8930767, "xmax": -2.1670388, "ymax": 42.8932559}}}, {"type": "Feature", "geometry": {"type": "Polygon", "coordinates": [[[-2.1672008, 42.8930767], [-2.167174, 42.892985], [-2.1670122, 42.8930138], [-2.1670388, 42.8931054], [-2.1672008, 42.8930767]]]}, "properties": {"id": "overture-12584eb5ea1070e3", "osm_id": "297360042", "theme": "buildings", "type": "building", "subtype": "house", "class": "house", "names": null, "height": 6.4, "num_floors": 2, "sources": [{"dataset": "OpenStreetMap", "record_id": "297360042"}], "update_time": "2024-11-13", "version": 1, "confidence": 0.85, "bbox": {"xmin": -2.1672008, "ymin": 42.892985, "xmax": -2.1670122, "ymax": 42.8931054}}}, {"type": "Feature", "geometry": {"type": "Polygon", "coordinates": [[[-2.1671575, 42.8929483], [-2.1671345, 42.8928565], [-2.1669668, 42.8928839], [-2.1669927, 42.892977], [-2.1671575, 42.8929483]]]}, "properties": {"id": "overture-a15d47276b284e94", "osm_id": "297360044", "theme": "buildings", "type": "building", "subtype": "apartments", "class": "apartments", "names": null, "height": 0.211, "num_floors": 2, "sources": [{"dataset": "OpenStreetMap", "record_id": "297360044"}, {"dataset": "IGN_LIDAR_PNOA_3", "record_id": "lidar_297360044", "height_source": "lidar_dtm"}], "update_time": "2024-11-13", "version": 1, "confidence": 0.85, "bbox": {"xmin": -2.1671575, "ymin": 42.8928565, "xmax": -2.1669668, "ymax": 42.892977}}}, {"type": "Feature", "geometry": {"type": "Polygon", "coordinates": [[[-2.1663293, 42.892107], [-2.1662624, 42.8919021], [-2.1664512, 42.8918644], [-2.1665181, 42.8920693], [-2.1663293, 42.892107]]]}, "properties": {"id": "overture-511cbe6bc5c50667", "osm_id": "297360045", "theme": "buildings", "type": "building", "subtype": "apartments", "class": "apartments", "names": null, "height": 6.4, "num_floors": 2, "sources": [{"dataset": "OpenStreetMap", "record_id": "297360045"}], "update_time": "2024-11-13", "version": 1, "confidence": 0.85, "bbox": {"xmin": -2.1665181, "ymin": 42.8918644, "xmax": -2.1662624, "ymax": 42.892107}}}, {"type": "Feature", "geometry": {"type": "Polygon", "coordinates": [[[-2.1664863, 42.8918465], [-2.1664586, 42.8917228], [-2.1663312, 42.891746], [-2.1663183, 42.8917027], [-2.1662838, 42.8917083], [-2.1663282, 42.891856], [-2.1663963, 42.8918423], [-2.1664016, 42.8918612], [-2.1664863, 42.8918465]]]}, "properties": {"id": "overture-26e21795e4ae4466", "osm_id": "297360046", "theme": "buildings", "type": "building", "subtype": "apartments", "class": "apartments", "names": null, "height": 6.4, "num_floors": 2, "sources": [{"dataset": "OpenStreetMap", "record_id": "297360046"}], "update_time": "2024-11-13", "version": 1, "confidence": 0.85, "bbox": {"xmin": -2.1664863, "ymin": 42.8917027, "xmax": -2.1662838, "ymax": 42.8918612}}}, {"type": "Feature", "geometry": {"type": "Polygon", "coordinates": [[[-2.1664586, 42.8917228], [-2.166442, 42.8916659], [-2.1664176, 42.8916372], [-2.1663794, 42.8916313], [-2.1663367, 42.8916348], [-2.1663078, 42.8916444], [-2.1663046, 42.8916587], [-2.1663183, 42.8917027], [-2.1663312, 42.891746], [-2.1664586, 42.8917228]]]}, "properties": {"id": "overture-e375d28a0219f1bf", "osm_id": "297360049", "theme": "buildings", "type": "building", "subtype": "house", "class": "house", "names": null, "height": 6.4, "num_floors": 2, "sources": [{"dataset": "OpenStreetMap", "record_id": "297360049"}], "update_time": "2024-11-13", "version": 1, "confidence": 0.85, "bbox": {"xmin": -2.1664586, "ymin": 42.8916313, "xmax": -2.1663046, "ymax": 42.891746}}}, {"type": "Feature", "geometry": {"type": "Polygon", "coordinates": [[[-2.1663282, 42.891856], [-2.1661798, 42.8918835], [-2.1661927, 42.8919264], [-2.165858, 42.8919881], [-2.1658099, 42.8918288], [-2.1661094, 42.8917732], [-2.1661094, 42.8917613], [-2.1662789, 42.8917002], [-2.1662838, 42.8917083], [-2.1663282, 42.891856]]]}, "properties": {"id": "overture-ee54ff0d5e66dc6c", "osm_id": "297360053", "theme": "buildings", "type": "building", "subtype": "apartments", "class": "apartments", "names": null, "height": 3.969, "num_floors": 2, "sources": [{"dataset": "OpenStreetMap", "record_id": "297360053"}, {"dataset": "IGN_LIDAR_PNOA_3", "record_id": "lidar_297360053", "height_source": "lidar_dtm"}], "update_time": "2024-11-13", "version": 1, "confidence": 0.85, "bbox": {"xmin": -2.1663282, "ymin": 42.8917002, "xmax": -2.1658099, "ymax": 42.8919881}}}, {"type": "Feature", "geometry": {"type": "Polygon", "coordinates": [[[-2.1645184, 42.8920182], [-2.1645652, 42.8922179], [-2.1646667, 42.892651], [-2.1649231, 42.8926176], [-2.1648716, 42.8924128], [-2.1647648, 42.8919868], [-2.1645184, 42.8920182]]]}, "properties": {"id": "overture-192cb7c13e6251a8", "osm_id": "297361982", "theme": "buildings", "type": "building", "subtype": "industrial", "class": "industrial", "names": null, "height": 4.992, "num_floors": 2, "sources": [{"dataset": "OpenStreetMap", "record_id": "297361982"}, {"dataset": "IGN_LIDAR_PNOA_3", "record_id": "lidar_297361982", "height_source": "lidar_dtm"}], "update_time": "2024-11-13", "version": 1, "confidence": 0.85, "bbox": {"xmin": -2.1649231, "ymin": 42.8919868, "xmax": -2.1645184, "ymax": 42.892651}}}, {"type": "Feature", "geometry": {"type": "Polygon", "coordinates": [[[-2.1645056, 42.8919459], [-2.1643149, 42.8919805], [-2.1643266, 42.8918991], [-2.1643438, 42.89178], [-2.1645224, 42.8917932], [-2.1645025, 42.8918862], [-2.1645056, 42.8919459]]]}, "properties": {"id": "overture-18e06400ca7471f9", "osm_id": "297361983", "theme": "buildings", "type": "building", "subtype": "building", "class": "yes", "names": null, "height": 0.186, "num_floors": 2, "sources": [{"dataset": "OpenStreetMap", "record_id": "297361983"}, {"dataset": "IGN_LIDAR_PNOA_3", "record_id": "lidar_297361983", "height_source": "lidar_dtm"}], "update_time": "2024-11-13", "version": 1, "confidence": 0.85, "bbox": {"xmin": -2.1645224, "ymin": 42.89178, "xmax": -2.1643149, "ymax": 42.8919805}}}, {"type": "Feature", "geometry": {"type": "Polygon", "coordinates": [[[-2.1636393, 42.8912184], [-2.1634607, 42.8906686], [-2.1630844, 42.8907434], [-2.1632631, 42.8912931], [-2.1636393, 42.8912184]]]}, "properties": {"id": "overture-13705726f858dc59", "osm_id": "297361989", "theme": "buildings", "type": "building", "subtype": "commercial", "class": "commercial", "names": null, "height": 6.4, "num_floors": 2, "sources": [{"dataset": "OpenStreetMap", "record_id": "297361989"}], "update_time": "2024-11-13", "version": 1, "confidence": 0.85, "bbox": {"xmin": -2.1636393, "ymin": 42.8906686, "xmax": -2.1630844, "ymax": 42.8912931}}}, {"type": "Feature", "geometry": {"type": "Polygon", "coordinates": [[[-2.1636393, 42.8912184], [-2.1636842, 42.8913608], [-2.1635829, 42.8913822], [-2.1633158, 42.8914385], [-2.1632631, 42.8912931], [-2.1636393, 42.8912184]]]}, "properties": {"id": "overture-20389d4ac7fca1be", "osm_id": "297361991", "theme": "buildings", "type": "building", "subtype": "building", "class": "yes", "names": {"primary": "Izelai"}, "height": 6.4, "num_floors": 2, "sources": [{"dataset": "OpenStreetMap", "record_id": "297361991"}], "update_time": "2024-11-13", "version": 1, "confidence": 0.85, "bbox": {"xmin": -2.1636842, "ymin": 42.8912184, "xmax": -2.1632631, "ymax": 42.8914385}}}, {"type": "Feature", "geometry": {"type": "Polygon", "coordinates": [[[-2.1647011, 42.8912814], [-2.1646637, 42.8911836], [-2.164681, 42.8911796], [-2.1646628, 42.8911319], [-2.1646369, 42.8911319], [-2.1646024, 42.8910419], [-2.1644922, 42.8910677], [-2.1645166, 42.8911314], [-2.1645027, 42.8911346], [-2.1645487, 42.8912548], [-2.1645676, 42.8912504], [-2.1645896, 42.8913075], [-2.1647011, 42.8912814]]]}, "properties": {"id": "overture-174277aafa4ba1c5", "osm_id": "297375895", "theme": "buildings", "type": "building", "subtype": "building", "class": "yes", "names": {"primary": "Foruzaingoa"}, "height": 6.4, "num_floors": 2, "sources": [{"dataset": "OpenStreetMap", "record_id": "297375895"}], "update_time": "2024-11-13", "version": 1, "confidence": 0.85, "bbox": {"xmin": -2.1647011, "ymin": 42.8910419, "xmax": -2.1644922, "ymax": 42.8913075}}}, {"type": "Feature", "geometry": {"type": "Polygon", "coordinates": [[[-2.1648105, 42.891505], [-2.1647999, 42.8914766], [-2.1647739, 42.8914723], [-2.1647311, 42.8913817], [-2.1648037, 42.8913607], [-2.1647752, 42.8913007], [-2.1647128, 42.8913187], [-2.1647016, 42.8913071], [-2.1645219, 42.8913506], [-2.1646028, 42.8915549], [-2.1648105, 42.891505]]]}, "properties": {"id": "overture-68cd691cd8c92e30", "osm_id": "297375896", "theme": "buildings", "type": "building", "subtype": "building", "class": "yes", "names": {"primary": "Suhiltzaileak - Bomberos"}, "height": 0.542, "num_floors": 2, "sources": [{"dataset": "OpenStreetMap", "record_id": "297375896"}, {"dataset": "IGN_LIDAR_PNOA_3", "record_id": "lidar_297375896", "height_source": "lidar_dtm"}], "update_time": "2024-11-13", "version": 1, "confidence": 0.85, "bbox": {"xmin": -2.1648105, "ymin": 42.8913007, "xmax": -2.1645219, "ymax": 42.8915549}}}, {"type": "Feature", "geometry": {"type": "Polygon", "coordinates": [[[-2.1643959, 42.8908815], [-2.1645137, 42.8908496], [-2.1644706, 42.8907525], [-2.1644857, 42.8907484], [-2.1644675, 42.8907075], [-2.1644436, 42.890714], [-2.1643989, 42.8906133], [-2.1642902, 42.8906428], [-2.1643959, 42.8908815]]]}, "properties": {"id": "overture-ad18d9cc196db7ae", "osm_id": "297375897", "theme": "buildings", "type": "building", "subtype": "building", "class": "yes", "names": null, "height": 5.67, "num_floors": 2, "sources": [{"dataset": "OpenStreetMap", "record_id": "297375897"}, {"dataset": "IGN_LIDAR_PNOA_3", "record_id": "lidar_297375897", "height_source": "lidar_dtm"}], "update_time": "2024-11-13", "version": 1, "confidence": 0.85, "bbox": {"xmin": -2.1645137, "ymin": 42.8906133, "xmax": -2.1642902, "ymax": 42.8908815}}}, {"type": "Feature", "geometry": {"type": "Polygon", "coordinates": [[[-2.1644232, 42.8910607], [-2.1644053, 42.8910148], [-2.1643878, 42.8910189], [-2.1643508, 42.890924], [-2.164226, 42.8909538], [-2.1642731, 42.8910747], [-2.1643127, 42.8910652], [-2.1643312, 42.8910826], [-2.1644232, 42.8910607]]]}, "properties": {"id": "overture-81243f236bdb4071", "osm_id": "297375898", "theme": "buildings", "type": "building", "subtype": "building", "class": "yes", "names": null, "height": 6.4, "num_floors": 2, "sources": [{"dataset": "OpenStreetMap", "record_id": "297375898"}], "update_time": "2024-11-13", "version": 1, "confidence": 0.85, "bbox": {"xmin": -2.1644232, "ymin": 42.890924, "xmax": -2.164226, "ymax": 42.8910826}}}, {"type": "Feature", "geometry": {"type": "Polygon", "coordinates": [[[-2.1642219, 42.8906162], [-2.1642071, 42.8905771], [-2.1641867, 42.8905785], [-2.1641497, 42.8904786], [-2.1640238, 42.8905162], [-2.1640664, 42.8906263], [-2.1641127, 42.8906162], [-2.1641237, 42.8906408], [-2.1642219, 42.8906162]]]}, "properties": {"id": "overture-73d9d57f9be47257", "osm_id": "297375899", "theme": "buildings", "type": "building", "subtype": "building", "class": "yes", "names": null, "height": 6.4, "num_floors": 2, "sources": [{"dataset": "OpenStreetMap", "record_id": "297375899"}], "update_time": "2024-11-13", "version": 1, "confidence": 0.85, "bbox": {"xmin": -2.1642219, "ymin": 42.8904786, "xmax": -2.1640238, "ymax": 42.8906408}}}, {"type": "Feature", "geometry": {"type": "Polygon", "coordinates": [[[-2.1636585, 42.8901185], [-2.163606, 42.8899987], [-2.1639964, 42.8898942], [-2.1640489, 42.890014], [-2.1636585, 42.8901185]]]}, "properties": {"id": "overture-cac740d22c2577ad", "osm_id": "297375900", "theme": "buildings", "type": "building", "subtype": "building", "class": "yes", "names": null, "height": 6.4, "num_floors": 2, "sources": [{"dataset": "OpenStreetMap", "record_id": "297375900"}], "update_time": "2024-11-13", "version": 1, "confidence": 0.85, "bbox": {"xmin": -2.1640489, "ymin": 42.8898942, "xmax": -2.163606, "ymax": 42.8901185}}}, {"type": "Feature", "geometry": {"type": "Polygon", "coordinates": [[[-2.1614047, 42.8911191], [-2.1614122, 42.8909279], [-2.1613078, 42.8909254], [-2.1613067, 42.8909532], [-2.1610959, 42.8909481], [-2.1610905, 42.8910862], [-2.1613093, 42.8910915], [-2.1613083, 42.8911168], [-2.1614047, 42.8911191]]]}, "properties": {"id": "overture-8708620485210bf7", "osm_id": "297389255", "theme": "buildings", "type": "building", "subtype": "building", "class": "yes", "names": {"primary": "Avia"}, "height": 6.4, "num_floors": 2, "sources": [{"dataset": "OpenStreetMap", "record_id": "297389255"}], "update_time": "2024-11-13", "version": 1, "confidence": 0.85, "bbox": {"xmin": -2.1614122, "ymin": 42.8909254, "xmax": -2.1610905, "ymax": 42.8911191}}}, {"type": "Feature", "geometry": {"type": "Polygon", "coordinates": [[[-2.1603327, 42.8927262], [-2.1603576, 42.8924851], [-2.1590562, 42.8923827], [-2.159028, 42.8926225], [-2.1603327, 42.8927262]]]}, "properties": {"id": "overture-bb54ac532eaf0ebb", "osm_id": "297389256", "theme": "buildings", "type": "building", "subtype": "industrial", "class": "industrial", "names": null, "height": 6.927, "num_floors": 2, "sources": [{"dataset": "OpenStreetMap", "record_id": "297389256"}, {"dataset": "IGN_LIDAR_PNOA_3", "record_id": "lidar_297389256", "height_source": "lidar_dtm"}], "update_time": "2024-11-13", "version": 1, "confidence": 0.85, "bbox": {"xmin": -2.1603576, "ymin": 42.8923827, "xmax": -2.159028, "ymax": 42.8927262}}}, {"type": "Feature", "geometry": {"type": "Polygon", "coordinates": [[[-2.1603692, 42.8924041], [-2.1603908, 42.8922379], [-2.1595945, 42.8921747], [-2.1595729, 42.8923409], [-2.1603692, 42.8924041]]]}, "properties": {"id": "overture-a8b8e6663d0b48e5", "osm_id": "297389257", "theme": "buildings", "type": "building", "subtype": "industrial", "class": "industrial", "names": null, "height": 6.4, "num_floors": 2, "sources": [{"dataset": "OpenStreetMap", "record_id": "297389257"}], "update_time": "2024-11-13", "version": 1, "confidence": 0.85, "bbox": {"xmin": -2.1603908, "ymin": 42.8921747, "xmax": -2.1595729, "ymax": 42.8924041}}}, {"type": "Feature", "geometry": {"type": "Polygon", "coordinates": [[[-2.1620306, 42.8928608], [-2.1621189, 42.8922961], [-2.1620974, 42.892294], [-2.1621202, 42.8921483], [-2.1620812, 42.8921446], [-2.1620947, 42.8920582], [-2.1621165, 42.8920539], [-2.1621541, 42.8918119], [-2.1620993, 42.8918067], [-2.1621192, 42.8916773], [-2.16206, 42.8916717], [-2.1620643, 42.8916441], [-2.1614535, 42.8915862], [-2.1614479, 42.8916229], [-2.1613285, 42.8916116], [-2.1612372, 42.8922003], [-2.1606718, 42.8921466], [-2.1606228, 42.8924618], [-2.1607184, 42.8925109], [-2.1606838, 42.892732], [-2.1620306, 42.8928608]]]}, "properties": {"id": "overture-70067a08b6d58260", "osm_id": "297389260", "theme": "buildings", "type": "building", "subtype": "industrial", "class": "industrial", "names": {"primary": "Eguzkia NKH"}, "height": 8.267, "num_floors": 2, "sources": [{"dataset": "OpenStreetMap", "record_id": "297389260"}, {"dataset": "IGN_LIDAR_PNOA_3", "record_id": "lidar_297389260", "height_source": "lidar_dtm"}], "update_time": "2024-11-13", "version": 1, "confidence": 0.85, "bbox": {"xmin": -2.1621541, "ymin": 42.8915862, "xmax": -2.1606228, "ymax": 42.8928608}}}, {"type": "Feature", "geometry": {"type": "Polygon", "coordinates": [[[-2.1627091, 42.8922385], [-2.1627804, 42.8917838], [-2.1626116, 42.8917676], [-2.1626159, 42.89174], [-2.162319, 42.8917114], [-2.1622571, 42.8921056], [-2.1625638, 42.8921351], [-2.16255, 42.8922232], [-2.1627091, 42.8922385]]]}, "properties": {"id": "overture-2fd955d5e2936173", "osm_id": "297389261", "theme": "buildings", "type": "building", "subtype": "building", "class": "yes", "names": {"primary": "Ramos - Suministros"}, "height": 0.077, "num_floors": 2, "sources": [{"dataset": "OpenStreetMap", "record_id": "297389261"}, {"dataset": "IGN_LIDAR_PNOA_3", "record_id": "lidar_297389261", "height_source": "lidar_dtm"}], "update_time": "2024-11-13", "version": 1, "confidence": 0.85, "bbox": {"xmin": -2.1627804, "ymin": 42.8917114, "xmax": -2.1622571, "ymax": 42.8922385}}}, {"type": "Feature", "geometry": {"type": "Polygon", "coordinates": [[[-2.1626262, 42.8928988], [-2.1626929, 42.8925199], [-2.1622118, 42.8924682], [-2.1621451, 42.8928471], [-2.1626262, 42.8928988]]]}, "properties": {"id": "overture-4170ef2b7651e020", "osm_id": "297390695", "theme": "buildings", "type": "building", "subtype": "industrial", "class": "industrial", "names": {"primary": "Ramos - Ingeniería"}, "height": 6.591, "num_floors": 2, "sources": [{"dataset": "OpenStreetMap", "record_id": "297390695"}, {"dataset": "IGN_LIDAR_PNOA_3", "record_id": "lidar_297390695", "height_source": "lidar_dtm"}], "update_time": "2024-11-13", "version": 1, "confidence": 0.85, "bbox": {"xmin": -2.1626929, "ymin": 42.8924682, "xmax": -2.1621451, "ymax": 42.8928988}}}, {"type": "Feature", "geometry": {"type": "Polygon", "coordinates": [[[-2.1636125, 42.8918386], [-2.1629383, 42.8917742], [-2.1628405, 42.8923182], [-2.1631731, 42.8923516], [-2.1631335, 42.8926021], [-2.1627979, 42.8925806], [-2.1627552, 42.8928956], [-2.1634355, 42.8929624], [-2.1636125, 42.8918386]]]}, "properties": {"id": "overture-47071f29868de6e9", "osm_id": "297390696", "theme": "buildings", "type": "building", "subtype": "industrial", "class": "industrial", "names": null, "height": 8.803, "num_floors": 2, "sources": [{"dataset": "OpenStreetMap", "record_id": "297390696"}, {"dataset": "IGN_LIDAR_PNOA_3", "record_id": "lidar_297390696", "height_source": "lidar_dtm"}], "update_time": "2024-11-13", "version": 1, "confidence": 0.85, "bbox": {"xmin": -2.1636125, "ymin": 42.8917742, "xmax": -2.1627552, "ymax": 42.8929624}}}, {"type": "Feature", "geometry": {"type": "Polygon", "coordinates": [[[-2.1640537, 42.8930249], [-2.1640637, 42.8929705], [-2.1640647, 42.8928992], [-2.1639661, 42.8928881], [-2.1639802, 42.8928117], [-2.1638543, 42.8927976], [-2.1638174, 42.8929983], [-2.1640537, 42.8930249]]]}, "properties": {"id": "overture-598c35e4c04e2eed", "osm_id": "297392689", "theme": "buildings", "type": "building", "subtype": "industrial", "class": "industrial", "names": null, "height": 1.895, "num_floors": 2, "sources": [{"dataset": "OpenStreetMap", "record_id": "297392689"}, {"dataset": "IGN_LIDAR_PNOA_3", "record_id": "lidar_297392689", "height_source": "lidar_dtm"}], "update_time": "2024-11-13", "version": 1, "confidence": 0.85, "bbox": {"xmin": -2.1640647, "ymin": 42.8927976, "xmax": -2.1638174, "ymax": 42.8930249}}}, {"type": "Feature", "geometry": {"type": "Polygon", "coordinates": [[[-2.1631455, 42.8940154], [-2.1629862, 42.894003], [-2.1629787, 42.8940628], [-2.1629367, 42.8940596], [-2.1629303, 42.8941107], [-2.1626814, 42.8940916], [-2.1626854, 42.8940601], [-2.1626345, 42.8940562], [-2.1626593, 42.8938566], [-2.1628009, 42.8938674], [-2.1628071, 42.8938182], [-2.163167, 42.8938455], [-2.1631455, 42.8940154]]]}, "properties": {"id": "overture-52d22d538ccf9b4d", "osm_id": "297392690", "theme": "buildings", "type": "building", "subtype": "industrial", "class": "industrial", "names": null, "height": 2.111, "num_floors": 2, "sources": [{"dataset": "OpenStreetMap", "record_id": "297392690"}, {"dataset": "IGN_LIDAR_PNOA_3", "record_id": "lidar_297392690", "height_source": "lidar_dtm"}], "update_time": "2024-11-13", "version": 1, "confidence": 0.85, "bbox": {"xmin": -2.163167, "ymin": 42.8938182, "xmax": -2.1626345, "ymax": 42.8941107}}}, {"type": "Feature", "geometry": {"type": "Polygon", "coordinates": [[[-2.1626122, 42.8936467], [-2.1631802, 42.8936954], [-2.1632068, 42.8935051], [-2.1629303, 42.8934814], [-2.162687, 42.8934606], [-2.1626389, 42.8934565], [-2.1626122, 42.8936467]]]}, "properties": {"id": "overture-68c6a113e6d48e9c", "osm_id": "297392691", "theme": "buildings", "type": "building", "subtype": "industrial", "class": "industrial", "names": null, "height": 6.4, "num_floors": 2, "sources": [{"dataset": "OpenStreetMap", "record_id": "297392691"}], "update_time": "2024-11-13", "version": 1, "confidence": 0.85, "bbox": {"xmin": -2.1632068, "ymin": 42.8934565, "xmax": -2.1626122, "ymax": 42.8936954}}}, {"type": "Feature", "geometry": {"type": "Polygon", "coordinates": [[[-2.1629303, 42.8934814], [-2.1629792, 42.8931714], [-2.1627422, 42.8931569], [-2.162687, 42.8934606], [-2.1629303, 42.8934814]]]}, "properties": {"id": "overture-938db8cb50dd7e7c", "osm_id": "297392692", "theme": "buildings", "type": "building", "subtype": "industrial", "class": "industrial", "names": null, "height": 7.756, "num_floors": 2, "sources": [{"dataset": "OpenStreetMap", "record_id": "297392692"}, {"dataset": "IGN_LIDAR_PNOA_3", "record_id": "lidar_297392692", "height_source": "lidar_dtm"}], "update_time": "2024-11-13", "version": 1, "confidence": 0.85, "bbox": {"xmin": -2.1629792, "ymin": 42.8931569, "xmax": -2.162687, "ymax": 42.8934814}}}, {"type": "Feature", "geometry": {"type": "Polygon", "coordinates": [[[-2.1626214, 42.8935041], [-2.1626767, 42.8931542], [-2.1624345, 42.8931307], [-2.1624265, 42.8931812], [-2.1624562, 42.893184], [-2.1624135, 42.893454], [-2.1625026, 42.8934626], [-2.1624979, 42.8934922], [-2.1626214, 42.8935041]]]}, "properties": {"id": "overture-073eeb123b1b6340", "osm_id": "297392693", "theme": "buildings", "type": "building", "subtype": "industrial", "class": "industrial", "names": null, "height": 7.362, "num_floors": 2, "sources": [{"dataset": "OpenStreetMap", "record_id": "297392693"}, {"dataset": "IGN_LIDAR_PNOA_3", "record_id": "lidar_297392693", "height_source": "lidar_dtm"}], "update_time": "2024-11-13", "version": 1, "confidence": 0.85, "bbox": {"xmin": -2.1626767, "ymin": 42.8931307, "xmax": -2.1624135, "ymax": 42.8935041}}}, {"type": "Feature", "geometry": {"type": "Polygon", "coordinates": [[[-2.1622962, 42.8935999], [-2.1623753, 42.8931355], [-2.1620184, 42.8930983], [-2.1620031, 42.8931886], [-2.1620687, 42.8931955], [-2.1620554, 42.8932745], [-2.1621998, 42.8932896], [-2.1621497, 42.8935847], [-2.1622962, 42.8935999]]]}, "properties": {"id": "overture-470357380ca81270", "osm_id": "297392694", "theme": "buildings", "type": "building", "subtype": "industrial", "class": "industrial", "names": null, "height": 3.311, "num_floors": 2, "sources": [{"dataset": "OpenStreetMap", "record_id": "297392694"}, {"dataset": "IGN_LIDAR_PNOA_3", "record_id": "lidar_297392694", "height_source": "lidar_dtm"}], "update_time": "2024-11-13", "version": 1, "confidence": 0.85, "bbox": {"xmin": -2.1623753, "ymin": 42.8930983, "xmax": -2.1620031, "ymax": 42.8935999}}}, {"type": "Feature", "geometry": {"type": "Polygon", "coordinates": [[[-2.1552877, 42.8912205], [-2.1552675, 42.8915388], [-2.1553191, 42.8915406], [-2.1553122, 42.8916711], [-2.1552354, 42.8916686], [-2.1552254, 42.8918562], [-2.1551994, 42.8918706], [-2.1550475, 42.8918591], [-2.1550253, 42.891833], [-2.155029, 42.8917745], [-2.1549346, 42.8917675], [-2.1549503, 42.891625], [-2.1547883, 42.8916197], [-2.1547793, 42.8914737], [-2.1547186, 42.8914773], [-2.1547186, 42.8914016], [-2.1547883, 42.8914016], [-2.1548017, 42.8912064], [-2.1552877, 42.8912205]]]}, "properties": {"id": "overture-2674a7da4591bb48", "osm_id": "297392695", "theme": "buildings", "type": "building", "subtype": "industrial", "class": "industrial", "names": {"primary": "Unamuno pentsuak"}, "height": 2.703, "num_floors": 2, "sources": [{"dataset": "OpenStreetMap", "record_id": "297392695"}, {"dataset": "IGN_LIDAR_PNOA_3", "record_id": "lidar_297392695", "height_source": "lidar_dtm"}], "update_time": "2024-11-13", "version": 1, "confidence": 0.85, "bbox": {"xmin": -2.1553191, "ymin": 42.8912064, "xmax": -2.1547186, "ymax": 42.8918706}}}, {"type": "Feature", "geometry": {"type": "Polygon", "coordinates": [[[-2.1621926, 42.8916119], [-2.1621997, 42.8915691], [-2.1614802, 42.8914964], [-2.1614731, 42.8915392], [-2.1621926, 42.8916119]]]}, "properties": {"id": "overture-580e4f5d3a62aeaf", "osm_id": "297445882", "theme": "buildings", "type": "building", "subtype": "roof", "class": "roof", "names": null, "height": 6.4, "num_floors": 2, "sources": [{"dataset": "OpenStreetMap", "record_id": "297445882"}], "update_time": "2024-11-13", "version": 1, "confidence": 0.85, "bbox": {"xmin": -2.1621997, "ymin": 42.8914964, "xmax": -2.1614731, "ymax": 42.8916119}}}, {"type": "Feature", "geometry": {"type": "Polygon", "coordinates": [[[-2.1631356, 42.8910246], [-2.1632751, 42.8914344], [-2.1624789, 42.891357], [-2.1624811, 42.8912937], [-2.162517, 42.891255], [-2.1630907, 42.8913042], [-2.1629894, 42.8910562], [-2.1631356, 42.8910246]]]}, "properties": {"id": "overture-1359f94723a94b40", "osm_id": "297445883", "theme": "buildings", "type": "building", "subtype": "industrial", "class": "industrial", "names": null, "height": 6.4, "num_floors": 2, "sources": [{"dataset": "OpenStreetMap", "record_id": "297445883"}], "update_time": "2024-11-13", "version": 1, "confidence": 0.85, "bbox": {"xmin": -2.1632751, "ymin": 42.8910246, "xmax": -2.1624789, "ymax": 42.8914344}}}, {"type": "Feature", "geometry": {"type": "Polygon", "coordinates": [[[-2.1628522, 42.8906025], [-2.1626229, 42.890059], [-2.1624857, 42.8900942], [-2.1627128, 42.8906359], [-2.1628522, 42.8906025]]]}, "properties": {"id": "overture-09b27793d708898f", "osm_id": "297445884", "theme": "buildings", "type": "building", "subtype": "industrial", "class": "industrial", "names": null, "height": 6.4, "num_floors": 2, "sources": [{"dataset": "OpenStreetMap", "record_id": "297445884"}], "update_time": "2024-11-13", "version": 1, "confidence": 0.85, "bbox": {"xmin": -2.1628522, "ymin": 42.890059, "xmax": -2.1624857, "ymax": 42.8906359}}}, {"type": "Feature", "geometry": {"type": "Polygon", "coordinates": [[[-2.1627128, 42.8906359], [-2.1626048, 42.8906623], [-2.1623619, 42.8901082], [-2.1624744, 42.8900766], [-2.1627128, 42.8906359]]]}, "properties": {"id": "overture-8e6b2760a15e22e2", "osm_id": "297445885", "theme": "buildings", "type": "building", "subtype": "industrial", "class": "industrial", "names": null, "height": 6.4, "num_floors": 2, "sources": [{"dataset": "OpenStreetMap", "record_id": "297445885"}], "update_time": "2024-11-13", "version": 1, "confidence": 0.85, "bbox": {"xmin": -2.1627128, "ymin": 42.8900766, "xmax": -2.1623619, "ymax": 42.8906623}}}, {"type": "Feature", "geometry": {"type": "Polygon", "coordinates": [[[-2.1624365, 42.8905507], [-2.1622587, 42.8901292], [-2.1621634, 42.8901538], [-2.1623411, 42.8905753], [-2.1624365, 42.8905507]]]}, "properties": {"id": "overture-bdaf7872366a92b4", "osm_id": "297445886", "theme": "buildings", "type": "building", "subtype": "industrial", "class": "industrial", "names": null, "height": 6.4, "num_floors": 2, "sources": [{"dataset": "OpenStreetMap", "record_id": "297445886"}], "update_time": "2024-11-13", "version": 1, "confidence": 0.85, "bbox": {"xmin": -2.1624365, "ymin": 42.8901292, "xmax": -2.1621634, "ymax": 42.8905753}}}, {"type": "Feature", "geometry": {"type": "Polygon", "coordinates": [[[-2.1597465, 42.8921417], [-2.1597517, 42.8920992], [-2.1594737, 42.8920787], [-2.1594876, 42.8919644], [-2.1590779, 42.8919341], [-2.1590956, 42.8917871], [-2.1590177, 42.8917814], [-2.158981, 42.892085], [-2.1597465, 42.8921417]]]}, "properties": {"id": "overture-a02a7b3c0cee82d8", "osm_id": "297445899", "theme": "buildings", "type": "building", "subtype": "industrial", "class": "industrial", "names": null, "height": 6.4, "num_floors": 2, "sources": [{"dataset": "OpenStreetMap", "record_id": "297445899"}], "update_time": "2024-11-13", "version": 1, "confidence": 0.85, "bbox": {"xmin": -2.1597517, "ymin": 42.8917814, "xmax": -2.158981, "ymax": 42.8921417}}}, {"type": "Feature", "geometry": {"type": "Polygon", "coordinates": [[[-2.1595534, 42.8916191], [-2.1591171, 42.8915841], [-2.1591419, 42.8913924], [-2.1595738, 42.8914346], [-2.1595534, 42.8916191]]]}, "properties": {"id": "overture-3b4aedc756088da1", "osm_id": "297445903", "theme": "buildings", "type": "building", "subtype": "industrial", "class": "industrial", "names": {"primary": "Carburos Metálicos"}, "height": 6.4, "num_floors": 2, "sources": [{"dataset": "OpenStreetMap", "record_id": "297445903"}], "update_time": "2024-11-13", "version": 1, "confidence": 0.85, "bbox": {"xmin": -2.1595738, "ymin": 42.8913924, "xmax": -2.1591171, "ymax": 42.8916191}}}, {"type": "Feature", "geometry": {"type": "Polygon", "coordinates": [[[-2.1596288, 42.8938275], [-2.1594759, 42.8938169], [-2.1595777, 42.8929698], [-2.1600185, 42.8929988], [-2.1599593, 42.8934362], [-2.1598481, 42.8934333], [-2.159837, 42.8935695], [-2.1596592, 42.8935608], [-2.1596288, 42.8938275]]]}, "properties": {"id": "overture-a6e89ab9d7d094b7", "osm_id": "297448652", "theme": "buildings", "type": "building", "subtype": "industrial", "class": "industrial", "names": null, "height": 4.169, "num_floors": 2, "sources": [{"dataset": "OpenStreetMap", "record_id": "297448652"}, {"dataset": "IGN_LIDAR_PNOA_3", "record_id": "lidar_297448652", "height_source": "lidar_dtm"}], "update_time": "2024-11-13", "version": 1, "confidence": 0.85, "bbox": {"xmin": -2.1600185, "ymin": 42.8929698, "xmax": -2.1594759, "ymax": 42.8938275}}}, {"type": "Feature", "geometry": {"type": "Polygon", "coordinates": [[[-2.1593945, 42.8936013], [-2.1594715, 42.8930182], [-2.1586049, 42.8929482], [-2.158588, 42.8930764], [-2.15855, 42.8930734], [-2.1584584, 42.8937668], [-2.1585457, 42.8937739], [-2.1585513, 42.8937316], [-2.1586573, 42.8937401], [-2.1586831, 42.8935439], [-2.1593945, 42.8936013]]]}, "properties": {"id": "overture-2561df3f268d1e7a", "osm_id": "297448654", "theme": "buildings", "type": "building", "subtype": "industrial", "class": "industrial", "names": null, "height": 9.913, "num_floors": 2, "sources": [{"dataset": "OpenStreetMap", "record_id": "297448654"}, {"dataset": "IGN_LIDAR_PNOA_3", "record_id": "lidar_297448654", "height_source": "lidar_dtm"}], "update_time": "2024-11-13", "version": 1, "confidence": 0.85, "bbox": {"xmin": -2.1594715, "ymin": 42.8929482, "xmax": -2.1584584, "ymax": 42.8937739}}}, {"type": "Feature", "geometry": {"type": "Polygon", "coordinates": [[[-2.1584456, 42.8934672], [-2.1585325, 42.8928707], [-2.158298, 42.8928498], [-2.158211, 42.8934463], [-2.1584456, 42.8934672]]]}, "properties": {"id": "overture-1c7bee9be2606a13", "osm_id": "297448655", "theme": "buildings", "type": "building", "subtype": "industrial", "class": "industrial", "names": null, "height": 7.833, "num_floors": 2, "sources": [{"dataset": "OpenStreetMap", "record_id": "297448655"}, {"dataset": "IGN_LIDAR_PNOA_3", "record_id": "lidar_297448655", "height_source": "lidar_dtm"}], "update_time": "2024-11-13", "version": 1, "confidence": 0.85, "bbox": {"xmin": -2.1585325, "ymin": 42.8928498, "xmax": -2.158211, "ymax": 42.8934672}}}, {"type": "Feature", "geometry": {"type": "Polygon", "coordinates": [[[-2.1582141, 42.8928517], [-2.1581712, 42.8931203], [-2.1579927, 42.8931028], [-2.1580357, 42.8928343], [-2.1582141, 42.8928517]]]}, "properties": {"id": "overture-f842e57e132306a0", "osm_id": "297448657", "theme": "buildings", "type": "building", "subtype": "industrial", "class": "industrial", "names": null, "height": 6.4, "num_floors": 2, "sources": [{"dataset": "OpenStreetMap", "record_id": "297448657"}], "update_time": "2024-11-13", "version": 1, "confidence": 0.85, "bbox": {"xmin": -2.1582141, "ymin": 42.8928343, "xmax": -2.1579927, "ymax": 42.8931203}}}, {"type": "Feature", "geometry": {"type": "Polygon", "coordinates": [[[-2.1579693, 42.8930213], [-2.1579975, 42.8928255], [-2.157632, 42.8927933], [-2.1576256, 42.8928376], [-2.1576436, 42.8928446], [-2.1576247, 42.8929736], [-2.1577358, 42.8929836], [-2.1577403, 42.8930011], [-2.1579693, 42.8930213]]]}, "properties": {"id": "overture-6c9b0c5bc5e801f2", "osm_id": "297448658", "theme": "buildings", "type": "building", "subtype": "industrial", "class": "industrial", "names": null, "height": 6.4, "num_floors": 2, "sources": [{"dataset": "OpenStreetMap", "record_id": "297448658"}], "update_time": "2024-11-13", "version": 1, "confidence": 0.85, "bbox": {"xmin": -2.1579975, "ymin": 42.8927933, "xmax": -2.1576247, "ymax": 42.8930213}}}, {"type": "Feature", "geometry": {"type": "Polygon", "coordinates": [[[-2.1572256, 42.8915076], [-2.1572734, 42.8912161], [-2.1569948, 42.8911852], [-2.1569476, 42.8914784], [-2.1572256, 42.8915076]]]}, "properties": {"id": "overture-1d299f4add88277d", "osm_id": "297448667", "theme": "buildings", "type": "building", "subtype": "industrial", "class": "industrial", "names": null, "height": 6.4, "num_floors": 2, "sources": [{"dataset": "OpenStreetMap", "record_id": "297448667"}], "update_time": "2024-11-13", "version": 1, "confidence": 0.85, "bbox": {"xmin": -2.1572734, "ymin": 42.8911852, "xmax": -2.1569476, "ymax": 42.8915076}}}, {"type": "Feature", "geometry": {"type": "Polygon", "coordinates": [[[-2.1587562, 42.8920751], [-2.1587744, 42.8919598], [-2.1585748, 42.8919406], [-2.158614, 42.8916916], [-2.1588022, 42.8917097], [-2.1588218, 42.8915849], [-2.1586483, 42.8915683], [-2.1586727, 42.8914122], [-2.1587378, 42.8914184], [-2.1587485, 42.8913499], [-2.1576024, 42.8912406], [-2.1575383, 42.8912345], [-2.1574263, 42.8919474], [-2.1587562, 42.8920751]]]}, "properties": {"id": "overture-5cbc843fa1840a77", "osm_id": "297448669", "theme": "buildings", "type": "building", "subtype": "industrial", "class": "industrial", "names": {"primary": "Triman"}, "height": 0.878, "num_floors": 2, "sources": [{"dataset": "OpenStreetMap", "record_id": "297448669"}, {"dataset": "IGN_LIDAR_PNOA_3", "record_id": "lidar_297448669", "height_source": "lidar_dtm"}], "update_time": "2024-11-13", "version": 1, "confidence": 0.85, "bbox": {"xmin": -2.1588218, "ymin": 42.8912345, "xmax": -2.1574263, "ymax": 42.8920751}}}, {"type": "Feature", "geometry": {"type": "Polygon", "coordinates": [[[-2.1568403, 42.8913306], [-2.1568538, 42.8912163], [-2.1565028, 42.8911917], [-2.1564984, 42.8912075], [-2.1564175, 42.8911899], [-2.156431, 42.8911583], [-2.1561543, 42.891102], [-2.1561093, 42.8912304], [-2.1565028, 42.8913148], [-2.1568403, 42.8913306]]]}, "properties": {"id": "overture-45d766991c326c88", "osm_id": "297448672", "theme": "buildings", "type": "building", "subtype": "building", "class": "yes", "names": {"primary": "Gabirondo"}, "height": 6.4, "num_floors": 2, "sources": [{"dataset": "OpenStreetMap", "record_id": "297448672"}], "update_time": "2024-11-13", "version": 1, "confidence": 0.85, "bbox": {"xmin": -2.1568538, "ymin": 42.891102, "xmax": -2.1561093, "ymax": 42.8913306}}}, {"type": "Feature", "geometry": {"type": "Polygon", "coordinates": [[[-2.1550384, 42.8921868], [-2.1549197, 42.8918344], [-2.1547132, 42.8918769], [-2.1548319, 42.8922293], [-2.1550384, 42.8921868]]]}, "properties": {"id": "overture-2c5ce7c7f229ca7a", "osm_id": "297493091", "theme": "buildings", "type": "building", "subtype": "industrial", "class": "industrial", "names": null, "height": 6.4, "num_floors": 2, "sources": [{"dataset": "OpenStreetMap", "record_id": "297493091"}], "update_time": "2024-11-13", "version": 1, "confidence": 0.85, "bbox": {"xmin": -2.1550384, "ymin": 42.8918344, "xmax": -2.1547132, "ymax": 42.8922293}}}, {"type": "Feature", "geometry": {"type": "Polygon", "coordinates": [[[-2.1540684, 42.8910684], [-2.15409, 42.8911465], [-2.1540925, 42.8911567], [-2.1541555, 42.8914109], [-2.1542172, 42.8913999], [-2.1542509, 42.891547], [-2.1541891, 42.8915536], [-2.1542592, 42.8915668], [-2.1542621, 42.8915844], [-2.1542396, 42.8915953], [-2.154279, 42.8916019], [-2.1543211, 42.8917271], [-2.1539618, 42.8918039], [-2.1538803, 42.8916041], [-2.1538129, 42.8913626], [-2.1539139, 42.8913407], [-2.1538662, 42.8910904], [-2.1540684, 42.8910684]]]}, "properties": {"id": "overture-8a223481e2553e96", "osm_id": "297493092", "theme": "buildings", "type": "building", "subtype": "industrial", "class": "industrial", "names": null, "height": 6.4, "num_floors": 2, "sources": [{"dataset": "OpenStreetMap", "record_id": "297493092"}], "update_time": "2024-11-13", "version": 1, "confidence": 0.85, "bbox": {"xmin": -2.1543211, "ymin": 42.8910684, "xmax": -2.1538129, "ymax": 42.8918039}}}, {"type": "Feature", "geometry": {"type": "Polygon", "coordinates": [[[-2.1542742, 42.8887377], [-2.1542471, 42.8886575], [-2.1541631, 42.8886748], [-2.1541901, 42.888755], [-2.1542742, 42.8887377]]]}, "properties": {"id": "overture-871764357af4da33", "osm_id": "297493095", "theme": "buildings", "type": "building", "subtype": "house", "class": "house", "names": null, "height": 6.4, "num_floors": 2, "sources": [{"dataset": "OpenStreetMap", "record_id": "297493095"}], "update_time": "2024-11-13", "version": 1, "confidence": 0.85, "bbox": {"xmin": -2.1542742, "ymin": 42.8886575, "xmax": -2.1541631, "ymax": 42.888755}}}, {"type": "Feature", "geometry": {"type": "Polygon", "coordinates": [[[-2.1676306, 42.895007], [-2.1677287, 42.8949867], [-2.1676795, 42.8948415], [-2.1675813, 42.8948619], [-2.1676067, 42.8949367], [-2.1676306, 42.895007]]]}, "properties": {"id": "overture-b132c8bf84806dd6", "osm_id": "297494687", "theme": "buildings", "type": "building", "subtype": "apartments", "class": "apartments", "names": null, "height": 6.4, "num_floors": 2, "sources": [{"dataset": "OpenStreetMap", "record_id": "297494687"}], "update_time": "2024-11-13", "version": 1, "confidence": 0.85, "bbox": {"xmin": -2.1677287, "ymin": 42.8948415, "xmax": -2.1675813, "ymax": 42.895007}}}, {"type": "Feature", "geometry": {"type": "Polygon", "coordinates": [[[-2.1676306, 42.895007], [-2.1674848, 42.8950286], [-2.1674589, 42.8949558], [-2.1676067, 42.8949367], [-2.1676306, 42.895007]]]}, "properties": {"id": "overture-c4a0b4ef11de3209", "osm_id": "297494688", "theme": "buildings", "type": "building", "subtype": "apartments", "class": "apartments", "names": null, "height": 6.4, "num_floors": 2, "sources": [{"dataset": "OpenStreetMap", "record_id": "297494688"}], "update_time": "2024-11-13", "version": 1, "confidence": 0.85, "bbox": {"xmin": -2.1676306, "ymin": 42.8949367, "xmax": -2.1674589, "ymax": 42.8950286}}}, {"type": "Feature", "geometry": {"type": "Polygon", "coordinates": [[[-2.1674589, 42.8949558], [-2.1674345, 42.8948902], [-2.1675813, 42.8948619], [-2.1676067, 42.8949367], [-2.1674589, 42.8949558]]]}, "properties": {"id": "overture-b2d2654c7bb27a41", "osm_id": "297494689", "theme": "buildings", "type": "building", "subtype": "apartments", "class": "apartments", "names": null, "height": 6.4, "num_floors": 2, "sources": [{"dataset": "OpenStreetMap", "record_id": "297494689"}], "update_time": "2024-11-13", "version": 1, "confidence": 0.85, "bbox": {"xmin": -2.1676067, "ymin": 42.8948619, "xmax": -2.1674345, "ymax": 42.8949558}}}, {"type": "Feature", "geometry": {"type": "Polygon", "coordinates": [[[-2.1674558, 42.8947995], [-2.1674208, 42.8947518], [-2.1675504, 42.8946946], [-2.1675916, 42.8947494], [-2.1674558, 42.8947995]]]}, "properties": {"id": "overture-caab94ab1978fbf1", "osm_id": "297494690", "theme": "buildings", "type": "building", "subtype": "apartments", "class": "apartments", "names": null, "height": 6.4, "num_floors": 2, "sources": [{"dataset": "OpenStreetMap", "record_id": "297494690"}], "update_time": "2024-11-13", "version": 1, "confidence": 0.85, "bbox": {"xmin": -2.1675916, "ymin": 42.8946946, "xmax": -2.1674208, "ymax": 42.8947995}}}, {"type": "Feature", "geometry": {"type": "Polygon", "coordinates": [[[-2.1674208, 42.8947518], [-2.1674128, 42.8947438], [-2.1673888, 42.8947196], [-2.1675169, 42.8946576], [-2.1675504, 42.8946946], [-2.1674208, 42.8947518]]]}, "properties": {"id": "overture-ab2b82d40a81bf03", "osm_id": "297494691", "theme": "buildings", "type": "building", "subtype": "apartments", "class": "apartments", "names": null, "height": 6.4, "num_floors": 2, "sources": [{"dataset": "OpenStreetMap", "record_id": "297494691"}], "update_time": "2024-11-13", "version": 1, "confidence": 0.85, "bbox": {"xmin": -2.1675504, "ymin": 42.8946576, "xmax": -2.1673888, "ymax": 42.8947518}}}, {"type": "Feature", "geometry": {"type": "Polygon", "coordinates": [[[-2.1675169, 42.8946576], [-2.1674788, 42.894592], [-2.1673185, 42.89466], [-2.1673628, 42.8947208], [-2.1673888, 42.8947196], [-2.1675169, 42.8946576]]]}, "properties": {"id": "overture-e957a1d8039fbf5d", "osm_id": "297494692", "theme": "buildings", "type": "building", "subtype": "apartments", "class": "apartments", "names": null, "height": 6.4, "num_floors": 2, "sources": [{"dataset": "OpenStreetMap", "record_id": "297494692"}], "update_time": "2024-11-13", "version": 1, "confidence": 0.85, "bbox": {"xmin": -2.1675169, "ymin": 42.894592, "xmax": -2.1673185, "ymax": 42.8947208}}}, {"type": "Feature", "geometry": {"type": "Polygon", "coordinates": [[[-2.1673185, 42.89466], [-2.1672697, 42.8945896], [-2.1674253, 42.8945204], [-2.1674788, 42.894592], [-2.1673185, 42.89466]]]}, "properties": {"id": "overture-b8affcd7d1576743", "osm_id": "297494693", "theme": "buildings", "type": "building", "subtype": "house", "class": "house", "names": null, "height": 6.4, "num_floors": 2, "sources": [{"dataset": "OpenStreetMap", "record_id": "297494693"}], "update_time": "2024-11-13", "version": 1, "confidence": 0.85, "bbox": {"xmin": -2.1674788, "ymin": 42.8945204, "xmax": -2.1672697, "ymax": 42.89466}}}, {"type": "Feature", "geometry": {"type": "Polygon", "coordinates": [[[-2.1671354, 42.8941134], [-2.1670984, 42.8940533], [-2.1669993, 42.894091], [-2.1669788, 42.8940576], [-2.1669409, 42.8940692], [-2.1669881, 42.8941641], [-2.1671354, 42.8941134]]]}, "properties": {"id": "overture-c7350091afc5d266", "osm_id": "297494696", "theme": "buildings", "type": "building", "subtype": "house", "class": "house", "names": null, "height": 6.4, "num_floors": 2, "sources": [{"dataset": "OpenStreetMap", "record_id": "297494696"}], "update_time": "2024-11-13", "version": 1, "confidence": 0.85, "bbox": {"xmin": -2.1671354, "ymin": 42.8940533, "xmax": -2.1669409, "ymax": 42.8941641}}}, {"type": "Feature", "geometry": {"type": "Polygon", "coordinates": [[[-2.1670984, 42.8940533], [-2.1670567, 42.8939881], [-2.1670323, 42.8939956], [-2.1669222, 42.8940309], [-2.1669409, 42.8940692], [-2.1669788, 42.8940576], [-2.1669993, 42.894091], [-2.1670984, 42.8940533]]]}, "properties": {"id": "overture-39474fb469672968", "osm_id": "297494697", "theme": "buildings", "type": "building", "subtype": "house", "class": "house", "names": null, "height": 6.4, "num_floors": 2, "sources": [{"dataset": "OpenStreetMap", "record_id": "297494697"}], "update_time": "2024-11-13", "version": 1, "confidence": 0.85, "bbox": {"xmin": -2.1670984, "ymin": 42.8939881, "xmax": -2.1669222, "ymax": 42.894091}}}, {"type": "Feature", "geometry": {"type": "Polygon", "coordinates": [[[-2.1670323, 42.8939956], [-2.1669973, 42.893936], [-2.1668908, 42.8939758], [-2.1669222, 42.8940309], [-2.1670323, 42.8939956]]]}, "properties": {"id": "overture-1515c4867ca698c7", "osm_id": "297494698", "theme": "buildings", "type": "building", "subtype": "house", "class": "house", "names": null, "height": 6.4, "num_floors": 2, "sources": [{"dataset": "OpenStreetMap", "record_id": "297494698"}], "update_time": "2024-11-13", "version": 1, "confidence": 0.85, "bbox": {"xmin": -2.1670323, "ymin": 42.893936, "xmax": -2.1668908, "ymax": 42.8940309}}}, {"type": "Feature", "geometry": {"type": "Polygon", "coordinates": [[[-2.1670624, 42.8938756], [-2.16704, 42.8938375], [-2.1669483, 42.8938679], [-2.1669695, 42.8939063], [-2.1670624, 42.8938756]]]}, "properties": {"id": "overture-f3af4f75b771f547", "osm_id": "297494699", "theme": "buildings", "type": "building", "subtype": "building", "class": "yes", "names": null, "height": 6.4, "num_floors": 2, "sources": [{"dataset": "OpenStreetMap", "record_id": "297494699"}], "update_time": "2024-11-13", "version": 1, "confidence": 0.85, "bbox": {"xmin": -2.1670624, "ymin": 42.8938375, "xmax": -2.1669483, "ymax": 42.8939063}}}, {"type": "Feature", "geometry": {"type": "Polygon", "coordinates": [[[-2.1670942, 42.8938668], [-2.1670624, 42.8938756], [-2.1670799, 42.8939141], [-2.1671116, 42.8939053], [-2.1670942, 42.8938668]]]}, "properties": {"id": "overture-77adb3623358eced", "osm_id": "297494700", "theme": "buildings", "type": "building", "subtype": "building", "class": "yes", "names": null, "height": 6.4, "num_floors": 2, "sources": [{"dataset": "OpenStreetMap", "record_id": "297494700"}], "update_time": "2024-11-13", "version": 1, "confidence": 0.85, "bbox": {"xmin": -2.1671116, "ymin": 42.8938668, "xmax": -2.1670624, "ymax": 42.8939141}}}, {"type": "Feature", "geometry": {"type": "Polygon", "coordinates": [[[-2.1674558, 42.8947995], [-2.1673212, 42.8948785], [-2.1672563, 42.8948271], [-2.1674128, 42.8947438], [-2.1674208, 42.8947518], [-2.1674558, 42.8947995]]]}, "properties": {"id": "overture-d23d867bd324d214", "osm_id": "297496719", "theme": "buildings", "type": "building", "subtype": "apartments", "class": "apartments", "names": null, "height": 6.4, "num_floors": 2, "sources": [{"dataset": "OpenStreetMap", "record_id": "297496719"}], "update_time": "2024-11-13", "version": 1, "confidence": 0.85, "bbox": {"xmin": -2.1674558, "ymin": 42.8947438, "xmax": -2.1672563, "ymax": 42.8948785}}}, {"type": "Feature", "geometry": {"type": "Polygon", "coordinates": [[[-2.1672563, 42.8948271], [-2.1671461, 42.8947307], [-2.167299, 42.8946627], [-2.1673517, 42.8947279], [-2.1673628, 42.8947208], [-2.1673888, 42.8947196], [-2.1674128, 42.8947438], [-2.1672563, 42.8948271]]]}, "properties": {"id": "overture-628c2b8db977d249", "osm_id": "297496722", "theme": "buildings", "type": "building", "subtype": "apartments", "class": "apartments", "names": null, "height": 6.4, "num_floors": 2, "sources": [{"dataset": "OpenStreetMap", "record_id": "297496722"}], "update_time": "2024-11-13", "version": 1, "confidence": 0.85, "bbox": {"xmin": -2.1674128, "ymin": 42.8946627, "xmax": -2.1671461, "ymax": 42.8948271}}}, {"type": "Feature", "geometry": {"type": "Polygon", "coordinates": [[[-2.1671461, 42.8947307], [-2.167085, 42.8946808], [-2.1672647, 42.8946011], [-2.1673063, 42.894654], [-2.167299, 42.8946627], [-2.1671461, 42.8947307]]]}, "properties": {"id": "overture-0a5064d1a733d7de", "osm_id": "297496725", "theme": "buildings", "type": "building", "subtype": "apartments", "class": "apartments", "names": null, "height": 6.4, "num_floors": 2, "sources": [{"dataset": "OpenStreetMap", "record_id": "297496725"}], "update_time": "2024-11-13", "version": 1, "confidence": 0.85, "bbox": {"xmin": -2.1673063, "ymin": 42.8946011, "xmax": -2.167085, "ymax": 42.8947307}}}, {"type": "Feature", "geometry": {"type": "Polygon", "coordinates": [[[-2.1670493, 42.8946455], [-2.1672422, 42.8945865], [-2.1672172, 42.8945366], [-2.1670244, 42.8945956], [-2.1670493, 42.8946455]]]}, "properties": {"id": "overture-68f2f263897d277d", "osm_id": "297503950", "theme": "buildings", "type": "building", "subtype": "house", "class": "house", "names": null, "height": 6.4, "num_floors": 2, "sources": [{"dataset": "OpenStreetMap", "record_id": "297503950"}], "update_time": "2024-11-13", "version": 1, "confidence": 0.85, "bbox": {"xmin": -2.1672422, "ymin": 42.8945366, "xmax": -2.1670244, "ymax": 42.8946455}}}, {"type": "Feature", "geometry": {"type": "Polygon", "coordinates": [[[-2.1670244, 42.8945956], [-2.1670032, 42.8945537], [-2.1671911, 42.8944892], [-2.1672172, 42.8945366], [-2.1670244, 42.8945956]]]}, "properties": {"id": "overture-32cc62004461f4e1", "osm_id": "297503951", "theme": "buildings", "type": "building", "subtype": "house", "class": "house", "names": null, "height": 6.4, "num_floors": 2, "sources": [{"dataset": "OpenStreetMap", "record_id": "297503951"}], "update_time": "2024-11-13", "version": 1, "confidence": 0.85, "bbox": {"xmin": -2.1672172, "ymin": 42.8944892, "xmax": -2.1670032, "ymax": 42.8945956}}}, {"type": "Feature", "geometry": {"type": "Polygon", "coordinates": [[[-2.1671911, 42.8944892], [-2.1671688, 42.8944495], [-2.1671591, 42.8944528], [-2.1669809, 42.894514], [-2.1670032, 42.8945537], [-2.1671911, 42.8944892]]]}, "properties": {"id": "overture-04078be10bd570ea", "osm_id": "297503952", "theme": "buildings", "type": "building", "subtype": "house", "class": "house", "names": null, "height": 6.4, "num_floors": 2, "sources": [{"dataset": "OpenStreetMap", "record_id": "297503952"}], "update_time": "2024-11-13", "version": 1, "confidence": 0.85, "bbox": {"xmin": -2.1671911, "ymin": 42.8944495, "xmax": -2.1669809, "ymax": 42.8945537}}}, {"type": "Feature", "geometry": {"type": "Polygon", "coordinates": [[[-2.1669809, 42.894514], [-2.1669204, 42.8944056], [-2.1670843, 42.8943442], [-2.167068, 42.8943197], [-2.1671174, 42.8942939], [-2.1671355, 42.8943261], [-2.1671293, 42.8943282], [-2.1671847, 42.8944115], [-2.1671464, 42.8944312], [-2.1671591, 42.8944528], [-2.1669809, 42.894514]]]}, "properties": {"id": "overture-5e95afa6e5a03e47", "osm_id": "297503953", "theme": "buildings", "type": "building", "subtype": "house", "class": "house", "names": null, "height": 6.4, "num_floors": 2, "sources": [{"dataset": "OpenStreetMap", "record_id": "297503953"}], "update_time": "2024-11-13", "version": 1, "confidence": 0.85, "bbox": {"xmin": -2.1671847, "ymin": 42.8942939, "xmax": -2.1669204, "ymax": 42.894514}}}, {"type": "Feature", "geometry": {"type": "Polygon", "coordinates": [[[-2.1669881, 42.8941641], [-2.1668973, 42.8942022], [-2.1668682, 42.8941518], [-2.1668185, 42.894067], [-2.1669222, 42.8940309], [-2.1669409, 42.8940692], [-2.1669881, 42.8941641]]]}, "properties": {"id": "overture-6d9752f1b4533f8f", "osm_id": "297503954", "theme": "buildings", "type": "building", "subtype": "house", "class": "house", "names": null, "height": 6.4, "num_floors": 2, "sources": [{"dataset": "OpenStreetMap", "record_id": "297503954"}], "update_time": "2024-11-13", "version": 1, "confidence": 0.85, "bbox": {"xmin": -2.1669881, "ymin": 42.8940309, "xmax": -2.1668185, "ymax": 42.8942022}}}, {"type": "Feature", "geometry": {"type": "Polygon", "coordinates": [[[-2.1667539, 42.8942812], [-2.1667047, 42.8942113], [-2.1668682, 42.8941518], [-2.1668973, 42.8942022], [-2.1669054, 42.8942198], [-2.1667539, 42.8942812]]]}, "properties": {"id": "overture-a207ab11558c5627", "osm_id": "297503955", "theme": "buildings", "type": "building", "subtype": "house", "class": "house", "names": null, "height": 6.4, "num_floors": 2, "sources": [{"dataset": "OpenStreetMap", "record_id": "297503955"}], "update_time": "2024-11-13", "version": 1, "confidence": 0.85, "bbox": {"xmin": -2.1669054, "ymin": 42.8941518, "xmax": -2.1667047, "ymax": 42.8942812}}}, {"type": "Feature", "geometry": {"type": "Polygon", "coordinates": [[[-2.1667047, 42.8942113], [-2.166674, 42.8941536], [-2.1668317, 42.8941013], [-2.1668682, 42.8941518], [-2.1667047, 42.8942113]]]}, "properties": {"id": "overture-08286d32c5009ebe", "osm_id": "297503956", "theme": "buildings", "type": "building", "subtype": "apartments", "class": "apartments", "names": null, "height": 6.4, "num_floors": 2, "sources": [{"dataset": "OpenStreetMap", "record_id": "297503956"}], "update_time": "2024-11-13", "version": 1, "confidence": 0.85, "bbox": {"xmin": -2.1668682, "ymin": 42.8941013, "xmax": -2.166674, "ymax": 42.8942113}}}, {"type": "Feature", "geometry": {"type": "Polygon", "coordinates": [[[-2.1668317, 42.8941013], [-2.1667941, 42.8940357], [-2.1666426, 42.8940869], [-2.166674, 42.8941536], [-2.1668317, 42.8941013]]]}, "properties": {"id": "overture-0ba3458520653937", "osm_id": "297503957", "theme": "buildings", "type": "building", "subtype": "apartments", "class": "apartments", "names": null, "height": 6.4, "num_floors": 2, "sources": [{"dataset": "OpenStreetMap", "record_id": "297503957"}], "update_time": "2024-11-13", "version": 1, "confidence": 0.85, "bbox": {"xmin": -2.1668317, "ymin": 42.8940357, "xmax": -2.1666426, "ymax": 42.8941536}}}, {"type": "Feature", "geometry": {"type": "Polygon", "coordinates": [[[-2.1666364, 42.8940004], [-2.1666418, 42.8940111], [-2.1667976, 42.8939636], [-2.1667256, 42.8938385], [-2.1666077, 42.8938776], [-2.1666282, 42.8939054], [-2.1665892, 42.8939198], [-2.1666364, 42.8940004]]]}, "properties": {"id": "overture-2c80e53ec411cac8", "osm_id": "297503960", "theme": "buildings", "type": "building", "subtype": "house", "class": "house", "names": null, "height": 0.338, "num_floors": 2, "sources": [{"dataset": "OpenStreetMap", "record_id": "297503960"}, {"dataset": "IGN_LIDAR_PNOA_3", "record_id": "lidar_297503960", "height_source": "lidar_dtm"}], "update_time": "2024-11-13", "version": 1, "confidence": 0.85, "bbox": {"xmin": -2.1667976, "ymin": 42.8938385, "xmax": -2.1665892, "ymax": 42.8940111}}}, {"type": "Feature", "geometry": {"type": "Polygon", "coordinates": [[[-2.1668908, 42.8939758], [-2.1668763, 42.8939504], [-2.1667727, 42.8939866], [-2.1668185, 42.894067], [-2.1669222, 42.8940309], [-2.1668908, 42.8939758]]]}, "properties": {"id": "overture-fe86e47b7efcbf31", "osm_id": "297503961", "theme": "buildings", "type": "building", "subtype": "house", "class": "house", "names": null, "height": 0.986, "num_floors": 2, "sources": [{"dataset": "OpenStreetMap", "record_id": "297503961"}, {"dataset": "IGN_LIDAR_PNOA_3", "record_id": "lidar_297503961", "height_source": "lidar_dtm"}], "update_time": "2024-11-13", "version": 1, "confidence": 0.85, "bbox": {"xmin": -2.1669222, "ymin": 42.8939504, "xmax": -2.1667727, "ymax": 42.894067}}}, {"type": "Feature", "geometry": {"type": "Polygon", "coordinates": [[[-2.1676718, 42.8956614], [-2.1675986, 42.8956961], [-2.1675152, 42.8955882], [-2.1675097, 42.895581], [-2.1675901, 42.8955453], [-2.1676718, 42.8956614]]]}, "properties": {"id": "overture-60d7ae8680fc84be", "osm_id": "297518880", "theme": "buildings", "type": "building", "subtype": "apartments", "class": "apartments", "names": null, "height": 9.392, "num_floors": 1, "sources": [{"dataset": "OpenStreetMap", "record_id": "297518880"}, {"dataset": "IGN_LIDAR_PNOA_3", "record_id": "lidar_297518880", "height_source": "lidar_dtm"}], "update_time": "2024-11-13", "version": 1, "confidence": 0.85, "bbox": {"xmin": -2.1676718, "ymin": 42.8955453, "xmax": -2.1675097, "ymax": 42.8956961}}}, {"type": "Feature", "geometry": {"type": "Polygon", "coordinates": [[[-2.1675152, 42.8955882], [-2.16743, 42.8956201], [-2.1675142, 42.8957327], [-2.1675179, 42.8957378], [-2.1676019, 42.8957007], [-2.1675152, 42.8955882]]]}, "properties": {"id": "overture-7bf24a012e6e4b79", "osm_id": "297518881", "theme": "buildings", "type": "building", "subtype": "apartments", "class": "apartments", "names": null, "height": 9.409, "num_floors": 2, "sources": [{"dataset": "OpenStreetMap", "record_id": "297518881"}, {"dataset": "IGN_LIDAR_PNOA_3", "record_id": "lidar_297518881", "height_source": "lidar_dtm"}], "update_time": "2024-11-13", "version": 1, "confidence": 0.85, "bbox": {"xmin": -2.1676019, "ymin": 42.8955882, "xmax": -2.16743, "ymax": 42.8957378}}}, {"type": "Feature", "geometry": {"type": "Polygon", "coordinates": [[[-2.1675142, 42.8957327], [-2.1673772, 42.8957939], [-2.1673124, 42.895673], [-2.1673288, 42.8956674], [-2.1674074, 42.8956393], [-2.16743, 42.8956201], [-2.1675142, 42.8957327]]]}, "properties": {"id": "overture-80d5afa8f62697ef", "osm_id": "297518882", "theme": "buildings", "type": "building", "subtype": "apartments", "class": "apartments", "names": null, "height": 7.19, "num_floors": 3, "sources": [{"dataset": "OpenStreetMap", "record_id": "297518882"}, {"dataset": "IGN_LIDAR_PNOA_3", "record_id": "lidar_297518882", "height_source": "lidar_dtm"}], "update_time": "2024-11-13", "version": 1, "confidence": 0.85, "bbox": {"xmin": -2.1675142, "ymin": 42.8956201, "xmax": -2.1673124, "ymax": 42.8957939}}}, {"type": "Feature", "geometry": {"type": "Polygon", "coordinates": [[[-2.1672539, 42.8956583], [-2.1672752, 42.8957374], [-2.167195, 42.8957641], [-2.1671708, 42.8956754], [-2.1672539, 42.8956583]]]}, "properties": {"id": "overture-45b32eae43f36b89", "osm_id": "297518883", "theme": "buildings", "type": "building", "subtype": "apartments", "class": "apartments", "names": null, "height": 1.873, "num_floors": 2, "sources": [{"dataset": "OpenStreetMap", "record_id": "297518883"}, {"dataset": "IGN_LIDAR_PNOA_3", "record_id": "lidar_297518883", "height_source": "lidar_dtm"}], "update_time": "2024-11-13", "version": 1, "confidence": 0.85, "bbox": {"xmin": -2.1672752, "ymin": 42.8956583, "xmax": -2.1671708, "ymax": 42.8957641}}}, {"type": "Feature", "geometry": {"type": "Polygon", "coordinates": [[[-2.167195, 42.8957641], [-2.1670962, 42.8957805], [-2.1670567, 42.8956354], [-2.1671554, 42.895619], [-2.1671708, 42.8956754], [-2.167195, 42.8957641]]]}, "properties": {"id": "overture-5b6c41e85b68cdc6", "osm_id": "297518884", "theme": "buildings", "type": "building", "subtype": "apartments", "class": "apartments", "names": null, "height": 9.991, "num_floors": 2, "sources": [{"dataset": "OpenStreetMap", "record_id": "297518884"}, {"dataset": "IGN_LIDAR_PNOA_3", "record_id": "lidar_297518884", "height_source": "lidar_dtm"}], "update_time": "2024-11-13", "version": 1, "confidence": 0.85, "bbox": {"xmin": -2.167195, "ymin": 42.895619, "xmax": -2.1670567, "ymax": 42.8957805}}}, {"type": "Feature", "geometry": {"type": "Polygon", "coordinates": [[[-2.1671382, 42.8958707], [-2.1671891, 42.8959503], [-2.1673272, 42.8958917], [-2.1672818, 42.89582], [-2.1671382, 42.8958707]]]}, "properties": {"id": "overture-38b0f67ab9f0119e", "osm_id": "297518885", "theme": "buildings", "type": "building", "subtype": "house", "class": "house", "names": null, "height": 11.733, "num_floors": 2, "sources": [{"dataset": "OpenStreetMap", "record_id": "297518885"}, {"dataset": "IGN_LIDAR_PNOA_3", "record_id": "lidar_297518885", "height_source": "lidar_dtm"}], "update_time": "2024-11-13", "version": 1, "confidence": 0.85, "bbox": {"xmin": -2.1673272, "ymin": 42.89582, "xmax": -2.1671382, "ymax": 42.8959503}}}, {"type": "Feature", "geometry": {"type": "Polygon", "coordinates": [[[-2.1671891, 42.8959503], [-2.1672308, 42.8960235], [-2.1673744, 42.8959634], [-2.1673272, 42.8958917], [-2.1671891, 42.8959503]]]}, "properties": {"id": "overture-a50497a7485d2042", "osm_id": "297518886", "theme": "buildings", "type": "building", "subtype": "apartments", "class": "apartments", "names": null, "height": 13.294, "num_floors": 3, "sources": [{"dataset": "OpenStreetMap", "record_id": "297518886"}, {"dataset": "IGN_LIDAR_PNOA_3", "record_id": "lidar_297518886", "height_source": "lidar_dtm"}], "update_time": "2024-11-13", "version": 1, "confidence": 0.85, "bbox": {"xmin": -2.1673744, "ymin": 42.8958917, "xmax": -2.1671891, "ymax": 42.8960235}}}, {"type": "Feature", "geometry": {"type": "Polygon", "coordinates": [[[-2.1672308, 42.8960235], [-2.1671244, 42.8960662], [-2.1670835, 42.895991], [-2.1670358, 42.8959187], [-2.1671382, 42.8958707], [-2.1671891, 42.8959503], [-2.1672308, 42.8960235]]]}, "properties": {"id": "overture-c8a33644336927a2", "osm_id": "297518887", "theme": "buildings", "type": "building", "subtype": "apartments", "class": "apartments", "names": null, "height": 9.653, "num_floors": 2, "sources": [{"dataset": "OpenStreetMap", "record_id": "297518887"}, {"dataset": "IGN_LIDAR_PNOA_3", "record_id": "lidar_297518887", "height_source": "lidar_dtm"}], "update_time": "2024-11-13", "version": 1, "confidence": 0.85, "bbox": {"xmin": -2.1672308, "ymin": 42.8958707, "xmax": -2.1670358, "ymax": 42.8960662}}}, {"type": "Feature", "geometry": {"type": "Polygon", "coordinates": [[[-2.1671244, 42.8960662], [-2.1669724, 42.8961336], [-2.1669206, 42.8960633], [-2.1669239, 42.8960555], [-2.1670835, 42.895991], [-2.1671244, 42.8960662]]]}, "properties": {"id": "overture-9199062861e62214", "osm_id": "297518888", "theme": "buildings", "type": "building", "subtype": "apartments", "class": "apartments", "names": null, "height": 5.781, "num_floors": 2, "sources": [{"dataset": "OpenStreetMap", "record_id": "297518888"}, {"dataset": "IGN_LIDAR_PNOA_3", "record_id": "lidar_297518888", "height_source": "lidar_dtm"}], "update_time": "2024-11-13", "version": 1, "confidence": 0.85, "bbox": {"xmin": -2.1671244, "ymin": 42.895991, "xmax": -2.1669206, "ymax": 42.8961336}}}, {"type": "Feature", "geometry": {"type": "Polygon", "coordinates": [[[-2.1669902, 42.8968941], [-2.1669717, 42.8968643], [-2.1672006, 42.8967605], [-2.167242, 42.8968037], [-2.1669902, 42.8968941]]]}, "properties": {"id": "overture-23adf5cacbb737f3", "osm_id": "297518890", "theme": "buildings", "type": "building", "subtype": "building", "class": "yes", "names": null, "height": 6.74, "num_floors": 2, "sources": [{"dataset": "OpenStreetMap", "record_id": "297518890"}, {"dataset": "IGN_LIDAR_PNOA_3", "record_id": "lidar_297518890", "height_source": "lidar_dtm"}], "update_time": "2024-11-13", "version": 1, "confidence": 0.85, "bbox": {"xmin": -2.167242, "ymin": 42.8967605, "xmax": -2.1669717, "ymax": 42.8968941}}}, {"type": "Feature", "geometry": {"type": "Polygon", "coordinates": [[[-2.1668464, 42.8968813], [-2.1668274, 42.8968397], [-2.1667885, 42.8968505], [-2.1668075, 42.8968921], [-2.1668464, 42.8968813]]]}, "properties": {"id": "overture-880638bddf14373b", "osm_id": "297518892", "theme": "buildings", "type": "building", "subtype": "building", "class": "yes", "names": null, "height": 4.672, "num_floors": 2, "sources": [{"dataset": "OpenStreetMap", "record_id": "297518892"}, {"dataset": "IGN_LIDAR_PNOA_3", "record_id": "lidar_297518892", "height_source": "lidar_dtm"}], "update_time": "2024-11-13", "version": 1, "confidence": 0.85, "bbox": {"xmin": -2.1668464, "ymin": 42.8968397, "xmax": -2.1667885, "ymax": 42.8968921}}}, {"type": "Feature", "geometry": {"type": "Polygon", "coordinates": [[[-2.1661386, 42.8966399], [-2.1661765, 42.8965683], [-2.1660554, 42.8965291], [-2.1660175, 42.8966007], [-2.1661386, 42.8966399]]]}, "properties": {"id": "overture-7502b3ec05905ae6", "osm_id": "297519876", "theme": "buildings", "type": "building", "subtype": "house", "class": "house", "names": null, "height": 9.592, "num_floors": 2, "sources": [{"dataset": "OpenStreetMap", "record_id": "297519876"}, {"dataset": "IGN_LIDAR_PNOA_3", "record_id": "lidar_297519876", "height_source": "lidar_dtm"}], "update_time": "2024-11-13", "version": 1, "confidence": 0.85, "bbox": {"xmin": -2.1661765, "ymin": 42.8965291, "xmax": -2.1660175, "ymax": 42.8966399}}}, {"type": "Feature", "geometry": {"type": "Polygon", "coordinates": [[[-2.1661554, 42.8966477], [-2.1661386, 42.8966399], [-2.1660175, 42.8966007], [-2.1660012, 42.8965931], [-2.1658513, 42.896852], [-2.1660055, 42.8969066], [-2.1661554, 42.8966477]]]}, "properties": {"id": "overture-af44fd9bf80bd10c", "osm_id": "297519877", "theme": "buildings", "type": "building", "subtype": "apartments", "class": "apartments", "names": null, "height": 9.923, "num_floors": 2, "sources": [{"dataset": "OpenStreetMap", "record_id": "297519877"}, {"dataset": "IGN_LIDAR_PNOA_3", "record_id": "lidar_297519877", "height_source": "lidar_dtm"}], "update_time": "2024-11-13", "version": 1, "confidence": 0.85, "bbox": {"xmin": -2.1661554, "ymin": 42.8965931, "xmax": -2.1658513, "ymax": 42.8969066}}}, {"type": "Feature", "geometry": {"type": "Polygon", "coordinates": [[[-2.1660055, 42.8969066], [-2.1659577, 42.8969853], [-2.1657425, 42.8969024], [-2.1657896, 42.8968271], [-2.1658513, 42.896852], [-2.1660055, 42.8969066]]]}, "properties": {"id": "overture-bbd987b5f46da1fc", "osm_id": "297519879", "theme": "buildings", "type": "building", "subtype": "apartments", "class": "apartments", "names": null, "height": 4.557, "num_floors": 3, "sources": [{"dataset": "OpenStreetMap", "record_id": "297519879"}, {"dataset": "IGN_LIDAR_PNOA_3", "record_id": "lidar_297519879", "height_source": "lidar_dtm"}], "update_time": "2024-11-13", "version": 1, "confidence": 0.85, "bbox": {"xmin": -2.1660055, "ymin": 42.8968271, "xmax": -2.1657425, "ymax": 42.8969853}}}, {"type": "Feature", "geometry": {"type": "Polygon", "coordinates": [[[-2.1659577, 42.8969853], [-2.1659229, 42.8970405], [-2.1656979, 42.8969538], [-2.1657369, 42.8968919], [-2.1657425, 42.8969024], [-2.1659577, 42.8969853]]]}, "properties": {"id": "overture-758c9cde73433325", "osm_id": "297519880", "theme": "buildings", "type": "building", "subtype": "apartments", "class": "apartments", "names": null, "height": 3.648, "num_floors": 2, "sources": [{"dataset": "OpenStreetMap", "record_id": "297519880"}, {"dataset": "IGN_LIDAR_PNOA_3", "record_id": "lidar_297519880", "height_source": "lidar_dtm"}], "update_time": "2024-11-13", "version": 1, "confidence": 0.85, "bbox": {"xmin": -2.1659577, "ymin": 42.8968919, "xmax": -2.1656979, "ymax": 42.8970405}}}, {"type": "Feature", "geometry": {"type": "Polygon", "coordinates": [[[-2.165609, 42.8968864], [-2.1656424, 42.896845], [-2.1655009, 42.8967752], [-2.1654674, 42.8968166], [-2.165609, 42.8968864]]]}, "properties": {"id": "overture-1049b046a53b36b6", "osm_id": "297519881", "theme": "buildings", "type": "building", "subtype": "building", "class": "yes", "names": null, "height": 10.691, "num_floors": 2, "sources": [{"dataset": "OpenStreetMap", "record_id": "297519881"}, {"dataset": "IGN_LIDAR_PNOA_3", "record_id": "lidar_297519881", "height_source": "lidar_dtm"}], "update_time": "2024-11-13", "version": 1, "confidence": 0.85, "bbox": {"xmin": -2.1656424, "ymin": 42.8967752, "xmax": -2.1654674, "ymax": 42.8968864}}}, {"type": "Feature", "geometry": {"type": "Polygon", "coordinates": [[[-2.1658011, 42.8966886], [-2.1658542, 42.8965847], [-2.1656391, 42.8965175], [-2.1656243, 42.8965463], [-2.1656071, 42.8965798], [-2.1656369, 42.8965891], [-2.1656157, 42.8966307], [-2.1658011, 42.8966886]]]}, "properties": {"id": "overture-9d9b6699be3a6405", "osm_id": "297519882", "theme": "buildings", "type": "building", "subtype": "apartments", "class": "apartments", "names": null, "height": 9.658, "num_floors": 2, "sources": [{"dataset": "OpenStreetMap", "record_id": "297519882"}, {"dataset": "IGN_LIDAR_PNOA_3", "record_id": "lidar_297519882", "height_source": "lidar_dtm"}], "update_time": "2024-11-13", "version": 1, "confidence": 0.85, "bbox": {"xmin": -2.1658542, "ymin": 42.8965175, "xmax": -2.1656071, "ymax": 42.8966886}}}, {"type": "Feature", "geometry": {"type": "Polygon", "coordinates": [[[-2.1656157, 42.8966307], [-2.1656088, 42.8966476], [-2.1654125, 42.8965902], [-2.1654345, 42.8965441], [-2.1654207, 42.8965401], [-2.1654321, 42.8965164], [-2.1654432, 42.8964932], [-2.1656243, 42.8965463], [-2.1656071, 42.8965798], [-2.1656369, 42.8965891], [-2.1656157, 42.8966307]]]}, "properties": {"id": "overture-4eca283ead8ec828", "osm_id": "297519883", "theme": "buildings", "type": "building", "subtype": "apartments", "class": "apartments", "names": null, "height": 6.194, "num_floors": 2, "sources": [{"dataset": "OpenStreetMap", "record_id": "297519883"}, {"dataset": "IGN_LIDAR_PNOA_3", "record_id": "lidar_297519883", "height_source": "lidar_dtm"}], "update_time": "2024-11-13", "version": 1, "confidence": 0.85, "bbox": {"xmin": -2.1656369, "ymin": 42.8964932, "xmax": -2.1654125, "ymax": 42.8966476}}}, {"type": "Feature", "geometry": {"type": "Polygon", "coordinates": [[[-2.1654125, 42.8965902], [-2.1653555, 42.8966867], [-2.1652212, 42.896639], [-2.1653036, 42.8964827], [-2.1654321, 42.8965164], [-2.1654207, 42.8965401], [-2.1654345, 42.8965441], [-2.1654125, 42.8965902]]]}, "properties": {"id": "overture-7db5c14eb6caa2c7", "osm_id": "297519884", "theme": "buildings", "type": "building", "subtype": "apartments", "class": "apartments", "names": null, "height": 1.626, "num_floors": 2, "sources": [{"dataset": "OpenStreetMap", "record_id": "297519884"}, {"dataset": "IGN_LIDAR_PNOA_3", "record_id": "lidar_297519884", "height_source": "lidar_dtm"}], "update_time": "2024-11-13", "version": 1, "confidence": 0.85, "bbox": {"xmin": -2.1654345, "ymin": 42.8964827, "xmax": -2.1652212, "ymax": 42.8966867}}}, {"type": "Feature", "geometry": {"type": "Polygon", "coordinates": [[[-2.1654661, 42.8979001], [-2.1655447, 42.8977967], [-2.1653638, 42.8977154], [-2.1652883, 42.8978183], [-2.1653413, 42.8978385], [-2.1654661, 42.8979001]]]}, "properties": {"id": "overture-aafa3bbcbcd04885", "osm_id": "297521079", "theme": "buildings", "type": "building", "subtype": "apartments", "class": "apartments", "names": null, "height": 2.71, "num_floors": 1, "sources": [{"dataset": "OpenStreetMap", "record_id": "297521079"}, {"dataset": "IGN_LIDAR_PNOA_3", "record_id": "lidar_297521079", "height_source": "lidar_dtm"}], "update_time": "2024-11-13", "version": 1, "confidence": 0.85, "bbox": {"xmin": -2.1655447, "ymin": 42.8977154, "xmax": -2.1652883, "ymax": 42.8979001}}}, {"type": "Feature", "geometry": {"type": "Polygon", "coordinates": [[[-2.1654661, 42.8979001], [-2.1653904, 42.8979936], [-2.1652891, 42.8979435], [-2.1652798, 42.8979145], [-2.1653413, 42.8978385], [-2.1654661, 42.8979001]]]}, "properties": {"id": "overture-b3f8bb436ef90c82", "osm_id": "297521080", "theme": "buildings", "type": "building", "subtype": "apartments", "class": "apartments", "names": null, "height": 6.4, "num_floors": 1, "sources": [{"dataset": "OpenStreetMap", "record_id": "297521080"}], "update_time": "2024-11-13", "version": 1, "confidence": 0.85, "bbox": {"xmin": -2.1654661, "ymin": 42.8978385, "xmax": -2.1652798, "ymax": 42.8979936}}}, {"type": "Feature", "geometry": {"type": "Polygon", "coordinates": [[[-2.1656744, 42.8974684], [-2.1657595, 42.8974366], [-2.1658004, 42.8973468], [-2.1655855, 42.8969571], [-2.1654318, 42.8968615], [-2.1653595, 42.8968963], [-2.1654428, 42.8970478], [-2.1655337, 42.8972127], [-2.1656264, 42.8973811], [-2.1656744, 42.8974684]]]}, "properties": {"id": "overture-301c4a93da0c5cb1", "osm_id": "297521081", "theme": "buildings", "type": "building", "subtype": "apartments", "class": "apartments", "names": null, "height": 6.534, "num_floors": 2, "sources": [{"dataset": "OpenStreetMap", "record_id": "297521081"}, {"dataset": "IGN_LIDAR_PNOA_3", "record_id": "lidar_297521081", "height_source": "lidar_dtm"}], "update_time": "2024-11-13", "version": 1, "confidence": 0.85, "bbox": {"xmin": -2.1658004, "ymin": 42.8968615, "xmax": -2.1653595, "ymax": 42.8974684}}}, {"type": "Feature", "geometry": {"type": "Polygon", "coordinates": [[[-2.1665367, 42.8966548], [-2.1665566, 42.8966238], [-2.1665367, 42.8966142], [-2.1665504, 42.8966004], [-2.1665264, 42.8965649], [-2.1664765, 42.8965196], [-2.1664135, 42.896582], [-2.1665325, 42.8966488], [-2.1665367, 42.8966548]]]}, "properties": {"id": "overture-cc4e034c79af6298", "osm_id": "297522422", "theme": "buildings", "type": "building", "subtype": "detached", "class": "detached", "names": null, "height": 4.855, "num_floors": 2, "sources": [{"dataset": "OpenStreetMap", "record_id": "297522422"}, {"dataset": "IGN_LIDAR_PNOA_3", "record_id": "lidar_297522422", "height_source": "lidar_dtm"}], "update_time": "2024-11-13", "version": 1, "confidence": 0.85, "bbox": {"xmin": -2.1665566, "ymin": 42.8965196, "xmax": -2.1664135, "ymax": 42.8966548}}}, {"type": "Feature", "geometry": {"type": "Polygon", "coordinates": [[[-2.1664135, 42.896582], [-2.1663808, 42.8966176], [-2.1664963, 42.8966825], [-2.1664939, 42.8966906], [-2.1665325, 42.8966488], [-2.1664135, 42.896582]]]}, "properties": {"id": "overture-b100dd488c81b72b", "osm_id": "297522423", "theme": "buildings", "type": "building", "subtype": "detached", "class": "detached", "names": null, "height": 5.782, "num_floors": 2, "sources": [{"dataset": "OpenStreetMap", "record_id": "297522423"}, {"dataset": "IGN_LIDAR_PNOA_3", "record_id": "lidar_297522423", "height_source": "lidar_dtm"}], "update_time": "2024-11-13", "version": 1, "confidence": 0.85, "bbox": {"xmin": -2.1665325, "ymin": 42.896582, "xmax": -2.1663808, "ymax": 42.8966906}}}, {"type": "Feature", "geometry": {"type": "Polygon", "coordinates": [[[-2.1663808, 42.8966176], [-2.1663298, 42.8966672], [-2.166445, 42.8967247], [-2.1664527, 42.8967359], [-2.1664963, 42.8966825], [-2.1663808, 42.8966176]]]}, "properties": {"id": "overture-6403faafe02e4b27", "osm_id": "297522424", "theme": "buildings", "type": "building", "subtype": "detached", "class": "detached", "names": null, "height": 7.009, "num_floors": 2, "sources": [{"dataset": "OpenStreetMap", "record_id": "297522424"}, {"dataset": "IGN_LIDAR_PNOA_3", "record_id": "lidar_297522424", "height_source": "lidar_dtm"}], "update_time": "2024-11-13", "version": 1, "confidence": 0.85, "bbox": {"xmin": -2.1664963, "ymin": 42.8966176, "xmax": -2.1663298, "ymax": 42.8967359}}}, {"type": "Feature", "geometry": {"type": "Polygon", "coordinates": [[[-2.1663018, 42.8966655], [-2.1663298, 42.8966672], [-2.166445, 42.8967247], [-2.1664081, 42.8967724], [-2.1662943, 42.8967187], [-2.1662697, 42.8967071], [-2.1663018, 42.8966655]]]}, "properties": {"id": "overture-ebb2c77c0987ebe6", "osm_id": "297522425", "theme": "buildings", "type": "building", "subtype": "detached", "class": "detached", "names": null, "height": 7.502, "num_floors": 2, "sources": [{"dataset": "OpenStreetMap", "record_id": "297522425"}, {"dataset": "IGN_LIDAR_PNOA_3", "record_id": "lidar_297522425", "height_source": "lidar_dtm"}], "update_time": "2024-11-13", "version": 1, "confidence": 0.85, "bbox": {"xmin": -2.166445, "ymin": 42.8966655, "xmax": -2.1662697, "ymax": 42.8967724}}}, {"type": "Feature", "geometry": {"type": "Polygon", "coordinates": [[[-2.1662943, 42.8967187], [-2.1662613, 42.8967661], [-2.16639, 42.8968207], [-2.1664207, 42.8967765], [-2.1664081, 42.8967724], [-2.1662943, 42.8967187]]]}, "properties": {"id": "overture-83e4761d677557eb", "osm_id": "297522426", "theme": "buildings", "type": "building", "subtype": "detached", "class": "detached", "names": null, "height": 8.162, "num_floors": 2, "sources": [{"dataset": "OpenStreetMap", "record_id": "297522426"}, {"dataset": "IGN_LIDAR_PNOA_3", "record_id": "lidar_297522426", "height_source": "lidar_dtm"}], "update_time": "2024-11-13", "version": 1, "confidence": 0.85, "bbox": {"xmin": -2.1664207, "ymin": 42.8967187, "xmax": -2.1662613, "ymax": 42.8968207}}}, {"type": "Feature", "geometry": {"type": "Polygon", "coordinates": [[[-2.1662613, 42.8967661], [-2.1662264, 42.8968183], [-2.1662443, 42.896826], [-2.1663598, 42.8968759], [-2.1663971, 42.8968231], [-2.16639, 42.8968207], [-2.1662613, 42.8967661]]]}, "properties": {"id": "overture-45f98daa439cec45", "osm_id": "297522427", "theme": "buildings", "type": "building", "subtype": "detached", "class": "detached", "names": null, "height": 5.733, "num_floors": 2, "sources": [{"dataset": "OpenStreetMap", "record_id": "297522427"}, {"dataset": "IGN_LIDAR_PNOA_3", "record_id": "lidar_297522427", "height_source": "lidar_dtm"}], "update_time": "2024-11-13", "version": 1, "confidence": 0.85, "bbox": {"xmin": -2.1663971, "ymin": 42.8967661, "xmax": -2.1662264, "ymax": 42.8968759}}}, {"type": "Feature", "geometry": {"type": "Polygon", "coordinates": [[[-2.1662443, 42.896826], [-2.1662135, 42.8968703], [-2.166225, 42.8968708], [-2.1663425, 42.8969207], [-2.1663714, 42.8968791], [-2.1663598, 42.8968759], [-2.1662443, 42.896826]]]}, "properties": {"id": "overture-581bd99cf33e432a", "osm_id": "297522428", "theme": "buildings", "type": "building", "subtype": "detached", "class": "detached", "names": null, "height": 2.258, "num_floors": 2, "sources": [{"dataset": "OpenStreetMap", "record_id": "297522428"}, {"dataset": "IGN_LIDAR_PNOA_3", "record_id": "lidar_297522428", "height_source": "lidar_dtm"}], "update_time": "2024-11-13", "version": 1, "confidence": 0.85, "bbox": {"xmin": -2.1663714, "ymin": 42.896826, "xmax": -2.1662135, "ymax": 42.8969207}}}, {"type": "Feature", "geometry": {"type": "Polygon", "coordinates": [[[-2.166225, 42.8968708], [-2.1661857, 42.8969244], [-2.1662052, 42.8969331], [-2.1663217, 42.8969855], [-2.166361, 42.8969319], [-2.1663425, 42.8969207], [-2.166225, 42.8968708]]]}, "properties": {"id": "overture-81f972fb4405fe0d", "osm_id": "297522429", "theme": "buildings", "type": "building", "subtype": "detached", "class": "detached", "names": null, "height": 2.434, "num_floors": 2, "sources": [{"dataset": "OpenStreetMap", "record_id": "297522429"}, {"dataset": "IGN_LIDAR_PNOA_3", "record_id": "lidar_297522429", "height_source": "lidar_dtm"}], "update_time": "2024-11-13", "version": 1, "confidence": 0.85, "bbox": {"xmin": -2.166361, "ymin": 42.8968708, "xmax": -2.1661857, "ymax": 42.8969855}}}, {"type": "Feature", "geometry": {"type": "Polygon", "coordinates": [[[-2.166173, 42.8969755], [-2.1661815, 42.8969784], [-2.1663045, 42.8970326], [-2.1663361, 42.8969921], [-2.1663217, 42.8969855], [-2.1662052, 42.8969331], [-2.166173, 42.8969755]]]}, "properties": {"id": "overture-c44eae67c3c24f54", "osm_id": "297522430", "theme": "buildings", "type": "building", "subtype": "detached", "class": "detached", "names": null, "height": 5.343, "num_floors": 2, "sources": [{"dataset": "OpenStreetMap", "record_id": "297522430"}, {"dataset": "IGN_LIDAR_PNOA_3", "record_id": "lidar_297522430", "height_source": "lidar_dtm"}], "update_time": "2024-11-13", "version": 1, "confidence": 0.85, "bbox": {"xmin": -2.1663361, "ymin": 42.8969331, "xmax": -2.166173, "ymax": 42.8970326}}}, {"type": "Feature", "geometry": {"type": "Polygon", "coordinates": [[[-2.1663045, 42.8970326], [-2.1663144, 42.897037], [-2.1662833, 42.8970801], [-2.1661618, 42.8970303], [-2.1661501, 42.8970222], [-2.1661815, 42.8969784], [-2.1663045, 42.8970326]]]}, "properties": {"id": "overture-ce778a88a4c83073", "osm_id": "297522431", "theme": "buildings", "type": "building", "subtype": "detached", "class": "detached", "names": null, "height": 6.84, "num_floors": 2, "sources": [{"dataset": "OpenStreetMap", "record_id": "297522431"}, {"dataset": "IGN_LIDAR_PNOA_3", "record_id": "lidar_297522431", "height_source": "lidar_dtm"}], "update_time": "2024-11-13", "version": 1, "confidence": 0.85, "bbox": {"xmin": -2.1663144, "ymin": 42.8969784, "xmax": -2.1661501, "ymax": 42.8970801}}}, {"type": "Feature", "geometry": {"type": "Polygon", "coordinates": [[[-2.1662833, 42.8970801], [-2.1662971, 42.8970857], [-2.1662654, 42.8971331], [-2.1661429, 42.8970801], [-2.1661302, 42.8970775], [-2.1661618, 42.8970303], [-2.1662833, 42.8970801]]]}, "properties": {"id": "overture-2ad1425f70aee0ec", "osm_id": "297522432", "theme": "buildings", "type": "building", "subtype": "detached", "class": "detached", "names": null, "height": 10.63, "num_floors": 2, "sources": [{"dataset": "OpenStreetMap", "record_id": "297522432"}, {"dataset": "IGN_LIDAR_PNOA_3", "record_id": "lidar_297522432", "height_source": "lidar_dtm"}], "update_time": "2024-11-13", "version": 1, "confidence": 0.85, "bbox": {"xmin": -2.1662971, "ymin": 42.8970303, "xmax": -2.1661302, "ymax": 42.8971331}}}, {"type": "Feature", "geometry": {"type": "Polygon", "coordinates": [[[-2.1662654, 42.8971331], [-2.1662705, 42.8971353], [-2.1662513, 42.8971625], [-2.1661224, 42.8971907], [-2.166103, 42.8971364], [-2.1661429, 42.8970801], [-2.1662654, 42.8971331]]]}, "properties": {"id": "overture-71ddc36b226b0c0a", "osm_id": "297522433", "theme": "buildings", "type": "building", "subtype": "detached", "class": "detached", "names": null, "height": 18.484, "num_floors": 2, "sources": [{"dataset": "OpenStreetMap", "record_id": "297522433"}, {"dataset": "IGN_LIDAR_PNOA_3", "record_id": "lidar_297522433", "height_source": "lidar_dtm"}], "update_time": "2024-11-13", "version": 1, "confidence": 0.85, "bbox": {"xmin": -2.1662705, "ymin": 42.8970801, "xmax": -2.166103, "ymax": 42.8971907}}}, {"type": "Feature", "geometry": {"type": "Polygon", "coordinates": [[[-2.1660537, 42.8974142], [-2.1661656, 42.8973939], [-2.1661403, 42.8973087], [-2.1660283, 42.8973291], [-2.1660537, 42.8974142]]]}, "properties": {"id": "overture-4e15cc1bc5726854", "osm_id": "297523799", "theme": "buildings", "type": "building", "subtype": "apartments", "class": "apartments", "names": null, "height": 7.722, "num_floors": 2, "sources": [{"dataset": "OpenStreetMap", "record_id": "297523799"}, {"dataset": "IGN_LIDAR_PNOA_3", "record_id": "lidar_297523799", "height_source": "lidar_dtm"}], "update_time": "2024-11-13", "version": 1, "confidence": 0.85, "bbox": {"xmin": -2.1661656, "ymin": 42.8973087, "xmax": -2.1660283, "ymax": 42.8974142}}}, {"type": "Feature", "geometry": {"type": "Polygon", "coordinates": [[[-2.1661656, 42.8973939], [-2.1661736, 42.8974192], [-2.1662608, 42.897403], [-2.1662272, 42.8972927], [-2.1661403, 42.8973087], [-2.1661656, 42.8973939]]]}, "properties": {"id": "overture-a211279574983023", "osm_id": "297523800", "theme": "buildings", "type": "building", "subtype": "apartments", "class": "apartments", "names": null, "height": 4.522, "num_floors": 2, "sources": [{"dataset": "OpenStreetMap", "record_id": "297523800"}, {"dataset": "IGN_LIDAR_PNOA_3", "record_id": "lidar_297523800", "height_source": "lidar_dtm"}], "update_time": "2024-11-13", "version": 1, "confidence": 0.85, "bbox": {"xmin": -2.1662608, "ymin": 42.8972927, "xmax": -2.1661403, "ymax": 42.8974192}}}, {"type": "Feature", "geometry": {"type": "Polygon", "coordinates": [[[-2.1662608, 42.897403], [-2.1663329, 42.8973891], [-2.1663003, 42.8972797], [-2.1662272, 42.8972927], [-2.1662608, 42.897403]]]}, "properties": {"id": "overture-c5451f25fc9da089", "osm_id": "297523801", "theme": "buildings", "type": "building", "subtype": "apartments", "class": "apartments", "names": null, "height": 2.803, "num_floors": 2, "sources": [{"dataset": "OpenStreetMap", "record_id": "297523801"}, {"dataset": "IGN_LIDAR_PNOA_3", "record_id": "lidar_297523801", "height_source": "lidar_dtm"}], "update_time": "2024-11-13", "version": 1, "confidence": 0.85, "bbox": {"xmin": -2.1663329, "ymin": 42.8972797, "xmax": -2.1662272, "ymax": 42.897403}}}, {"type": "Feature", "geometry": {"type": "Polygon", "coordinates": [[[-2.1663003, 42.8972797], [-2.1663744, 42.8972669], [-2.1664059, 42.8973752], [-2.1663329, 42.8973891], [-2.1663003, 42.8972797]]]}, "properties": {"id": "overture-aad833b97bcca910", "osm_id": "297523802", "theme": "buildings", "type": "building", "subtype": "apartments", "class": "apartments", "names": null, "height": 1.481, "num_floors": 2, "sources": [{"dataset": "OpenStreetMap", "record_id": "297523802"}, {"dataset": "IGN_LIDAR_PNOA_3", "record_id": "lidar_297523802", "height_source": "lidar_dtm"}], "update_time": "2024-11-13", "version": 1, "confidence": 0.85, "bbox": {"xmin": -2.1664059, "ymin": 42.8972669, "xmax": -2.1663003, "ymax": 42.8973891}}}, {"type": "Feature", "geometry": {"type": "Polygon", "coordinates": [[[-2.1664059, 42.8973752], [-2.1664948, 42.8973588], [-2.1664649, 42.8972516], [-2.1663744, 42.8972669], [-2.1664059, 42.8973752]]]}, "properties": {"id": "overture-b5783420c1b32721", "osm_id": "297523803", "theme": "buildings", "type": "building", "subtype": "apartments", "class": "apartments", "names": null, "height": 5.956, "num_floors": 2, "sources": [{"dataset": "OpenStreetMap", "record_id": "297523803"}, {"dataset": "IGN_LIDAR_PNOA_3", "record_id": "lidar_297523803", "height_source": "lidar_dtm"}], "update_time": "2024-11-13", "version": 1, "confidence": 0.85, "bbox": {"xmin": -2.1664948, "ymin": 42.8972516, "xmax": -2.1663744, "ymax": 42.8973752}}}, {"type": "Feature", "geometry": {"type": "Polygon", "coordinates": [[[-2.166021, 42.8975821], [-2.1660698, 42.8974437], [-2.1659232, 42.8974688], [-2.1658974, 42.897557], [-2.166021, 42.8975821]]]}, "properties": {"id": "overture-4563c41bdc54c113", "osm_id": "297523804", "theme": "buildings", "type": "building", "subtype": "house", "class": "house", "names": null, "height": 6.769, "num_floors": 2, "sources": [{"dataset": "OpenStreetMap", "record_id": "297523804"}, {"dataset": "IGN_LIDAR_PNOA_3", "record_id": "lidar_297523804", "height_source": "lidar_dtm"}], "update_time": "2024-11-13", "version": 1, "confidence": 0.85, "bbox": {"xmin": -2.1660698, "ymin": 42.8974437, "xmax": -2.1658974, "ymax": 42.8975821}}}, {"type": "Feature", "geometry": {"type": "Polygon", "coordinates": [[[-2.1771284, 42.8902652], [-2.1773023, 42.8897283], [-2.176152, 42.8894777], [-2.1761245, 42.8900576], [-2.1771284, 42.8902652]]]}, "properties": {"id": "overture-9323245754b07afa", "osm_id": "297602139", "theme": "buildings", "type": "building", "subtype": "industrial", "class": "industrial", "names": null, "height": 5.82, "num_floors": 2, "sources": [{"dataset": "OpenStreetMap", "record_id": "297602139"}, {"dataset": "IGN_LIDAR_PNOA_3", "record_id": "lidar_297602139", "height_source": "lidar_dtm"}], "update_time": "2024-11-13", "version": 1, "confidence": 0.85, "bbox": {"xmin": -2.1773023, "ymin": 42.8894777, "xmax": -2.1761245, "ymax": 42.8902652}}}, {"type": "Feature", "geometry": {"type": "Polygon", "coordinates": [[[-2.1780976, 42.8904939], [-2.1782945, 42.8899154], [-2.177517, 42.8897536], [-2.1773362, 42.8902851], [-2.1773961, 42.8902975], [-2.17738, 42.8903447], [-2.1780976, 42.8904939]]]}, "properties": {"id": "overture-19cc666c7574b492", "osm_id": "297602140", "theme": "buildings", "type": "building", "subtype": "industrial", "class": "industrial", "names": null, "height": 1.088, "num_floors": 2, "sources": [{"dataset": "OpenStreetMap", "record_id": "297602140"}, {"dataset": "IGN_LIDAR_PNOA_3", "record_id": "lidar_297602140", "height_source": "lidar_dtm"}], "update_time": "2024-11-13", "version": 1, "confidence": 0.85, "bbox": {"xmin": -2.1782945, "ymin": 42.8897536, "xmax": -2.1773362, "ymax": 42.8904939}}}, {"type": "Feature", "geometry": {"type": "Polygon", "coordinates": [[[-2.1788095, 42.8904179], [-2.1788584, 42.8904131], [-2.178898, 42.8903988], [-2.1789376, 42.8903678], [-2.17895, 42.890332], [-2.1790353, 42.8900838], [-2.178599, 42.8899788], [-2.1784678, 42.8903487], [-2.1788095, 42.8904179]]]}, "properties": {"id": "overture-08175f6c91f67adf", "osm_id": "297602141", "theme": "buildings", "type": "building", "subtype": "industrial", "class": "industrial", "names": null, "height": 6.978, "num_floors": 2, "sources": [{"dataset": "OpenStreetMap", "record_id": "297602141"}, {"dataset": "IGN_LIDAR_PNOA_3", "record_id": "lidar_297602141", "height_source": "lidar_dtm"}], "update_time": "2024-11-13", "version": 1, "confidence": 0.85, "bbox": {"xmin": -2.1790353, "ymin": 42.8899788, "xmax": -2.1784678, "ymax": 42.8904179}}}, {"type": "Feature", "geometry": {"type": "Polygon", "coordinates": [[[-2.1787788, 42.8897668], [-2.1789535, 42.8892331], [-2.1778262, 42.8890073], [-2.1777383, 42.8892755], [-2.1779757, 42.889323], [-2.1778888, 42.8895886], [-2.1787788, 42.8897668]]]}, "properties": {"id": "overture-a95f592d508114a2", "osm_id": "297602142", "theme": "buildings", "type": "building", "subtype": "industrial", "class": "industrial", "names": null, "height": 0.754, "num_floors": 2, "sources": [{"dataset": "OpenStreetMap", "record_id": "297602142"}, {"dataset": "IGN_LIDAR_PNOA_3", "record_id": "lidar_297602142", "height_source": "lidar_dtm"}], "update_time": "2024-11-13", "version": 1, "confidence": 0.85, "bbox": {"xmin": -2.1789535, "ymin": 42.8890073, "xmax": -2.1777383, "ymax": 42.8897668}}}, {"type": "Feature", "geometry": {"type": "Polygon", "coordinates": [[[-2.1769179, 42.889392], [-2.1770663, 42.8889304], [-2.1767398, 42.8888663], [-2.1765915, 42.8893279], [-2.1769179, 42.889392]]]}, "properties": {"id": "overture-a2e1731758d59421", "osm_id": "297602143", "theme": "buildings", "type": "building", "subtype": "industrial", "class": "industrial", "names": null, "height": 1.522, "num_floors": 2, "sources": [{"dataset": "OpenStreetMap", "record_id": "297602143"}, {"dataset": "IGN_LIDAR_PNOA_3", "record_id": "lidar_297602143", "height_source": "lidar_dtm"}], "update_time": "2024-11-13", "version": 1, "confidence": 0.85, "bbox": {"xmin": -2.1770663, "ymin": 42.8888663, "xmax": -2.1765915, "ymax": 42.889392}}}, {"type": "Feature", "geometry": {"type": "Polygon", "coordinates": [[[-2.1777887, 42.8888543], [-2.1779332, 42.8884306], [-2.1773226, 42.8883033], [-2.1772655, 42.8884709], [-2.1773253, 42.8884834], [-2.177238, 42.8887395], [-2.1777887, 42.8888543]]]}, "properties": {"id": "overture-4b59f54d97f720a6", "osm_id": "297602145", "theme": "buildings", "type": "building", "subtype": "industrial", "class": "industrial", "names": null, "height": 6.4, "num_floors": 2, "sources": [{"dataset": "OpenStreetMap", "record_id": "297602145"}], "update_time": "2024-11-13", "version": 1, "confidence": 0.85, "bbox": {"xmin": -2.1779332, "ymin": 42.8883033, "xmax": -2.177238, "ymax": 42.8888543}}}, {"type": "Feature", "geometry": {"type": "Polygon", "coordinates": [[[-2.1659696, 42.8978305], [-2.1658191, 42.8978158], [-2.1658374, 42.8977017], [-2.1659879, 42.8977164], [-2.1659696, 42.8978305]]]}, "properties": {"id": "overture-2dcd1499b06d37a1", "osm_id": "297646221", "theme": "buildings", "type": "building", "subtype": "house", "class": "house", "names": null, "height": 3.882, "num_floors": 2, "sources": [{"dataset": "OpenStreetMap", "record_id": "297646221"}, {"dataset": "IGN_LIDAR_PNOA_3", "record_id": "lidar_297646221", "height_source": "lidar_dtm"}], "update_time": "2024-11-13", "version": 1, "confidence": 0.85, "bbox": {"xmin": -2.1659879, "ymin": 42.8977017, "xmax": -2.1658191, "ymax": 42.8978305}}}, {"type": "Feature", "geometry": {"type": "Polygon", "coordinates": [[[-2.1661221, 42.897891], [-2.1662692, 42.8978504], [-2.1662423, 42.8977913], [-2.1662049, 42.8978016], [-2.1661725, 42.8977298], [-2.166063, 42.8977601], [-2.1661221, 42.897891]]]}, "properties": {"id": "overture-156db91235b9d6dc", "osm_id": "297646222", "theme": "buildings", "type": "building", "subtype": "house", "class": "house", "names": null, "height": 7.104, "num_floors": 2, "sources": [{"dataset": "OpenStreetMap", "record_id": "297646222"}, {"dataset": "IGN_LIDAR_PNOA_3", "record_id": "lidar_297646222", "height_source": "lidar_dtm"}], "update_time": "2024-11-13", "version": 1, "confidence": 0.85, "bbox": {"xmin": -2.1662692, "ymin": 42.8977298, "xmax": -2.166063, "ymax": 42.897891}}}, {"type": "Feature", "geometry": {"type": "Polygon", "coordinates": [[[-2.1661893, 42.8980007], [-2.1660082, 42.8980593], [-2.1659629, 42.8979737], [-2.166144, 42.8979151], [-2.1661893, 42.8980007]]]}, "properties": {"id": "overture-341b50130fbcaf1d", "osm_id": "297646223", "theme": "buildings", "type": "building", "subtype": "house", "class": "house", "names": null, "height": 2.577, "num_floors": 2, "sources": [{"dataset": "OpenStreetMap", "record_id": "297646223"}, {"dataset": "IGN_LIDAR_PNOA_3", "record_id": "lidar_297646223", "height_source": "lidar_dtm"}], "update_time": "2024-11-13", "version": 1, "confidence": 0.85, "bbox": {"xmin": -2.1661893, "ymin": 42.8979151, "xmax": -2.1659629, "ymax": 42.8980593}}}, {"type": "Feature", "geometry": {"type": "Polygon", "coordinates": [[[-2.166357, 42.8983495], [-2.1662773, 42.8982691], [-2.1663995, 42.898195], [-2.1664405, 42.8982364], [-2.1664602, 42.8982245], [-2.1664924, 42.8982569], [-2.1664633, 42.8982744], [-2.1664806, 42.8982919], [-2.1664124, 42.8983333], [-2.1663957, 42.898326], [-2.166357, 42.8983495]]]}, "properties": {"id": "overture-992f9cbe198c23d9", "osm_id": "297646224", "theme": "buildings", "type": "building", "subtype": "house", "class": "house", "names": null, "height": 10.649, "num_floors": 2, "sources": [{"dataset": "OpenStreetMap", "record_id": "297646224"}, {"dataset": "IGN_LIDAR_PNOA_3", "record_id": "lidar_297646224", "height_source": "lidar_dtm"}], "update_time": "2024-11-13", "version": 1, "confidence": 0.85, "bbox": {"xmin": -2.1664924, "ymin": 42.898195, "xmax": -2.1662773, "ymax": 42.8983495}}}, {"type": "Feature", "geometry": {"type": "Polygon", "coordinates": [[[-2.1664662, 42.89851], [-2.1663662, 42.8984071], [-2.1665699, 42.8982884], [-2.1666458, 42.8983666], [-2.166618, 42.8984144], [-2.1664662, 42.89851]]]}, "properties": {"id": "overture-c2b97da23606943f", "osm_id": "297646225", "theme": "buildings", "type": "building", "subtype": "house", "class": "house", "names": null, "height": 10.598, "num_floors": 2, "sources": [{"dataset": "OpenStreetMap", "record_id": "297646225"}, {"dataset": "IGN_LIDAR_PNOA_3", "record_id": "lidar_297646225", "height_source": "lidar_dtm"}], "update_time": "2024-11-13", "version": 1, "confidence": 0.85, "bbox": {"xmin": -2.1666458, "ymin": 42.8982884, "xmax": -2.1663662, "ymax": 42.89851}}}, {"type": "Feature", "geometry": {"type": "Polygon", "coordinates": [[[-2.1656828, 42.8978332], [-2.1657771, 42.8978592], [-2.1657919, 42.8978824], [-2.1657811, 42.8979063], [-2.165798, 42.897911], [-2.1657778, 42.897956], [-2.1657919, 42.8979599], [-2.1657738, 42.8980002], [-2.1658434, 42.8980194], [-2.1658048, 42.8981052], [-2.165698, 42.8980757], [-2.1656835, 42.898108], [-2.1655728, 42.8980775], [-2.1656828, 42.8978332]]]}, "properties": {"id": "overture-cff490f0c6f5eaf2", "osm_id": "297646229", "theme": "buildings", "type": "building", "subtype": "apartments", "class": "apartments", "names": null, "height": 6.886, "num_floors": 4, "sources": [{"dataset": "OpenStreetMap", "record_id": "297646229"}, {"dataset": "IGN_LIDAR_PNOA_3", "record_id": "lidar_297646229", "height_source": "lidar_dtm"}], "update_time": "2024-11-13", "version": 1, "confidence": 0.85, "bbox": {"xmin": -2.1658434, "ymin": 42.8978332, "xmax": -2.1655728, "ymax": 42.898108}}}, {"type": "Feature", "geometry": {"type": "Polygon", "coordinates": [[[-2.1655085, 42.898188], [-2.1655492, 42.898088], [-2.1656956, 42.8981242], [-2.165653, 42.8982256], [-2.1655085, 42.898188]]]}, "properties": {"id": "overture-ccbeea8f23f3743d", "osm_id": "297646230", "theme": "buildings", "type": "building", "subtype": "house", "class": "house", "names": null, "height": 8.536, "num_floors": 2, "sources": [{"dataset": "OpenStreetMap", "record_id": "297646230"}, {"dataset": "IGN_LIDAR_PNOA_3", "record_id": "lidar_297646230", "height_source": "lidar_dtm"}], "update_time": "2024-11-13", "version": 1, "confidence": 0.85, "bbox": {"xmin": -2.1656956, "ymin": 42.898088, "xmax": -2.1655085, "ymax": 42.8982256}}}, {"type": "Feature", "geometry": {"type": "Polygon", "coordinates": [[[-2.1654437, 42.8983227], [-2.1652325, 42.8986601], [-2.1650825, 42.8985979], [-2.1652937, 42.8982618], [-2.1654437, 42.8983227]]]}, "properties": {"id": "overture-46f5f03d00947f29", "osm_id": "297646232", "theme": "buildings", "type": "building", "subtype": "terrace", "class": "terrace", "names": null, "height": 8.684, "num_floors": 2, "sources": [{"dataset": "OpenStreetMap", "record_id": "297646232"}, {"dataset": "IGN_LIDAR_PNOA_3", "record_id": "lidar_297646232", "height_source": "lidar_dtm"}], "update_time": "2024-11-13", "version": 1, "confidence": 0.85, "bbox": {"xmin": -2.1654437, "ymin": 42.8982618, "xmax": -2.1650825, "ymax": 42.8986601}}}, {"type": "Feature", "geometry": {"type": "Polygon", "coordinates": [[[-2.1639514, 42.9000535], [-2.1639994, 42.8999741], [-2.1639147, 42.8999428], [-2.1638668, 42.9000222], [-2.1639514, 42.9000535]]]}, "properties": {"id": "overture-0bcb9678b48cf19d", "osm_id": "297646233", "theme": "buildings", "type": "building", "subtype": "farm_auxiliary", "class": "farm_auxiliary", "names": null, "height": 6.4, "num_floors": 1, "sources": [{"dataset": "OpenStreetMap", "record_id": "297646233"}], "update_time": "2024-11-13", "version": 1, "confidence": 0.85, "bbox": {"xmin": -2.1639994, "ymin": 42.8999428, "xmax": -2.1638668, "ymax": 42.9000535}}}, {"type": "Feature", "geometry": {"type": "Polygon", "coordinates": [[[-2.164057, 42.8998569], [-2.1641008, 42.899776], [-2.1640229, 42.8997502], [-2.1639719, 42.8998444], [-2.1640326, 42.8998645], [-2.1640398, 42.8998512], [-2.164057, 42.8998569]]]}, "properties": {"id": "overture-488bc12d4e8e526c", "osm_id": "297646235", "theme": "buildings", "type": "building", "subtype": "farm_auxiliary", "class": "farm_auxiliary", "names": null, "height": 6.4, "num_floors": 1, "sources": [{"dataset": "OpenStreetMap", "record_id": "297646235"}], "update_time": "2024-11-13", "version": 1, "confidence": 0.85, "bbox": {"xmin": -2.1641008, "ymin": 42.8997502, "xmax": -2.1639719, "ymax": 42.8998645}}}, {"type": "Feature", "geometry": {"type": "Polygon", "coordinates": [[[-2.1641177, 42.9003856], [-2.164058, 42.9005818], [-2.1639098, 42.9005549], [-2.1639285, 42.9004923], [-2.1639803, 42.9004923], [-2.164019, 42.900367], [-2.1641177, 42.9003856]]]}, "properties": {"id": "overture-8effccdd85f23bc1", "osm_id": "297646237", "theme": "buildings", "type": "building", "subtype": "house", "class": "house", "names": null, "height": 6.4, "num_floors": 2, "sources": [{"dataset": "OpenStreetMap", "record_id": "297646237"}], "update_time": "2024-11-13", "version": 1, "confidence": 0.85, "bbox": {"xmin": -2.1641177, "ymin": 42.900367, "xmax": -2.1639098, "ymax": 42.9005818}}}, {"type": "Feature", "geometry": {"type": "Polygon", "coordinates": [[[-2.1634754, 42.9013535], [-2.1635528, 42.9012356], [-2.1633447, 42.9011521], [-2.1633039, 42.9012141], [-2.1633646, 42.9012384], [-2.163328, 42.9012944], [-2.1634754, 42.9013535]]]}, "properties": {"id": "overture-656c0e6805efc25f", "osm_id": "297646240", "theme": "buildings", "type": "building", "subtype": "detached", "class": "detached", "names": null, "height": 6.4, "num_floors": 2, "sources": [{"dataset": "OpenStreetMap", "record_id": "297646240"}], "update_time": "2024-11-13", "version": 1, "confidence": 0.85, "bbox": {"xmin": -2.1635528, "ymin": 42.9011521, "xmax": -2.1633039, "ymax": 42.9013535}}}, {"type": "Feature", "geometry": {"type": "Polygon", "coordinates": [[[-2.1637356, 42.9017425], [-2.1637326, 42.9016509], [-2.1637545, 42.9016505], [-2.1637523, 42.9015823], [-2.1638715, 42.90158], [-2.1638765, 42.9017398], [-2.1637356, 42.9017425]]]}, "properties": {"id": "overture-66f9a15759418a61", "osm_id": "297646241", "theme": "buildings", "type": "building", "subtype": "house", "class": "house", "names": null, "height": 6.4, "num_floors": 2, "sources": [{"dataset": "OpenStreetMap", "record_id": "297646241"}], "update_time": "2024-11-13", "version": 1, "confidence": 0.85, "bbox": {"xmin": -2.1638765, "ymin": 42.90158, "xmax": -2.1637326, "ymax": 42.9017425}}}, {"type": "Feature", "geometry": {"type": "Polygon", "coordinates": [[[-2.1667314, 42.8950354], [-2.1666964, 42.8949884], [-2.1668534, 42.8949205], [-2.1668906, 42.8949683], [-2.1667314, 42.8950354]]]}, "properties": {"id": "overture-b769467111cf165c", "osm_id": "297647820", "theme": "buildings", "type": "building", "subtype": "apartments", "class": "apartments", "names": null, "height": 6.4, "num_floors": 2, "sources": [{"dataset": "OpenStreetMap", "record_id": "297647820"}], "update_time": "2024-11-13", "version": 1, "confidence": 0.85, "bbox": {"xmin": -2.1668906, "ymin": 42.8949205, "xmax": -2.1666964, "ymax": 42.8950354}}}, {"type": "Feature", "geometry": {"type": "Polygon", "coordinates": [[[-2.1664892, 42.8951473], [-2.1666084, 42.8951057], [-2.166588, 42.8950591], [-2.1664688, 42.8950874], [-2.1664892, 42.8951473]]]}, "properties": {"id": "overture-cc082a31c5997aa8", "osm_id": "297647821", "theme": "buildings", "type": "building", "subtype": "apartments", "class": "apartments", "names": null, "height": 0.516, "num_floors": 2, "sources": [{"dataset": "OpenStreetMap", "record_id": "297647821"}, {"dataset": "IGN_LIDAR_PNOA_3", "record_id": "lidar_297647821", "height_source": "lidar_dtm"}], "update_time": "2024-11-13", "version": 1, "confidence": 0.85, "bbox": {"xmin": -2.1666084, "ymin": 42.8950591, "xmax": -2.1664688, "ymax": 42.8951473}}}, {"type": "Feature", "geometry": {"type": "Polygon", "coordinates": [[[-2.1664345, 42.8950286], [-2.1664567, 42.8950907], [-2.1664688, 42.8950874], [-2.166588, 42.8950591], [-2.1665667, 42.8950002], [-2.1664345, 42.8950286]]]}, "properties": {"id": "overture-ae7f69cededac925", "osm_id": "297647822", "theme": "buildings", "type": "building", "subtype": "apartments", "class": "apartments", "names": null, "height": 6.4, "num_floors": 2, "sources": [{"dataset": "OpenStreetMap", "record_id": "297647822"}], "update_time": "2024-11-13", "version": 1, "confidence": 0.85, "bbox": {"xmin": -2.166588, "ymin": 42.8950002, "xmax": -2.1664345, "ymax": 42.8950907}}}, {"type": "Feature", "geometry": {"type": "Polygon", "coordinates": [[[-2.1664721, 42.8949807], [-2.1665825, 42.894929], [-2.1665161, 42.8948331], [-2.1664111, 42.8948794], [-2.1664721, 42.8949807]]]}, "properties": {"id": "overture-cfe326de66cd02f3", "osm_id": "297647823", "theme": "buildings", "type": "building", "subtype": "house", "class": "house", "names": null, "height": 2.499, "num_floors": 2, "sources": [{"dataset": "OpenStreetMap", "record_id": "297647823"}, {"dataset": "IGN_LIDAR_PNOA_3", "record_id": "lidar_297647823", "height_source": "lidar_dtm"}], "update_time": "2024-11-13", "version": 1, "confidence": 0.85, "bbox": {"xmin": -2.1665825, "ymin": 42.8948331, "xmax": -2.1664111, "ymax": 42.8949807}}}, {"type": "Feature", "geometry": {"type": "Polygon", "coordinates": [[[-2.1666567, 42.8949307], [-2.166741, 42.8948894], [-2.1666849, 42.894798], [-2.1665925, 42.8948393], [-2.1666567, 42.8949307]]]}, "properties": {"id": "overture-b6f9a3b326c7db66", "osm_id": "297647826", "theme": "buildings", "type": "building", "subtype": "house", "class": "house", "names": null, "height": 4.766, "num_floors": 2, "sources": [{"dataset": "OpenStreetMap", "record_id": "297647826"}, {"dataset": "IGN_LIDAR_PNOA_3", "record_id": "lidar_297647826", "height_source": "lidar_dtm"}], "update_time": "2024-11-13", "version": 1, "confidence": 0.85, "bbox": {"xmin": -2.166741, "ymin": 42.894798, "xmax": -2.1665925, "ymax": 42.8949307}}}, {"type": "Feature", "geometry": {"type": "Polygon", "coordinates": [[[-2.166741, 42.8948894], [-2.1667658, 42.8949316], [-2.1666825, 42.8949677], [-2.1666567, 42.8949307], [-2.166741, 42.8948894]]]}, "properties": {"id": "overture-b82807e298086dd9", "osm_id": "297647827", "theme": "buildings", "type": "building", "subtype": "house", "class": "house", "names": null, "height": 6.4, "num_floors": 2, "sources": [{"dataset": "OpenStreetMap", "record_id": "297647827"}], "update_time": "2024-11-13", "version": 1, "confidence": 0.85, "bbox": {"xmin": -2.1667658, "ymin": 42.8948894, "xmax": -2.1666567, "ymax": 42.8949677}}}, {"type": "Feature", "geometry": {"type": "Polygon", "coordinates": [[[-2.1666781, 42.8947777], [-2.1669175, 42.894659], [-2.1668759, 42.8946036], [-2.1667831, 42.8946482], [-2.1666286, 42.8947223], [-2.1666781, 42.8947777]]]}, "properties": {"id": "overture-f63149a92611ac0d", "osm_id": "297647831", "theme": "buildings", "type": "building", "subtype": "house", "class": "house", "names": null, "height": 7.075, "num_floors": 2, "sources": [{"dataset": "OpenStreetMap", "record_id": "297647831"}, {"dataset": "IGN_LIDAR_PNOA_3", "record_id": "lidar_297647831", "height_source": "lidar_dtm"}], "update_time": "2024-11-13", "version": 1, "confidence": 0.85, "bbox": {"xmin": -2.1669175, "ymin": 42.8946036, "xmax": -2.1666286, "ymax": 42.8947777}}}, {"type": "Feature", "geometry": {"type": "Polygon", "coordinates": [[[-2.1667831, 42.8946482], [-2.1667388, 42.8945983], [-2.1668322, 42.8945535], [-2.1668759, 42.8946036], [-2.1667831, 42.8946482]]]}, "properties": {"id": "overture-d45c6a80b22ba8af", "osm_id": "297647832", "theme": "buildings", "type": "building", "subtype": "house", "class": "house", "names": null, "height": 6.4, "num_floors": 2, "sources": [{"dataset": "OpenStreetMap", "record_id": "297647832"}], "update_time": "2024-11-13", "version": 1, "confidence": 0.85, "bbox": {"xmin": -2.1668759, "ymin": 42.8945535, "xmax": -2.1667388, "ymax": 42.8946482}}}, {"type": "Feature", "geometry": {"type": "Polygon", "coordinates": [[[-2.1667388, 42.8945983], [-2.1667017, 42.8945508], [-2.1667871, 42.8945016], [-2.1668322, 42.8945535], [-2.1667388, 42.8945983]]]}, "properties": {"id": "overture-62d1144ab15b0349", "osm_id": "297647833", "theme": "buildings", "type": "building", "subtype": "house", "class": "house", "names": null, "height": 6.4, "num_floors": 2, "sources": [{"dataset": "OpenStreetMap", "record_id": "297647833"}], "update_time": "2024-11-13", "version": 1, "confidence": 0.85, "bbox": {"xmin": -2.1668322, "ymin": 42.8945016, "xmax": -2.1667017, "ymax": 42.8945983}}}, {"type": "Feature", "geometry": {"type": "Polygon", "coordinates": [[[-2.1667388, 42.8945983], [-2.1665982, 42.8946775], [-2.1665623, 42.8946388], [-2.1667017, 42.8945508], [-2.1667388, 42.8945983]]]}, "properties": {"id": "overture-6605dc59c59cc10c", "osm_id": "297647834", "theme": "buildings", "type": "building", "subtype": "house", "class": "house", "names": null, "height": 0.538, "num_floors": 2, "sources": [{"dataset": "OpenStreetMap", "record_id": "297647834"}, {"dataset": "IGN_LIDAR_PNOA_3", "record_id": "lidar_297647834", "height_source": "lidar_dtm"}], "update_time": "2024-11-13", "version": 1, "confidence": 0.85, "bbox": {"xmin": -2.1667388, "ymin": 42.8945508, "xmax": -2.1665623, "ymax": 42.8946775}}}, {"type": "Feature", "geometry": {"type": "Polygon", "coordinates": [[[-2.1665982, 42.8946775], [-2.1666286, 42.8947223], [-2.1667831, 42.8946482], [-2.1667388, 42.8945983], [-2.1665982, 42.8946775]]]}, "properties": {"id": "overture-5400d47a9100a4cb", "osm_id": "297647835", "theme": "buildings", "type": "building", "subtype": "house", "class": "house", "names": null, "height": 5.522, "num_floors": 2, "sources": [{"dataset": "OpenStreetMap", "record_id": "297647835"}, {"dataset": "IGN_LIDAR_PNOA_3", "record_id": "lidar_297647835", "height_source": "lidar_dtm"}], "update_time": "2024-11-13", "version": 1, "confidence": 0.85, "bbox": {"xmin": -2.1667831, "ymin": 42.8945983, "xmax": -2.1665982, "ymax": 42.8947223}}}, {"type": "Feature", "geometry": {"type": "Polygon", "coordinates": [[[-2.1667658, 42.8949316], [-2.1668461, 42.8948996], [-2.1667968, 42.8948354], [-2.1667486, 42.8947643], [-2.1666849, 42.894798], [-2.166741, 42.8948894], [-2.1667658, 42.8949316]]]}, "properties": {"id": "overture-f4f70436ed6de1fd", "osm_id": "297648145", "theme": "buildings", "type": "building", "subtype": "apartments", "class": "apartments", "names": null, "height": 6.875, "num_floors": 2, "sources": [{"dataset": "OpenStreetMap", "record_id": "297648145"}, {"dataset": "IGN_LIDAR_PNOA_3", "record_id": "lidar_297648145", "height_source": "lidar_dtm"}], "update_time": "2024-11-13", "version": 1, "confidence": 0.85, "bbox": {"xmin": -2.1668461, "ymin": 42.8947643, "xmax": -2.1666849, "ymax": 42.8949316}}}, {"type": "Feature", "geometry": {"type": "Polygon", "coordinates": [[[-2.1667968, 42.8948354], [-2.166861, 42.8948053], [-2.1668144, 42.8947382], [-2.1667486, 42.8947643], [-2.1667968, 42.8948354]]]}, "properties": {"id": "overture-73220f8c9f2674fc", "osm_id": "297648146", "theme": "buildings", "type": "building", "subtype": "apartments", "class": "apartments", "names": null, "height": 6.624, "num_floors": 2, "sources": [{"dataset": "OpenStreetMap", "record_id": "297648146"}, {"dataset": "IGN_LIDAR_PNOA_3", "record_id": "lidar_297648146", "height_source": "lidar_dtm"}], "update_time": "2024-11-13", "version": 1, "confidence": 0.85, "bbox": {"xmin": -2.166861, "ymin": 42.8947382, "xmax": -2.1667486, "ymax": 42.8948354}}}, {"type": "Feature", "geometry": {"type": "Polygon", "coordinates": [[[-2.166861, 42.8948053], [-2.1669838, 42.8947455], [-2.1669385, 42.8946789], [-2.1668144, 42.8947382], [-2.166861, 42.8948053]]]}, "properties": {"id": "overture-9354bb54b6cfeacd", "osm_id": "297648147", "theme": "buildings", "type": "building", "subtype": "apartments", "class": "apartments", "names": null, "height": 1.423, "num_floors": 2, "sources": [{"dataset": "OpenStreetMap", "record_id": "297648147"}, {"dataset": "IGN_LIDAR_PNOA_3", "record_id": "lidar_297648147", "height_source": "lidar_dtm"}], "update_time": "2024-11-13", "version": 1, "confidence": 0.85, "bbox": {"xmin": -2.1669838, "ymin": 42.8946789, "xmax": -2.1668144, "ymax": 42.8948053}}}, {"type": "Feature", "geometry": {"type": "Polygon", "coordinates": [[[-2.166861, 42.8948053], [-2.1669103, 42.8948695], [-2.1668461, 42.8948996], [-2.1667968, 42.8948354], [-2.166861, 42.8948053]]]}, "properties": {"id": "overture-5399bf32fdc15e36", "osm_id": "297648148", "theme": "buildings", "type": "building", "subtype": "apartments", "class": "apartments", "names": null, "height": 6.4, "num_floors": 2, "sources": [{"dataset": "OpenStreetMap", "record_id": "297648148"}], "update_time": "2024-11-13", "version": 1, "confidence": 0.85, "bbox": {"xmin": -2.1669103, "ymin": 42.8948053, "xmax": -2.1667968, "ymax": 42.8948996}}}, {"type": "Feature", "geometry": {"type": "Polygon", "coordinates": [[[-2.1669103, 42.8948695], [-2.1670274, 42.8948143], [-2.1669838, 42.8947455], [-2.166861, 42.8948053], [-2.1669103, 42.8948695]]]}, "properties": {"id": "overture-aadb32a2969378fc", "osm_id": "297648149", "theme": "buildings", "type": "building", "subtype": "apartments", "class": "apartments", "names": null, "height": 6.4, "num_floors": 2, "sources": [{"dataset": "OpenStreetMap", "record_id": "297648149"}], "update_time": "2024-11-13", "version": 1, "confidence": 0.85, "bbox": {"xmin": -2.1670274, "ymin": 42.8947455, "xmax": -2.166861, "ymax": 42.8948695}}}, {"type": "Feature", "geometry": {"type": "Polygon", "coordinates": [[[-2.1665337, 42.8946043], [-2.1664503, 42.8946441], [-2.1663245, 42.8944652], [-2.1663534, 42.894454], [-2.1664087, 42.8944326], [-2.1664662, 42.8945116], [-2.1665337, 42.8946043]]]}, "properties": {"id": "overture-882df3e096a86cc0", "osm_id": "297648150", "theme": "buildings", "type": "building", "subtype": "apartments", "class": "apartments", "names": null, "height": 6.4, "num_floors": 2, "sources": [{"dataset": "OpenStreetMap", "record_id": "297648150"}], "update_time": "2024-11-13", "version": 1, "confidence": 0.85, "bbox": {"xmin": -2.1665337, "ymin": 42.8944326, "xmax": -2.1663245, "ymax": 42.8946441}}}, {"type": "Feature", "geometry": {"type": "Polygon", "coordinates": [[[-2.1665337, 42.8946043], [-2.1665697, 42.8945822], [-2.1665374, 42.8945384], [-2.1665072, 42.8944975], [-2.1664662, 42.8945116], [-2.1665337, 42.8946043]]]}, "properties": {"id": "overture-ce8dcf8306d5819c", "osm_id": "297699633", "theme": "buildings", "type": "building", "subtype": "house", "class": "house", "names": null, "height": 6.4, "num_floors": 2, "sources": [{"dataset": "OpenStreetMap", "record_id": "297699633"}], "update_time": "2024-11-13", "version": 1, "confidence": 0.85, "bbox": {"xmin": -2.1665697, "ymin": 42.8944975, "xmax": -2.1664662, "ymax": 42.8946043}}}, {"type": "Feature", "geometry": {"type": "Polygon", "coordinates": [[[-2.1665697, 42.8945822], [-2.1666415, 42.8945488], [-2.1666095, 42.8945094], [-2.1665374, 42.8945384], [-2.1665697, 42.8945822]]]}, "properties": {"id": "overture-561ddd94411ada39", "osm_id": "297699634", "theme": "buildings", "type": "building", "subtype": "house", "class": "house", "names": null, "height": 6.4, "num_floors": 2, "sources": [{"dataset": "OpenStreetMap", "record_id": "297699634"}], "update_time": "2024-11-13", "version": 1, "confidence": 0.85, "bbox": {"xmin": -2.1666415, "ymin": 42.8945094, "xmax": -2.1665374, "ymax": 42.8945822}}}, {"type": "Feature", "geometry": {"type": "Polygon", "coordinates": [[[-2.1666415, 42.8945488], [-2.1667848, 42.8944796], [-2.1667574, 42.8944391], [-2.1666095, 42.8945094], [-2.1666415, 42.8945488]]]}, "properties": {"id": "overture-ec8f29417b27a687", "osm_id": "297699635", "theme": "buildings", "type": "building", "subtype": "house", "class": "house", "names": null, "height": 6.4, "num_floors": 2, "sources": [{"dataset": "OpenStreetMap", "record_id": "297699635"}], "update_time": "2024-11-13", "version": 1, "confidence": 0.85, "bbox": {"xmin": -2.1667848, "ymin": 42.8944391, "xmax": -2.1666095, "ymax": 42.8945488}}}, {"type": "Feature", "geometry": {"type": "Polygon", "coordinates": [[[-2.1667574, 42.8944391], [-2.166704, 42.8943556], [-2.1666941, 42.8943599], [-2.1664965, 42.8944462], [-2.1664627, 42.8944019], [-2.1664309, 42.8943603], [-2.1663225, 42.8943997], [-2.1663534, 42.894454], [-2.1664087, 42.8944326], [-2.1664662, 42.8945116], [-2.1665072, 42.8944975], [-2.1665374, 42.8945384], [-2.1666095, 42.8945094], [-2.1667574, 42.8944391]]]}, "properties": {"id": "overture-8a897ce88fe6c3ea", "osm_id": "297699636", "theme": "buildings", "type": "building", "subtype": "apartments", "class": "apartments", "names": null, "height": 6.4, "num_floors": 2, "sources": [{"dataset": "OpenStreetMap", "record_id": "297699636"}], "update_time": "2024-11-13", "version": 1, "confidence": 0.85, "bbox": {"xmin": -2.1667574, "ymin": 42.8943556, "xmax": -2.1663225, "ymax": 42.8945384}}}, {"type": "Feature", "geometry": {"type": "Polygon", "coordinates": [[[-2.1666941, 42.8943599], [-2.1666597, 42.8943126], [-2.1664906, 42.8943893], [-2.1664627, 42.8944019], [-2.1664965, 42.8944462], [-2.1666941, 42.8943599]]]}, "properties": {"id": "overture-b2d4219e70fe8bff", "osm_id": "297699637", "theme": "buildings", "type": "building", "subtype": "house", "class": "house", "names": null, "height": 6.4, "num_floors": 2, "sources": [{"dataset": "OpenStreetMap", "record_id": "297699637"}], "update_time": "2024-11-13", "version": 1, "confidence": 0.85, "bbox": {"xmin": -2.1666941, "ymin": 42.8943126, "xmax": -2.1664627, "ymax": 42.8944462}}}, {"type": "Feature", "geometry": {"type": "Polygon", "coordinates": [[[-2.1666597, 42.8943126], [-2.1666171, 42.8942673], [-2.1664461, 42.8943377], [-2.1664906, 42.8943893], [-2.1666597, 42.8943126]]]}, "properties": {"id": "overture-db1cd6e85491f548", "osm_id": "297699638", "theme": "buildings", "type": "building", "subtype": "apartments", "class": "apartments", "names": null, "height": 6.4, "num_floors": 2, "sources": [{"dataset": "OpenStreetMap", "record_id": "297699638"}], "update_time": "2024-11-13", "version": 1, "confidence": 0.85, "bbox": {"xmin": -2.1666597, "ymin": 42.8942673, "xmax": -2.1664461, "ymax": 42.8943893}}}, {"type": "Feature", "geometry": {"type": "Polygon", "coordinates": [[[-2.1666171, 42.8942673], [-2.1665683, 42.8942088], [-2.1664141, 42.8942768], [-2.1664461, 42.8943377], [-2.1666171, 42.8942673]]]}, "properties": {"id": "overture-93571d186e1f65b5", "osm_id": "297699639", "theme": "buildings", "type": "building", "subtype": "house", "class": "house", "names": null, "height": 6.4, "num_floors": 2, "sources": [{"dataset": "OpenStreetMap", "record_id": "297699639"}], "update_time": "2024-11-13", "version": 1, "confidence": 0.85, "bbox": {"xmin": -2.1666171, "ymin": 42.8942088, "xmax": -2.1664141, "ymax": 42.8943377}}}, {"type": "Feature", "geometry": {"type": "Polygon", "coordinates": [[[-2.1664489, 42.8942214], [-2.1664146, 42.8941613], [-2.1663515, 42.8941808], [-2.1663344, 42.8941893], [-2.1663687, 42.8942494], [-2.1664489, 42.8942214]]]}, "properties": {"id": "overture-798c674eaa65de5c", "osm_id": "297699641", "theme": "buildings", "type": "building", "subtype": "house", "class": "house", "names": null, "height": 6.4, "num_floors": 2, "sources": [{"dataset": "OpenStreetMap", "record_id": "297699641"}], "update_time": "2024-11-13", "version": 1, "confidence": 0.85, "bbox": {"xmin": -2.1664489, "ymin": 42.8941613, "xmax": -2.1663344, "ymax": 42.8942494}}}, {"type": "Feature", "geometry": {"type": "Polygon", "coordinates": [[[-2.1663687, 42.8942494], [-2.1662372, 42.8942947], [-2.1662006, 42.8942398], [-2.1662819, 42.8942077], [-2.1663344, 42.8941893], [-2.1663687, 42.8942494]]]}, "properties": {"id": "overture-f370ea770e9cb534", "osm_id": "297699642", "theme": "buildings", "type": "building", "subtype": "house", "class": "house", "names": null, "height": 6.4, "num_floors": 2, "sources": [{"dataset": "OpenStreetMap", "record_id": "297699642"}], "update_time": "2024-11-13", "version": 1, "confidence": 0.85, "bbox": {"xmin": -2.1663687, "ymin": 42.8941893, "xmax": -2.1662006, "ymax": 42.8942947}}}, {"type": "Feature", "geometry": {"type": "Polygon", "coordinates": [[[-2.1664489, 42.8942214], [-2.1664126, 42.8941551], [-2.1665041, 42.8941217], [-2.1665453, 42.8941897], [-2.1664489, 42.8942214]]]}, "properties": {"id": "overture-fef8a0b4b32dd724", "osm_id": "297699643", "theme": "buildings", "type": "building", "subtype": "house", "class": "house", "names": null, "height": 6.4, "num_floors": 2, "sources": [{"dataset": "OpenStreetMap", "record_id": "297699643"}], "update_time": "2024-11-13", "version": 1, "confidence": 0.85, "bbox": {"xmin": -2.1665453, "ymin": 42.8941217, "xmax": -2.1664126, "ymax": 42.8942214}}}, {"type": "Feature", "geometry": {"type": "Polygon", "coordinates": [[[-2.1665041, 42.8941217], [-2.1664492, 42.8940442], [-2.1663015, 42.8941019], [-2.1663515, 42.8941808], [-2.1664146, 42.8941613], [-2.1664126, 42.8941551], [-2.1665041, 42.8941217]]]}, "properties": {"id": "overture-86a7a2585c4a923d", "osm_id": "297699644", "theme": "buildings", "type": "building", "subtype": "house", "class": "house", "names": null, "height": 6.4, "num_floors": 2, "sources": [{"dataset": "OpenStreetMap", "record_id": "297699644"}], "update_time": "2024-11-13", "version": 1, "confidence": 0.85, "bbox": {"xmin": -2.1665041, "ymin": 42.8940442, "xmax": -2.1663015, "ymax": 42.8941808}}}, {"type": "Feature", "geometry": {"type": "Polygon", "coordinates": [[[-2.1663515, 42.8941808], [-2.1662819, 42.8942077], [-2.166232, 42.8941288], [-2.1663015, 42.8941019], [-2.1663515, 42.8941808]]]}, "properties": {"id": "overture-e4863f50ad1f4e16", "osm_id": "297699645", "theme": "buildings", "type": "building", "subtype": "house", "class": "house", "names": null, "height": 6.4, "num_floors": 2, "sources": [{"dataset": "OpenStreetMap", "record_id": "297699645"}], "update_time": "2024-11-13", "version": 1, "confidence": 0.85, "bbox": {"xmin": -2.1663515, "ymin": 42.8941019, "xmax": -2.166232, "ymax": 42.8942077}}}, {"type": "Feature", "geometry": {"type": "Polygon", "coordinates": [[[-2.1662819, 42.8942077], [-2.1662006, 42.8942398], [-2.1661609, 42.8941623], [-2.166232, 42.8941288], [-2.1662819, 42.8942077]]]}, "properties": {"id": "overture-d914b688b3e108a9", "osm_id": "297699646", "theme": "buildings", "type": "building", "subtype": "house", "class": "house", "names": null, "height": 6.4, "num_floors": 2, "sources": [{"dataset": "OpenStreetMap", "record_id": "297699646"}], "update_time": "2024-11-13", "version": 1, "confidence": 0.85, "bbox": {"xmin": -2.1662819, "ymin": 42.8941288, "xmax": -2.1661609, "ymax": 42.8942398}}}, {"type": "Feature", "geometry": {"type": "Polygon", "coordinates": [[[-2.1660177, 42.8945412], [-2.1659414, 42.894472], [-2.1659327, 42.8944643], [-2.1658997, 42.8944387], [-2.1660331, 42.8943898], [-2.1661199, 42.8944672], [-2.1660177, 42.8945412]]]}, "properties": {"id": "overture-76e02b35c7ffe0f3", "osm_id": "297725348", "theme": "buildings", "type": "building", "subtype": "house", "class": "house", "names": null, "height": 6.4, "num_floors": 2, "sources": [{"dataset": "OpenStreetMap", "record_id": "297725348"}], "update_time": "2024-11-13", "version": 1, "confidence": 0.85, "bbox": {"xmin": -2.1661199, "ymin": 42.8943898, "xmax": -2.1658997, "ymax": 42.8945412}}}, {"type": "Feature", "geometry": {"type": "Polygon", "coordinates": [[[-2.1660177, 42.8945412], [-2.1657874, 42.8946974], [-2.1657614, 42.8946939], [-2.165657, 42.8945177], [-2.1657221, 42.8944962], [-2.1657904, 42.8944803], [-2.1658102, 42.894503], [-2.1659327, 42.8944643], [-2.1660177, 42.8945412]]]}, "properties": {"id": "overture-3f7386f8754b526f", "osm_id": "297725350", "theme": "buildings", "type": "building", "subtype": "apartments", "class": "apartments", "names": null, "height": 6.4, "num_floors": 2, "sources": [{"dataset": "OpenStreetMap", "record_id": "297725350"}], "update_time": "2024-11-13", "version": 1, "confidence": 0.85, "bbox": {"xmin": -2.1660177, "ymin": 42.8944643, "xmax": -2.165657, "ymax": 42.8946974}}}, {"type": "Feature", "geometry": {"type": "Polygon", "coordinates": [[[-2.1658997, 42.8944387], [-2.1658726, 42.8943899], [-2.1659137, 42.8943737], [-2.1660803, 42.8943083], [-2.1661126, 42.8943586], [-2.1660331, 42.8943898], [-2.1658997, 42.8944387]]]}, "properties": {"id": "overture-6affeae4d95e7a06", "osm_id": "297725351", "theme": "buildings", "type": "building", "subtype": "house", "class": "house", "names": null, "height": 6.4, "num_floors": 2, "sources": [{"dataset": "OpenStreetMap", "record_id": "297725351"}], "update_time": "2024-11-13", "version": 1, "confidence": 0.85, "bbox": {"xmin": -2.1661126, "ymin": 42.8943083, "xmax": -2.1658726, "ymax": 42.8944387}}}, {"type": "Feature", "geometry": {"type": "Polygon", "coordinates": [[[-2.1659137, 42.8943737], [-2.1658834, 42.8943133], [-2.1660437, 42.894237], [-2.1660803, 42.8943083], [-2.1659137, 42.8943737]]]}, "properties": {"id": "overture-54cdaf30ccf3b0e7", "osm_id": "297725352", "theme": "buildings", "type": "building", "subtype": "house", "class": "house", "names": null, "height": 6.4, "num_floors": 2, "sources": [{"dataset": "OpenStreetMap", "record_id": "297725352"}], "update_time": "2024-11-13", "version": 1, "confidence": 0.85, "bbox": {"xmin": -2.1660803, "ymin": 42.894237, "xmax": -2.1658834, "ymax": 42.8943737}}}, {"type": "Feature", "geometry": {"type": "Polygon", "coordinates": [[[-2.1658997, 42.8944387], [-2.1658477, 42.8944571], [-2.1657844, 42.8943485], [-2.1658385, 42.8943284], [-2.1658726, 42.8943899], [-2.1658997, 42.8944387]]]}, "properties": {"id": "overture-d2de8346ab0394bd", "osm_id": "297725353", "theme": "buildings", "type": "building", "subtype": "house", "class": "house", "names": null, "height": 6.4, "num_floors": 2, "sources": [{"dataset": "OpenStreetMap", "record_id": "297725353"}], "update_time": "2024-11-13", "version": 1, "confidence": 0.85, "bbox": {"xmin": -2.1658997, "ymin": 42.8943284, "xmax": -2.1657844, "ymax": 42.8944571}}}, {"type": "Feature", "geometry": {"type": "Polygon", "coordinates": [[[-2.1658477, 42.8944571], [-2.1657925, 42.8944746], [-2.1657324, 42.8943672], [-2.1657844, 42.8943485], [-2.1658477, 42.8944571]]]}, "properties": {"id": "overture-545222f46756bf1a", "osm_id": "297725354", "theme": "buildings", "type": "building", "subtype": "house", "class": "house", "names": null, "height": 6.4, "num_floors": 2, "sources": [{"dataset": "OpenStreetMap", "record_id": "297725354"}], "update_time": "2024-11-13", "version": 1, "confidence": 0.85, "bbox": {"xmin": -2.1658477, "ymin": 42.8943485, "xmax": -2.1657324, "ymax": 42.8944746}}}, {"type": "Feature", "geometry": {"type": "Polygon", "coordinates": [[[-2.1657925, 42.8944746], [-2.1657221, 42.8944962], [-2.1656652, 42.8943909], [-2.1657324, 42.8943672], [-2.1657925, 42.8944746]]]}, "properties": {"id": "overture-89ba4bee7da16b0d", "osm_id": "297725356", "theme": "buildings", "type": "building", "subtype": "house", "class": "house", "names": null, "height": 6.4, "num_floors": 2, "sources": [{"dataset": "OpenStreetMap", "record_id": "297725356"}], "update_time": "2024-11-13", "version": 1, "confidence": 0.85, "bbox": {"xmin": -2.1657925, "ymin": 42.8943672, "xmax": -2.1656652, "ymax": 42.8944962}}}, {"type": "Feature", "geometry": {"type": "Polygon", "coordinates": [[[-2.1657221, 42.8944962], [-2.165657, 42.8945177], [-2.1656001, 42.8944125], [-2.1656652, 42.8943909], [-2.1657221, 42.8944962]]]}, "properties": {"id": "overture-46847a6512543f62", "osm_id": "297725358", "theme": "buildings", "type": "building", "subtype": "house", "class": "house", "names": null, "height": 6.4, "num_floors": 2, "sources": [{"dataset": "OpenStreetMap", "record_id": "297725358"}], "update_time": "2024-11-13", "version": 1, "confidence": 0.85, "bbox": {"xmin": -2.1657221, "ymin": 42.8943909, "xmax": -2.1656001, "ymax": 42.8945177}}}, {"type": "Feature", "geometry": {"type": "Polygon", "coordinates": [[[-2.1964994, 42.9150077], [-2.1965475, 42.915112], [-2.1960826, 42.915243], [-2.1960337, 42.9151366], [-2.1961216, 42.9151118], [-2.1959843, 42.9148141], [-2.1961698, 42.9147618], [-2.1963081, 42.9150616], [-2.1964994, 42.9150077]]]}, "properties": {"id": "overture-2ee085f9feaefc23", "osm_id": "298763909", "theme": "buildings", "type": "building", "subtype": "building", "class": "yes", "names": null, "height": 6.4, "num_floors": 2, "sources": [{"dataset": "OpenStreetMap", "record_id": "298763909"}], "update_time": "2024-11-13", "version": 1, "confidence": 0.85, "bbox": {"xmin": -2.1965475, "ymin": 42.9147618, "xmax": -2.1959843, "ymax": 42.915243}}}, {"type": "Feature", "geometry": {"type": "Polygon", "coordinates": [[[-2.1652874, 42.8948772], [-2.1650517, 42.8944169], [-2.1651801, 42.894373], [-2.1654197, 42.8948397], [-2.1652874, 42.8948772]]]}, "properties": {"id": "overture-86a395f6ead8d179", "osm_id": "301232710", "theme": "buildings", "type": "building", "subtype": "apartments", "class": "apartments", "names": null, "height": 6.4, "num_floors": 2, "sources": [{"dataset": "OpenStreetMap", "record_id": "301232710"}], "update_time": "2024-11-13", "version": 1, "confidence": 0.85, "bbox": {"xmin": -2.1654197, "ymin": 42.894373, "xmax": -2.1650517, "ymax": 42.8948772}}}, {"type": "Feature", "geometry": {"type": "Polygon", "coordinates": [[[-2.165108, 42.8949346], [-2.1649885, 42.8949719], [-2.1647529, 42.8945097], [-2.1648725, 42.8944725], [-2.165108, 42.8949346]]]}, "properties": {"id": "overture-e148d468eee219a0", "osm_id": "301232713", "theme": "buildings", "type": "building", "subtype": "apartments", "class": "apartments", "names": null, "height": 6.4, "num_floors": 2, "sources": [{"dataset": "OpenStreetMap", "record_id": "301232713"}], "update_time": "2024-11-13", "version": 1, "confidence": 0.85, "bbox": {"xmin": -2.165108, "ymin": 42.8944725, "xmax": -2.1647529, "ymax": 42.8949719}}}, {"type": "Feature", "geometry": {"type": "Polygon", "coordinates": [[[-2.1725595, 42.8938667], [-2.1726971, 42.894175], [-2.1727908, 42.8941494], [-2.1728225, 42.8942199], [-2.1726297, 42.8942725], [-2.1724444, 42.8938575], [-2.1725268, 42.893835], [-2.172511, 42.8937996], [-2.17313, 42.8936305], [-2.1731647, 42.8937081], [-2.1729661, 42.8937623], [-2.1729634, 42.8937564], [-2.1725595, 42.8938667]]]}, "properties": {"id": "overture-c623b0a9a65ef7ce", "osm_id": "303983009", "theme": "buildings", "type": "building", "subtype": "building", "class": "yes", "names": null, "height": 19.048, "num_floors": 2, "sources": [{"dataset": "OpenStreetMap", "record_id": "303983009"}, {"dataset": "IGN_LIDAR_PNOA_3", "record_id": "lidar_303983009", "height_source": "lidar_dtm"}], "update_time": "2024-11-13", "version": 1, "confidence": 0.85, "bbox": {"xmin": -2.1731647, "ymin": 42.8936305, "xmax": -2.1724444, "ymax": 42.8942725}}}, {"type": "Feature", "geometry": {"type": "Polygon", "coordinates": [[[-2.1731554, 42.8941317], [-2.173022, 42.8941682], [-2.1729711, 42.8940541], [-2.1731045, 42.8940177], [-2.1731554, 42.8941317]]]}, "properties": {"id": "overture-a6dd3d69b9df10ca", "osm_id": "303983011", "theme": "buildings", "type": "building", "subtype": "building", "class": "yes", "names": null, "height": 0.855, "num_floors": 2, "sources": [{"dataset": "OpenStreetMap", "record_id": "303983011"}, {"dataset": "IGN_LIDAR_PNOA_3", "record_id": "lidar_303983011", "height_source": "lidar_dtm"}], "update_time": "2024-11-13", "version": 1, "confidence": 0.85, "bbox": {"xmin": -2.1731554, "ymin": 42.8940177, "xmax": -2.1729711, "ymax": 42.8941682}}}, {"type": "Feature", "geometry": {"type": "Polygon", "coordinates": [[[-2.1719524, 42.8944633], [-2.1719174, 42.8943817], [-2.172499, 42.8942282], [-2.1725342, 42.8943097], [-2.1719524, 42.8944633]]]}, "properties": {"id": "overture-4567031e5ab8cfc7", "osm_id": "303983012", "theme": "buildings", "type": "building", "subtype": "building", "class": "yes", "names": null, "height": 11.192, "num_floors": 2, "sources": [{"dataset": "OpenStreetMap", "record_id": "303983012"}, {"dataset": "IGN_LIDAR_PNOA_3", "record_id": "lidar_303983012", "height_source": "lidar_dtm"}], "update_time": "2024-11-13", "version": 1, "confidence": 0.85, "bbox": {"xmin": -2.1725342, "ymin": 42.8942282, "xmax": -2.1719174, "ymax": 42.8944633}}}, {"type": "Feature", "geometry": {"type": "Polygon", "coordinates": [[[-2.1716311, 42.8945513], [-2.1715362, 42.8945763], [-2.1713394, 42.8941205], [-2.1714343, 42.8940954], [-2.1716311, 42.8945513]]]}, "properties": {"id": "overture-fcc36e5b58b1ecb1", "osm_id": "303983014", "theme": "buildings", "type": "building", "subtype": "building", "class": "yes", "names": null, "height": 12.146, "num_floors": 2, "sources": [{"dataset": "OpenStreetMap", "record_id": "303983014"}, {"dataset": "IGN_LIDAR_PNOA_3", "record_id": "lidar_303983014", "height_source": "lidar_dtm"}], "update_time": "2024-11-13", "version": 1, "confidence": 0.85, "bbox": {"xmin": -2.1716311, "ymin": 42.8940954, "xmax": -2.1713394, "ymax": 42.8945763}}}, {"type": "Feature", "geometry": {"type": "Polygon", "coordinates": [[[-2.1711735, 42.8940556], [-2.1710732, 42.8940821], [-2.1708774, 42.8936283], [-2.1709777, 42.8936018], [-2.1711735, 42.8940556]]]}, "properties": {"id": "overture-a84e22aa5294ea18", "osm_id": "303983016", "theme": "buildings", "type": "building", "subtype": "building", "class": "yes", "names": null, "height": 4.611, "num_floors": 2, "sources": [{"dataset": "OpenStreetMap", "record_id": "303983016"}, {"dataset": "IGN_LIDAR_PNOA_3", "record_id": "lidar_303983016", "height_source": "lidar_dtm"}], "update_time": "2024-11-13", "version": 1, "confidence": 0.85, "bbox": {"xmin": -2.1711735, "ymin": 42.8936018, "xmax": -2.1708774, "ymax": 42.8940821}}}, {"type": "Feature", "geometry": {"type": "Polygon", "coordinates": [[[-2.1735669, 42.8940242], [-2.173397, 42.8940706], [-2.1731941, 42.8936164], [-2.1733641, 42.89357], [-2.1735669, 42.8940242]]]}, "properties": {"id": "overture-9a153a9429e43c9a", "osm_id": "303983017", "theme": "buildings", "type": "building", "subtype": "apartments", "class": "apartments", "names": null, "height": 6.4, "num_floors": 2, "sources": [{"dataset": "OpenStreetMap", "record_id": "303983017"}], "update_time": "2024-11-13", "version": 1, "confidence": 0.85, "bbox": {"xmin": -2.1735669, "ymin": 42.89357, "xmax": -2.1731941, "ymax": 42.8940706}}}, {"type": "Feature", "geometry": {"type": "Polygon", "coordinates": [[[-2.1714164, 42.8946092], [-2.1713215, 42.8946342], [-2.1711247, 42.8941784], [-2.1712196, 42.8941533], [-2.1714164, 42.8946092]]]}, "properties": {"id": "overture-c8b97c3b3e5e4591", "osm_id": "303983018", "theme": "buildings", "type": "building", "subtype": "building", "class": "yes", "names": null, "height": 12.373, "num_floors": 2, "sources": [{"dataset": "OpenStreetMap", "record_id": "303983018"}, {"dataset": "IGN_LIDAR_PNOA_3", "record_id": "lidar_303983018", "height_source": "lidar_dtm"}], "update_time": "2024-11-13", "version": 1, "confidence": 0.85, "bbox": {"xmin": -2.1714164, "ymin": 42.8941533, "xmax": -2.1711247, "ymax": 42.8946342}}}, {"type": "Feature", "geometry": {"type": "Polygon", "coordinates": [[[-2.1711898, 42.8935449], [-2.1713853, 42.8939977], [-2.1712932, 42.894022], [-2.1710977, 42.8935692], [-2.1711898, 42.8935449]]]}, "properties": {"id": "overture-c24e79dc3b825ecb", "osm_id": "303983019", "theme": "buildings", "type": "building", "subtype": "building", "class": "yes", "names": null, "height": 2.774, "num_floors": 2, "sources": [{"dataset": "OpenStreetMap", "record_id": "303983019"}, {"dataset": "IGN_LIDAR_PNOA_3", "record_id": "lidar_303983019", "height_source": "lidar_dtm"}], "update_time": "2024-11-13", "version": 1, "confidence": 0.85, "bbox": {"xmin": -2.1713853, "ymin": 42.8935449, "xmax": -2.1710977, "ymax": 42.894022}}}, {"type": "Feature", "geometry": {"type": "Polygon", "coordinates": [[[-2.1718088, 42.8949485], [-2.1717115, 42.8949742], [-2.1715809, 42.8946717], [-2.1716782, 42.894646], [-2.1718088, 42.8949485]]]}, "properties": {"id": "overture-a2903c86b929dee4", "osm_id": "303983021", "theme": "buildings", "type": "building", "subtype": "building", "class": "yes", "names": null, "height": 12.59, "num_floors": 2, "sources": [{"dataset": "OpenStreetMap", "record_id": "303983021"}, {"dataset": "IGN_LIDAR_PNOA_3", "record_id": "lidar_303983021", "height_source": "lidar_dtm"}], "update_time": "2024-11-13", "version": 1, "confidence": 0.85, "bbox": {"xmin": -2.1718088, "ymin": 42.894646, "xmax": -2.1715809, "ymax": 42.8949742}}}, {"type": "Feature", "geometry": {"type": "Polygon", "coordinates": [[[-2.1718193, 42.8944274], [-2.1717215, 42.8944531], [-2.1715674, 42.8940961], [-2.1716651, 42.8940704], [-2.1718193, 42.8944274]]]}, "properties": {"id": "overture-f3760c01ce80b3ff", "osm_id": "303983022", "theme": "buildings", "type": "building", "subtype": "building", "class": "yes", "names": null, "height": 3.804, "num_floors": 2, "sources": [{"dataset": "OpenStreetMap", "record_id": "303983022"}, {"dataset": "IGN_LIDAR_PNOA_3", "record_id": "lidar_303983022", "height_source": "lidar_dtm"}], "update_time": "2024-11-13", "version": 1, "confidence": 0.85, "bbox": {"xmin": -2.1718193, "ymin": 42.8940704, "xmax": -2.1715674, "ymax": 42.8944531}}}, {"type": "Feature", "geometry": {"type": "Polygon", "coordinates": [[[-2.172025, 42.8948906], [-2.1719231, 42.8949175], [-2.171791, 42.8946115], [-2.171893, 42.8945846], [-2.172025, 42.8948906]]]}, "properties": {"id": "overture-d47174aa291c0f39", "osm_id": "303983023", "theme": "buildings", "type": "building", "subtype": "building", "class": "yes", "names": null, "height": 9.679, "num_floors": 2, "sources": [{"dataset": "OpenStreetMap", "record_id": "303983023"}, {"dataset": "IGN_LIDAR_PNOA_3", "record_id": "lidar_303983023", "height_source": "lidar_dtm"}], "update_time": "2024-11-13", "version": 1, "confidence": 0.85, "bbox": {"xmin": -2.172025, "ymin": 42.8945846, "xmax": -2.171791, "ymax": 42.8949175}}}, {"type": "Feature", "geometry": {"type": "Polygon", "coordinates": [[[-2.1715941, 42.8950099], [-2.1714988, 42.895035], [-2.1713675, 42.8947308], [-2.1714628, 42.8947056], [-2.1715941, 42.8950099]]]}, "properties": {"id": "overture-f6a71c9c427bbf7b", "osm_id": "303983024", "theme": "buildings", "type": "building", "subtype": "apartments", "class": "apartments", "names": null, "height": 14.401, "num_floors": 2, "sources": [{"dataset": "OpenStreetMap", "record_id": "303983024"}, {"dataset": "IGN_LIDAR_PNOA_3", "record_id": "lidar_303983024", "height_source": "lidar_dtm"}], "update_time": "2024-11-13", "version": 1, "confidence": 0.85, "bbox": {"xmin": -2.1715941, "ymin": 42.8947056, "xmax": -2.1713675, "ymax": 42.895035}}}, {"type": "Feature", "geometry": {"type": "Polygon", "coordinates": [[[-2.1732978, 42.894019], [-2.1733133, 42.8940147], [-2.1733457, 42.8940872], [-2.1731759, 42.8941335], [-2.1731435, 42.8940611], [-2.1731623, 42.894056], [-2.1731451, 42.8940176], [-2.1732806, 42.8939806], [-2.1732978, 42.894019]]]}, "properties": {"id": "overture-257fe49a44984cdf", "osm_id": "303983025", "theme": "buildings", "type": "building", "subtype": "building", "class": "yes", "names": null, "height": 0.25, "num_floors": 2, "sources": [{"dataset": "OpenStreetMap", "record_id": "303983025"}, {"dataset": "IGN_LIDAR_PNOA_3", "record_id": "lidar_303983025", "height_source": "lidar_dtm"}], "update_time": "2024-11-13", "version": 1, "confidence": 0.85, "bbox": {"xmin": -2.1733457, "ymin": 42.8939806, "xmax": -2.1731435, "ymax": 42.8941335}}}, {"type": "Feature", "geometry": {"type": "Polygon", "coordinates": [[[-2.1730131, 42.8941728], [-2.172839, 42.8942204], [-2.1728074, 42.8941497], [-2.1728293, 42.8941437], [-2.17281, 42.8941003], [-2.1729407, 42.8940646], [-2.17296, 42.894108], [-2.1729816, 42.8941021], [-2.1730131, 42.8941728]]]}, "properties": {"id": "overture-ecb497466fb36a7a", "osm_id": "303983026", "theme": "buildings", "type": "building", "subtype": "building", "class": "yes", "names": null, "height": 6.4, "num_floors": 2, "sources": [{"dataset": "OpenStreetMap", "record_id": "303983026"}], "update_time": "2024-11-13", "version": 1, "confidence": 0.85, "bbox": {"xmin": -2.1730131, "ymin": 42.8940646, "xmax": -2.1728074, "ymax": 42.8942204}}}, {"type": "Feature", "geometry": {"type": "Polygon", "coordinates": [[[-2.1721391, 42.8948697], [-2.1720991, 42.8947771], [-2.172583, 42.8946494], [-2.1725267, 42.894519], [-2.1722196, 42.8946001], [-2.1721793, 42.8945066], [-2.172586, 42.8943992], [-2.1727225, 42.8947157], [-2.1721391, 42.8948697]]]}, "properties": {"id": "overture-88f94ca8798ab978", "osm_id": "303983028", "theme": "buildings", "type": "building", "subtype": "building", "class": "yes", "names": null, "height": 13.561, "num_floors": 2, "sources": [{"dataset": "OpenStreetMap", "record_id": "303983028"}, {"dataset": "IGN_LIDAR_PNOA_3", "record_id": "lidar_303983028", "height_source": "lidar_dtm"}], "update_time": "2024-11-13", "version": 1, "confidence": 0.85, "bbox": {"xmin": -2.1727225, "ymin": 42.8943992, "xmax": -2.1720991, "ymax": 42.8948697}}}, {"type": "Feature", "geometry": {"type": "Polygon", "coordinates": [[[-2.1756626, 42.8968429], [-2.1756304, 42.8967379], [-2.175385, 42.896784], [-2.1754172, 42.896889], [-2.1756626, 42.8968429]]]}, "properties": {"id": "overture-c20c5df37e7b5f46", "osm_id": "363800516", "theme": "buildings", "type": "building", "subtype": "chapel", "class": "chapel", "names": {"primary": "San Joan baseliza"}, "height": 6.4, "num_floors": 2, "sources": [{"dataset": "OpenStreetMap", "record_id": "363800516"}], "update_time": "2024-11-13", "version": 1, "confidence": 0.85, "bbox": {"xmin": -2.1756626, "ymin": 42.8967379, "xmax": -2.175385, "ymax": 42.896889}}}, {"type": "Feature", "geometry": {"type": "Polygon", "coordinates": [[[-2.1549277, 42.9129199], [-2.1549169, 42.9128434], [-2.1550156, 42.9128349], [-2.1550264, 42.9129115], [-2.1549277, 42.9129199]]]}, "properties": {"id": "overture-c9b42ff2eb6bcba6", "osm_id": "365508282", "theme": "buildings", "type": "building", "subtype": "chapel", "class": "chapel", "names": {"primary": "San Pedro ermita"}, "height": 6.4, "num_floors": 2, "sources": [{"dataset": "OpenStreetMap", "record_id": "365508282"}], "update_time": "2024-11-13", "version": 1, "confidence": 0.85, "bbox": {"xmin": -2.1550264, "ymin": 42.9128349, "xmax": -2.1549169, "ymax": 42.9129199}}}, {"type": "Feature", "geometry": {"type": "Polygon", "coordinates": [[[-2.1670583, 42.8915832], [-2.166691, 42.8919028], [-2.1669485, 42.8920838], [-2.1669196, 42.892109], [-2.1669875, 42.8921567], [-2.1670322, 42.8921179], [-2.1670165, 42.892107], [-2.1670942, 42.8920393], [-2.1668969, 42.8919006], [-2.1669965, 42.8918141], [-2.1669697, 42.8917953], [-2.1671441, 42.8916435], [-2.1670583, 42.8915832]]]}, "properties": {"id": "overture-57d5a3dd1a6bd963", "osm_id": "427820128", "theme": "buildings", "type": "building", "subtype": "building", "class": "yes", "names": null, "height": 5.567, "num_floors": 2, "sources": [{"dataset": "OpenStreetMap", "record_id": "427820128"}, {"dataset": "IGN_LIDAR_PNOA_3", "record_id": "lidar_427820128", "height_source": "lidar_dtm"}], "update_time": "2024-11-13", "version": 1, "confidence": 0.85, "bbox": {"xmin": -2.1671441, "ymin": 42.8915832, "xmax": -2.166691, "ymax": 42.8921567}}}, {"type": "Feature", "geometry": {"type": "Polygon", "coordinates": [[[-2.1898793, 42.8840245], [-2.1899451, 42.8837261], [-2.1897083, 42.8834328], [-2.1891096, 42.8837107], [-2.1893991, 42.884184], [-2.1898793, 42.8840245]]]}, "properties": {"id": "overture-1122d2590a81b9de", "osm_id": "467652463", "theme": "buildings", "type": "building", "subtype": "industrial", "class": "industrial", "names": null, "height": 6.4, "num_floors": 2, "sources": [{"dataset": "OpenStreetMap", "record_id": "467652463"}], "update_time": "2024-11-13", "version": 1, "confidence": 0.85, "bbox": {"xmin": -2.1899451, "ymin": 42.8834328, "xmax": -2.1891096, "ymax": 42.884184}}}, {"type": "Feature", "geometry": {"type": "Polygon", "coordinates": [[[-2.1886227, 42.8841995], [-2.1885964, 42.8839113], [-2.1874714, 42.8840451], [-2.187524, 42.8843127], [-2.1886227, 42.8841995]]]}, "properties": {"id": "overture-99f0401d9c692849", "osm_id": "467652464", "theme": "buildings", "type": "building", "subtype": "industrial", "class": "industrial", "names": null, "height": 6.4, "num_floors": 2, "sources": [{"dataset": "OpenStreetMap", "record_id": "467652464"}], "update_time": "2024-11-13", "version": 1, "confidence": 0.85, "bbox": {"xmin": -2.1886227, "ymin": 42.8839113, "xmax": -2.1874714, "ymax": 42.8843127}}}, {"type": "Feature", "geometry": {"type": "Polygon", "coordinates": [[[-2.1861966, 42.8839145], [-2.1862602, 42.8837221], [-2.1868399, 42.8838393], [-2.1868399, 42.8837878], [-2.1865011, 42.8837152], [-2.1865575, 42.8835545], [-2.1874866, 42.8837536], [-2.1874187, 42.8839476], [-2.1870921, 42.8838776], [-2.1870906, 42.8838824], [-2.1871611, 42.8838967], [-2.1870951, 42.8840962], [-2.1861966, 42.8839145]]]}, "properties": {"id": "overture-523f386c390f9ea5", "osm_id": "467652465", "theme": "buildings", "type": "building", "subtype": "industrial", "class": "industrial", "names": null, "height": 6.4, "num_floors": 2, "sources": [{"dataset": "OpenStreetMap", "record_id": "467652465"}], "update_time": "2024-11-13", "version": 1, "confidence": 0.85, "bbox": {"xmin": -2.1874866, "ymin": 42.8835545, "xmax": -2.1861966, "ymax": 42.8840962}}}, {"type": "Feature", "geometry": {"type": "Polygon", "coordinates": [[[-2.1917807, 42.8828051], [-2.1920109, 42.8814518], [-2.1913859, 42.88139], [-2.1911754, 42.8827073], [-2.1917807, 42.8828051]]]}, "properties": {"id": "overture-d9f9062e49098980", "osm_id": "467652466", "theme": "buildings", "type": "building", "subtype": "industrial", "class": "industrial", "names": null, "height": 6.4, "num_floors": 2, "sources": [{"dataset": "OpenStreetMap", "record_id": "467652466"}], "update_time": "2024-11-13", "version": 1, "confidence": 0.85, "bbox": {"xmin": -2.1920109, "ymin": 42.88139, "xmax": -2.1911754, "ymax": 42.8828051}}}, {"type": "Feature", "geometry": {"type": "Polygon", "coordinates": [[[-2.1416823, 42.891191], [-2.1418357, 42.8911937], [-2.1418372, 42.8911466], [-2.1418453, 42.8911467], [-2.1418426, 42.8912386], [-2.141681, 42.8912357], [-2.1416823, 42.891191]]]}, "properties": {"id": "overture-9ebfc04c7da63567", "osm_id": "517051912", "theme": "buildings", "type": "building", "subtype": "industrial", "class": "industrial", "names": null, "height": 6.4, "num_floors": 2, "sources": [{"dataset": "OpenStreetMap", "record_id": "517051912"}], "update_time": "2024-11-13", "version": 1, "confidence": 0.85, "bbox": {"xmin": -2.1418453, "ymin": 42.8911466, "xmax": -2.141681, "ymax": 42.8912386}}}, {"type": "Feature", "geometry": {"type": "Polygon", "coordinates": [[[-2.141807, 42.8908806], [-2.1416892, 42.8908786], [-2.1416903, 42.8908408], [-2.1418081, 42.8908429], [-2.141807, 42.8908806]]]}, "properties": {"id": "overture-b83bb9ecc4c30534", "osm_id": "517051913", "theme": "buildings", "type": "building", "subtype": "industrial", "class": "industrial", "names": null, "height": 6.4, "num_floors": 2, "sources": [{"dataset": "OpenStreetMap", "record_id": "517051913"}], "update_time": "2024-11-13", "version": 1, "confidence": 0.85, "bbox": {"xmin": -2.1418081, "ymin": 42.8908408, "xmax": -2.1416892, "ymax": 42.8908806}}}, {"type": "Feature", "geometry": {"type": "Polygon", "coordinates": [[[-2.1417946, 42.8912827], [-2.1421469, 42.8912851], [-2.1421463, 42.8913376], [-2.141794, 42.8913352], [-2.1417946, 42.8912827]]]}, "properties": {"id": "overture-4bfc0d97b623dd43", "osm_id": "517051914", "theme": "buildings", "type": "building", "subtype": "industrial", "class": "industrial", "names": null, "height": 6.4, "num_floors": 2, "sources": [{"dataset": "OpenStreetMap", "record_id": "517051914"}], "update_time": "2024-11-13", "version": 1, "confidence": 0.85, "bbox": {"xmin": -2.1421469, "ymin": 42.8912827, "xmax": -2.141794, "ymax": 42.8913376}}}, {"type": "Feature", "geometry": {"type": "Polygon", "coordinates": [[[-2.141807, 42.8908806], [-2.1418238, 42.8908809], [-2.1418448, 42.8908813], [-2.1418383, 42.8911067], [-2.1418372, 42.8911466], [-2.1416836, 42.8911439], [-2.1416499, 42.8911433], [-2.1416171, 42.8911427], [-2.1415925, 42.8911423], [-2.1414726, 42.8911402], [-2.1414802, 42.8908749], [-2.1415613, 42.8908763], [-2.1416892, 42.8908786], [-2.141807, 42.8908806]]]}, "properties": {"id": "overture-726f33432edf08a9", "osm_id": "517051915", "theme": "buildings", "type": "building", "subtype": "industrial", "class": "industrial", "names": null, "height": 6.4, "num_floors": 2, "sources": [{"dataset": "OpenStreetMap", "record_id": "517051915"}], "update_time": "2024-11-13", "version": 1, "confidence": 0.85, "bbox": {"xmin": -2.1418448, "ymin": 42.8908749, "xmax": -2.1414726, "ymax": 42.8911466}}}, {"type": "Feature", "geometry": {"type": "Polygon", "coordinates": [[[-2.1418627, 42.8911707], [-2.1418532, 42.8911714], [-2.1418476, 42.8911639], [-2.1418528, 42.8911578], [-2.141861, 42.8911576], [-2.1418666, 42.8911633], [-2.1418627, 42.8911707]]]}, "properties": {"id": "overture-2f0b07bd53e87004", "osm_id": "517051916", "theme": "buildings", "type": "building", "subtype": "industrial", "class": "industrial", "names": null, "height": 6.4, "num_floors": 2, "sources": [{"dataset": "OpenStreetMap", "record_id": "517051916"}], "update_time": "2024-11-13", "version": 1, "confidence": 0.85, "bbox": {"xmin": -2.1418666, "ymin": 42.8911576, "xmax": -2.1418476, "ymax": 42.8911714}}}, {"type": "Feature", "geometry": {"type": "Polygon", "coordinates": [[[-2.1419509, 42.8911087], [-2.1420196, 42.8911099], [-2.1420189, 42.891137], [-2.1419501, 42.8911357], [-2.1419509, 42.8911087]]]}, "properties": {"id": "overture-c09e1bfe8be66518", "osm_id": "517051919", "theme": "buildings", "type": "building", "subtype": "industrial", "class": "industrial", "names": null, "height": 6.4, "num_floors": 2, "sources": [{"dataset": "OpenStreetMap", "record_id": "517051919"}], "update_time": "2024-11-13", "version": 1, "confidence": 0.85, "bbox": {"xmin": -2.1420196, "ymin": 42.8911087, "xmax": -2.1419501, "ymax": 42.891137}}}, {"type": "Feature", "geometry": {"type": "Polygon", "coordinates": [[[-2.1420196, 42.8911099], [-2.1419509, 42.8911087], [-2.1419574, 42.8908833], [-2.1420049, 42.8908841], [-2.1425144, 42.8908931], [-2.1425078, 42.8911186], [-2.1420196, 42.8911099]]]}, "properties": {"id": "overture-4244de0a5327d000", "osm_id": "517051920", "theme": "buildings", "type": "building", "subtype": "industrial", "class": "industrial", "names": {"primary": "Viscofan"}, "height": 6.4, "num_floors": 2, "sources": [{"dataset": "OpenStreetMap", "record_id": "517051920"}], "update_time": "2024-11-13", "version": 1, "confidence": 0.85, "bbox": {"xmin": -2.1425144, "ymin": 42.8908833, "xmax": -2.1419509, "ymax": 42.8911186}}}, {"type": "Feature", "geometry": {"type": "Polygon", "coordinates": [[[-2.1416903, 42.8908408], [-2.1415624, 42.8908386], [-2.1415652, 42.8907412], [-2.1418108, 42.8907455], [-2.1418081, 42.8908429], [-2.1416903, 42.8908408]]]}, "properties": {"id": "overture-baa2f3b50f665ee8", "osm_id": "517051921", "theme": "buildings", "type": "building", "subtype": "industrial", "class": "industrial", "names": null, "height": 6.4, "num_floors": 2, "sources": [{"dataset": "OpenStreetMap", "record_id": "517051921"}], "update_time": "2024-11-13", "version": 1, "confidence": 0.85, "bbox": {"xmin": -2.1418108, "ymin": 42.8907412, "xmax": -2.1415624, "ymax": 42.8908429}}}, {"type": "Feature", "geometry": {"type": "Polygon", "coordinates": [[[-2.1418776, 42.8908819], [-2.1419282, 42.8908828], [-2.1419574, 42.8908833], [-2.1419509, 42.8911087], [-2.141905, 42.8911079], [-2.1418711, 42.8911073], [-2.1418776, 42.8908819]]]}, "properties": {"id": "overture-9910d60e1dc329c1", "osm_id": "517051922", "theme": "buildings", "type": "building", "subtype": "industrial", "class": "industrial", "names": null, "height": 6.4, "num_floors": 2, "sources": [{"dataset": "OpenStreetMap", "record_id": "517051922"}], "update_time": "2024-11-13", "version": 1, "confidence": 0.85, "bbox": {"xmin": -2.1419574, "ymin": 42.8908819, "xmax": -2.1418711, "ymax": 42.8911087}}}, {"type": "Feature", "geometry": {"type": "Polygon", "coordinates": [[[-2.1418372, 42.8911466], [-2.1418357, 42.8911937], [-2.1416823, 42.891191], [-2.1416836, 42.8911439], [-2.1418372, 42.8911466]]]}, "properties": {"id": "overture-3fa3f060b7d0eafc", "osm_id": "517051924", "theme": "buildings", "type": "building", "subtype": "industrial", "class": "industrial", "names": null, "height": 6.4, "num_floors": 2, "sources": [{"dataset": "OpenStreetMap", "record_id": "517051924"}], "update_time": "2024-11-13", "version": 1, "confidence": 0.85, "bbox": {"xmin": -2.1418372, "ymin": 42.8911439, "xmax": -2.1416823, "ymax": 42.8911937}}}, {"type": "Feature", "geometry": {"type": "Polygon", "coordinates": [[[-2.1419509, 42.8911087], [-2.1419501, 42.8911357], [-2.1419043, 42.8911349], [-2.141905, 42.8911079], [-2.1419509, 42.8911087]]]}, "properties": {"id": "overture-d44d07d8a18d1a23", "osm_id": "517051925", "theme": "buildings", "type": "building", "subtype": "industrial", "class": "industrial", "names": null, "height": 6.4, "num_floors": 2, "sources": [{"dataset": "OpenStreetMap", "record_id": "517051925"}], "update_time": "2024-11-13", "version": 1, "confidence": 0.85, "bbox": {"xmin": -2.1419509, "ymin": 42.8911079, "xmax": -2.1419043, "ymax": 42.8911357}}}, {"type": "Feature", "geometry": {"type": "Polygon", "coordinates": [[[-2.1418711, 42.8911073], [-2.1418383, 42.8911067], [-2.1418448, 42.8908813], [-2.1418776, 42.8908819], [-2.1418711, 42.8911073]]]}, "properties": {"id": "overture-09b50f6db096c519", "osm_id": "517051927", "theme": "buildings", "type": "building", "subtype": "industrial", "class": "industrial", "names": null, "height": 6.4, "num_floors": 2, "sources": [{"dataset": "OpenStreetMap", "record_id": "517051927"}], "update_time": "2024-11-13", "version": 1, "confidence": 0.85, "bbox": {"xmin": -2.1418776, "ymin": 42.8908813, "xmax": -2.1418383, "ymax": 42.8911073}}}, {"type": "Feature", "geometry": {"type": "Polygon", "coordinates": [[[-2.1418389, 42.8906466], [-2.1425245, 42.8906649], [-2.1425225, 42.8907104], [-2.1418369, 42.8906921], [-2.1418389, 42.8906466]]]}, "properties": {"id": "overture-b0d9cda0e53216e4", "osm_id": "517051928", "theme": "buildings", "type": "building", "subtype": "industrial", "class": "industrial", "names": null, "height": 6.4, "num_floors": 2, "sources": [{"dataset": "OpenStreetMap", "record_id": "517051928"}], "update_time": "2024-11-13", "version": 1, "confidence": 0.85, "bbox": {"xmin": -2.1425245, "ymin": 42.8906466, "xmax": -2.1418369, "ymax": 42.8907104}}}, {"type": "Feature", "geometry": {"type": "Polygon", "coordinates": [[[-2.1419001, 42.8861127], [-2.141847, 42.8862031], [-2.1416496, 42.8861317], [-2.1417013, 42.8860417], [-2.1419001, 42.8861127]]]}, "properties": {"id": "overture-e534bc897bdc9d6d", "osm_id": "519105872", "theme": "buildings", "type": "building", "subtype": "garage", "class": "garage", "names": null, "height": 6.4, "num_floors": 2, "sources": [{"dataset": "OpenStreetMap", "record_id": "519105872"}], "update_time": "2024-11-13", "version": 1, "confidence": 0.85, "bbox": {"xmin": -2.1419001, "ymin": 42.8860417, "xmax": -2.1416496, "ymax": 42.8862031}}}, {"type": "Feature", "geometry": {"type": "Polygon", "coordinates": [[[-2.1420444, 42.8862745], [-2.141847, 42.8862031], [-2.1419001, 42.8861127], [-2.1420975, 42.8861833], [-2.1420444, 42.8862745]]]}, "properties": {"id": "overture-3e42502add3377e3", "osm_id": "519105873", "theme": "buildings", "type": "building", "subtype": "garage", "class": "garage", "names": null, "height": 6.4, "num_floors": 2, "sources": [{"dataset": "OpenStreetMap", "record_id": "519105873"}], "update_time": "2024-11-13", "version": 1, "confidence": 0.85, "bbox": {"xmin": -2.1420975, "ymin": 42.8861127, "xmax": -2.141847, "ymax": 42.8862745}}}, {"type": "Feature", "geometry": {"type": "Polygon", "coordinates": [[[-2.1950561, 42.9093576], [-2.1950276, 42.9093006], [-2.1950998, 42.9092784], [-2.1951284, 42.9093354], [-2.1950561, 42.9093576]]]}, "properties": {"id": "overture-da8973e0b0d8b7ba", "osm_id": "589349115", "theme": "buildings", "type": "building", "subtype": "ruins", "class": "ruins", "names": {"primary": "Torre del telégrafo óptico Engara"}, "height": 6.4, "num_floors": 2, "sources": [{"dataset": "OpenStreetMap", "record_id": "589349115"}], "update_time": "2024-11-13", "version": 1, "confidence": 0.85, "bbox": {"xmin": -2.1951284, "ymin": 42.9092784, "xmax": -2.1950276, "ymax": 42.9093576}}}, {"type": "Feature", "geometry": {"type": "Polygon", "coordinates": [[[-2.1732091, 42.8943425], [-2.1727984, 42.8944405], [-2.1727615, 42.8943622], [-2.1726654, 42.8943896], [-2.172638, 42.8943374], [-2.173154, 42.8942028], [-2.1732091, 42.8943425]]]}, "properties": {"id": "overture-277a39e99d62dfbe", "osm_id": "590205681", "theme": "buildings", "type": "building", "subtype": "building", "class": "yes", "names": {"primary": "Club de jubilados"}, "height": 18.905, "num_floors": 2, "sources": [{"dataset": "OpenStreetMap", "record_id": "590205681"}, {"dataset": "IGN_LIDAR_PNOA_3", "record_id": "lidar_590205681", "height_source": "lidar_dtm"}], "update_time": "2024-11-13", "version": 1, "confidence": 0.85, "bbox": {"xmin": -2.1732091, "ymin": 42.8942028, "xmax": -2.172638, "ymax": 42.8944405}}}, {"type": "Feature", "geometry": {"type": "Polygon", "coordinates": [[[-2.1774494, 42.8937961], [-2.1772026, 42.893238], [-2.1773769, 42.8931908], [-2.1773202, 42.8930623], [-2.1767555, 42.8932149], [-2.1768136, 42.8933464], [-2.1770282, 42.8932884], [-2.1772053, 42.8936889], [-2.1771229, 42.8937112], [-2.1772135, 42.8939163], [-2.1774051, 42.8938644], [-2.1773829, 42.893814], [-2.1774494, 42.8937961]]]}, "properties": {"id": "overture-050c222eaa9e6c7c", "osm_id": "590205682", "theme": "buildings", "type": "building", "subtype": "church", "class": "church", "names": {"primary": "Altsasuko Kaputxinoen komentua"}, "height": 6.4, "num_floors": 2, "sources": [{"dataset": "OpenStreetMap", "record_id": "590205682"}], "update_time": "2024-11-13", "version": 1, "confidence": 0.85, "bbox": {"xmin": -2.1774494, "ymin": 42.8930623, "xmax": -2.1767555, "ymax": 42.8939163}}}, {"type": "Feature", "geometry": {"type": "Polygon", "coordinates": [[[-2.1774244, 42.8936261], [-2.177666, 42.8935186], [-2.1776061, 42.8934366], [-2.1773647, 42.8935441], [-2.1774244, 42.8936261]]]}, "properties": {"id": "overture-df11ed3375cb5b86", "osm_id": "590205683", "theme": "buildings", "type": "building", "subtype": "building", "class": "yes", "names": null, "height": 6.4, "num_floors": 2, "sources": [{"dataset": "OpenStreetMap", "record_id": "590205683"}], "update_time": "2024-11-13", "version": 1, "confidence": 0.85, "bbox": {"xmin": -2.177666, "ymin": 42.8934366, "xmax": -2.1773647, "ymax": 42.8936261}}}, {"type": "Feature", "geometry": {"type": "Polygon", "coordinates": [[[-2.1701204, 42.9167424], [-2.1699933, 42.9167266], [-2.1699546, 42.916917], [-2.1700816, 42.9169328], [-2.1701204, 42.9167424]]]}, "properties": {"id": "overture-dc3264da80846d8e", "osm_id": "602665951", "theme": "buildings", "type": "building", "subtype": "building", "class": "yes", "names": null, "height": 6.4, "num_floors": 2, "sources": [{"dataset": "OpenStreetMap", "record_id": "602665951"}], "update_time": "2024-11-13", "version": 1, "confidence": 0.85, "bbox": {"xmin": -2.1701204, "ymin": 42.9167266, "xmax": -2.1699546, "ymax": 42.9169328}}}, {"type": "Feature", "geometry": {"type": "Polygon", "coordinates": [[[-2.1753368, 42.9162907], [-2.1752949, 42.9163727], [-2.1753846, 42.9164008], [-2.1754267, 42.9163187], [-2.1753368, 42.9162907]]]}, "properties": {"id": "overture-3ab53928b449f42d", "osm_id": "602667447", "theme": "buildings", "type": "building", "subtype": "building", "class": "yes", "names": null, "height": 6.4, "num_floors": 2, "sources": [{"dataset": "OpenStreetMap", "record_id": "602667447"}], "update_time": "2024-11-13", "version": 1, "confidence": 0.85, "bbox": {"xmin": -2.1754267, "ymin": 42.9162907, "xmax": -2.1752949, "ymax": 42.9164008}}}, {"type": "Feature", "geometry": {"type": "Polygon", "coordinates": [[[-2.1939092, 42.8831519], [-2.1938472, 42.883153], [-2.1938436, 42.8830305], [-2.1939056, 42.8830294], [-2.1939092, 42.8831519]]]}, "properties": {"id": "overture-4e7af7e19bef234c", "osm_id": "625507906", "theme": "buildings", "type": "building", "subtype": "building", "class": "yes", "names": null, "height": 6.4, "num_floors": 2, "sources": [{"dataset": "OpenStreetMap", "record_id": "625507906"}], "update_time": "2024-11-13", "version": 1, "confidence": 0.85, "bbox": {"xmin": -2.1939092, "ymin": 42.8830294, "xmax": -2.1938436, "ymax": 42.883153}}}, {"type": "Feature", "geometry": {"type": "Polygon", "coordinates": [[[-2.1830412, 42.9041448], [-2.1829279, 42.9041769], [-2.1829347, 42.9041916], [-2.1828296, 42.9042214], [-2.1828926, 42.9043569], [-2.1830202, 42.9043208], [-2.1830891, 42.9044693], [-2.183161, 42.904449], [-2.1831388, 42.9044011], [-2.1831579, 42.9043957], [-2.1831444, 42.9043668], [-2.1831742, 42.9043583], [-2.1831173, 42.9042355], [-2.1830872, 42.904244], [-2.1830412, 42.9041448]]]}, "properties": {"id": "overture-046f31e97b0e14d8", "osm_id": "625507917", "theme": "buildings", "type": "building", "subtype": "building", "class": "yes", "names": null, "height": 6.4, "num_floors": 2, "sources": [{"dataset": "OpenStreetMap", "record_id": "625507917"}], "update_time": "2024-11-13", "version": 1, "confidence": 0.85, "bbox": {"xmin": -2.1831742, "ymin": 42.9041448, "xmax": -2.1828296, "ymax": 42.9044693}}}, {"type": "Feature", "geometry": {"type": "Polygon", "coordinates": [[[-2.1800213, 42.9033952], [-2.1798915, 42.9035127], [-2.1797859, 42.9034413], [-2.1799156, 42.9033239], [-2.1800213, 42.9033952]]]}, "properties": {"id": "overture-35fbde703104f1ff", "osm_id": "625507919", "theme": "buildings", "type": "building", "subtype": "building", "class": "yes", "names": null, "height": 6.4, "num_floors": 2, "sources": [{"dataset": "OpenStreetMap", "record_id": "625507919"}], "update_time": "2024-11-13", "version": 1, "confidence": 0.85, "bbox": {"xmin": -2.1800213, "ymin": 42.9033239, "xmax": -2.1797859, "ymax": 42.9035127}}}, {"type": "Feature", "geometry": {"type": "Polygon", "coordinates": [[[-2.1783835, 42.9026816], [-2.1783478, 42.9027572], [-2.1784326, 42.9027816], [-2.1784682, 42.902706], [-2.1783835, 42.9026816]]]}, "properties": {"id": "overture-ac1011efa8cb2343", "osm_id": "625507925", "theme": "buildings", "type": "building", "subtype": "building", "class": "yes", "names": null, "height": 6.4, "num_floors": 2, "sources": [{"dataset": "OpenStreetMap", "record_id": "625507925"}], "update_time": "2024-11-13", "version": 1, "confidence": 0.85, "bbox": {"xmin": -2.1784682, "ymin": 42.9026816, "xmax": -2.1783478, "ymax": 42.9027816}}}, {"type": "Feature", "geometry": {"type": "Polygon", "coordinates": [[[-2.1785481, 42.9028316], [-2.1785137, 42.9028909], [-2.1785866, 42.902917], [-2.1785966, 42.9029], [-2.1786086, 42.9029042], [-2.1786206, 42.9028837], [-2.1786043, 42.9028779], [-2.1786171, 42.9028561], [-2.1785481, 42.9028316]]]}, "properties": {"id": "overture-73651db87876885b", "osm_id": "625507926", "theme": "buildings", "type": "building", "subtype": "building", "class": "yes", "names": null, "height": 6.4, "num_floors": 2, "sources": [{"dataset": "OpenStreetMap", "record_id": "625507926"}], "update_time": "2024-11-13", "version": 1, "confidence": 0.85, "bbox": {"xmin": -2.1786206, "ymin": 42.9028316, "xmax": -2.1785137, "ymax": 42.902917}}}, {"type": "Feature", "geometry": {"type": "Polygon", "coordinates": [[[-2.1766131, 42.9030055], [-2.1764496, 42.9030376], [-2.1764778, 42.9031254], [-2.1764547, 42.90313], [-2.1764896, 42.9032387], [-2.1766114, 42.9032148], [-2.1766028, 42.9031882], [-2.1766502, 42.9031789], [-2.1766258, 42.9031028], [-2.1766433, 42.9030994], [-2.1766131, 42.9030055]]]}, "properties": {"id": "overture-3dcfab4934885846", "osm_id": "625508691", "theme": "buildings", "type": "building", "subtype": "house", "class": "house", "names": null, "height": 6.4, "num_floors": 2, "sources": [{"dataset": "OpenStreetMap", "record_id": "625508691"}], "update_time": "2024-11-13", "version": 1, "confidence": 0.85, "bbox": {"xmin": -2.1766502, "ymin": 42.9030055, "xmax": -2.1764496, "ymax": 42.9032387}}}, {"type": "Feature", "geometry": {"type": "Polygon", "coordinates": [[[-2.176232, 42.9034191], [-2.1760943, 42.9034773], [-2.1761894, 42.903615], [-2.1763271, 42.9035569], [-2.176232, 42.9034191]]]}, "properties": {"id": "overture-622e430dd5ea4121", "osm_id": "625508692", "theme": "buildings", "type": "building", "subtype": "house", "class": "house", "names": null, "height": 6.4, "num_floors": 2, "sources": [{"dataset": "OpenStreetMap", "record_id": "625508692"}], "update_time": "2024-11-13", "version": 1, "confidence": 0.85, "bbox": {"xmin": -2.1763271, "ymin": 42.9034191, "xmax": -2.1760943, "ymax": 42.903615}}}, {"type": "Feature", "geometry": {"type": "Polygon", "coordinates": [[[-2.1764861, 42.9038138], [-2.1766019, 42.9039555], [-2.1767116, 42.9039006], [-2.1765958, 42.9037589], [-2.1764861, 42.9038138]]]}, "properties": {"id": "overture-393a440abc9409f7", "osm_id": "625508693", "theme": "buildings", "type": "building", "subtype": "house", "class": "house", "names": null, "height": 6.4, "num_floors": 2, "sources": [{"dataset": "OpenStreetMap", "record_id": "625508693"}], "update_time": "2024-11-13", "version": 1, "confidence": 0.85, "bbox": {"xmin": -2.1767116, "ymin": 42.9037589, "xmax": -2.1764861, "ymax": 42.9039555}}}, {"type": "Feature", "geometry": {"type": "Polygon", "coordinates": [[[-2.1770923, 42.904919], [-2.1769522, 42.90497], [-2.177005, 42.9050588], [-2.1771452, 42.9050078], [-2.1770923, 42.904919]]]}, "properties": {"id": "overture-e489682ceaee165a", "osm_id": "625508694", "theme": "buildings", "type": "building", "subtype": "house", "class": "house", "names": null, "height": 6.4, "num_floors": 2, "sources": [{"dataset": "OpenStreetMap", "record_id": "625508694"}], "update_time": "2024-11-13", "version": 1, "confidence": 0.85, "bbox": {"xmin": -2.1771452, "ymin": 42.904919, "xmax": -2.1769522, "ymax": 42.9050588}}}, {"type": "Feature", "geometry": {"type": "Polygon", "coordinates": [[[-2.177597, 42.9048333], [-2.1774772, 42.90487], [-2.1773562, 42.9046285], [-2.1774542, 42.9045985], [-2.1775003, 42.9046904], [-2.177522, 42.9046837], [-2.177597, 42.9048333]]]}, "properties": {"id": "overture-b717e125e7e3e451", "osm_id": "625508695", "theme": "buildings", "type": "building", "subtype": "house", "class": "house", "names": null, "height": 6.4, "num_floors": 2, "sources": [{"dataset": "OpenStreetMap", "record_id": "625508695"}], "update_time": "2024-11-13", "version": 1, "confidence": 0.85, "bbox": {"xmin": -2.177597, "ymin": 42.9045985, "xmax": -2.1773562, "ymax": 42.90487}}}, {"type": "Feature", "geometry": {"type": "Polygon", "coordinates": [[[-2.1782144, 42.9047117], [-2.1779766, 42.9047781], [-2.1780334, 42.9049021], [-2.1781473, 42.9048703], [-2.1781397, 42.9048536], [-2.1782633, 42.904819], [-2.1782144, 42.9047117]]]}, "properties": {"id": "overture-d5612395050eb4cf", "osm_id": "625508696", "theme": "buildings", "type": "building", "subtype": "house", "class": "house", "names": null, "height": 6.4, "num_floors": 2, "sources": [{"dataset": "OpenStreetMap", "record_id": "625508696"}], "update_time": "2024-11-13", "version": 1, "confidence": 0.85, "bbox": {"xmin": -2.1782633, "ymin": 42.9047117, "xmax": -2.1779766, "ymax": 42.9049021}}}, {"type": "Feature", "geometry": {"type": "Polygon", "coordinates": [[[-2.1746506, 42.89415], [-2.1738231, 42.8943773], [-2.173692, 42.8940856], [-2.1745192, 42.8938581], [-2.1746506, 42.89415]]]}, "properties": {"id": "overture-f51f05aa663df777", "osm_id": "760502513", "theme": "buildings", "type": "building", "subtype": "building", "class": "yes", "names": null, "height": 6.4, "num_floors": 2, "sources": [{"dataset": "OpenStreetMap", "record_id": "760502513"}], "update_time": "2024-11-13", "version": 1, "confidence": 0.85, "bbox": {"xmin": -2.1746506, "ymin": 42.8938581, "xmax": -2.173692, "ymax": 42.8943773}}}, {"type": "Feature", "geometry": {"type": "Polygon", "coordinates": [[[-2.1748205, 42.8945502], [-2.1740165, 42.8947625], [-2.1738959, 42.8945031], [-2.1740416, 42.8944677], [-2.1740969, 42.8945895], [-2.1745844, 42.8944677], [-2.1745191, 42.8943184], [-2.174705, 42.8942634], [-2.1748205, 42.8945502]]]}, "properties": {"id": "overture-3d13f721cfa71440", "osm_id": "760502514", "theme": "buildings", "type": "building", "subtype": "building", "class": "yes", "names": null, "height": 6.4, "num_floors": 2, "sources": [{"dataset": "OpenStreetMap", "record_id": "760502514"}], "update_time": "2024-11-13", "version": 1, "confidence": 0.85, "bbox": {"xmin": -2.1748205, "ymin": 42.8942634, "xmax": -2.1738959, "ymax": 42.8947625}}}, {"type": "Feature", "geometry": {"type": "Polygon", "coordinates": [[[-2.1752779, 42.8943459], [-2.1751121, 42.8943891], [-2.1749965, 42.8941533], [-2.1751624, 42.8941101], [-2.1752779, 42.8943459]]]}, "properties": {"id": "overture-87506620d4a8d229", "osm_id": "760502515", "theme": "buildings", "type": "building", "subtype": "building", "class": "yes", "names": null, "height": 6.4, "num_floors": 2, "sources": [{"dataset": "OpenStreetMap", "record_id": "760502515"}], "update_time": "2024-11-13", "version": 1, "confidence": 0.85, "bbox": {"xmin": -2.1752779, "ymin": 42.8941101, "xmax": -2.1749965, "ymax": 42.8943891}}}, {"type": "Feature", "geometry": {"type": "Polygon", "coordinates": [[[-2.175082, 42.8940472], [-2.1749513, 42.8940904], [-2.1748608, 42.8939057], [-2.1749965, 42.8938704], [-2.175082, 42.8940472]]]}, "properties": {"id": "overture-79dd8fd6751295c7", "osm_id": "760502516", "theme": "buildings", "type": "building", "subtype": "building", "class": "yes", "names": null, "height": 6.4, "num_floors": 2, "sources": [{"dataset": "OpenStreetMap", "record_id": "760502516"}], "update_time": "2024-11-13", "version": 1, "confidence": 0.85, "bbox": {"xmin": -2.175082, "ymin": 42.8938704, "xmax": -2.1748608, "ymax": 42.8940904}}}, {"type": "Feature", "geometry": {"type": "Polygon", "coordinates": [[[-2.1746497, 42.8933437], [-2.174524, 42.8933712], [-2.1744135, 42.8931629], [-2.1742275, 42.8928485], [-2.1743482, 42.8928014], [-2.1745443, 42.8931236], [-2.1746497, 42.8933437]]]}, "properties": {"id": "overture-dac80e70c13b2a3c", "osm_id": "760502517", "theme": "buildings", "type": "building", "subtype": "building", "class": "yes", "names": null, "height": 6.4, "num_floors": 2, "sources": [{"dataset": "OpenStreetMap", "record_id": "760502517"}], "update_time": "2024-11-13", "version": 1, "confidence": 0.85, "bbox": {"xmin": -2.1746497, "ymin": 42.8928014, "xmax": -2.1742275, "ymax": 42.8933712}}}, {"type": "Feature", "geometry": {"type": "Polygon", "coordinates": [[[-2.1741321, 42.8927031], [-2.1738758, 42.8924516], [-2.1736496, 42.8923022], [-2.173735, 42.8922236], [-2.1739763, 42.8924044], [-2.1742124, 42.8926481], [-2.1741321, 42.8927031]]]}, "properties": {"id": "overture-ed3a5250de1e90f7", "osm_id": "760502518", "theme": "buildings", "type": "building", "subtype": "building", "class": "yes", "names": null, "height": 6.4, "num_floors": 2, "sources": [{"dataset": "OpenStreetMap", "record_id": "760502518"}], "update_time": "2024-11-13", "version": 1, "confidence": 0.85, "bbox": {"xmin": -2.1742124, "ymin": 42.8922236, "xmax": -2.1736496, "ymax": 42.8927031}}}, {"type": "Feature", "geometry": {"type": "Polygon", "coordinates": [[[-2.1736999, 42.8926245], [-2.1731068, 42.8927699], [-2.1732124, 42.893049], [-2.1738306, 42.8928878], [-2.1736999, 42.8926245]]]}, "properties": {"id": "overture-b55d86451fb1a80f", "osm_id": "760502519", "theme": "buildings", "type": "building", "subtype": "building", "class": "yes", "names": null, "height": 0.445, "num_floors": 2, "sources": [{"dataset": "OpenStreetMap", "record_id": "760502519"}, {"dataset": "IGN_LIDAR_PNOA_3", "record_id": "lidar_760502519", "height_source": "lidar_dtm"}], "update_time": "2024-11-13", "version": 1, "confidence": 0.85, "bbox": {"xmin": -2.1738306, "ymin": 42.8926245, "xmax": -2.1731068, "ymax": 42.893049}}}, {"type": "Feature", "geometry": {"type": "Polygon", "coordinates": [[[-2.1731219, 42.8930922], [-2.1729811, 42.8928053], [-2.1720564, 42.8930608], [-2.172167, 42.8933319], [-2.1731219, 42.8930922]]]}, "properties": {"id": "overture-86b57898055b7842", "osm_id": "760502520", "theme": "buildings", "type": "building", "subtype": "building", "class": "yes", "names": null, "height": 1.499, "num_floors": 2, "sources": [{"dataset": "OpenStreetMap", "record_id": "760502520"}, {"dataset": "IGN_LIDAR_PNOA_3", "record_id": "lidar_760502520", "height_source": "lidar_dtm"}], "update_time": "2024-11-13", "version": 1, "confidence": 0.85, "bbox": {"xmin": -2.1731219, "ymin": 42.8928053, "xmax": -2.1720564, "ymax": 42.8933319}}}, {"type": "Feature", "geometry": {"type": "Polygon", "coordinates": [[[-2.1729108, 42.8927188], [-2.1720112, 42.8929507], [-2.1718655, 42.8926599], [-2.1719057, 42.8926245], [-2.1722072, 42.892483], [-2.1724384, 42.8923769], [-2.172745, 42.892314], [-2.1729108, 42.8927188]]]}, "properties": {"id": "overture-3ac3a3bcd29b8804", "osm_id": "760502521", "theme": "buildings", "type": "building", "subtype": "building", "class": "yes", "names": null, "height": 7.22, "num_floors": 2, "sources": [{"dataset": "OpenStreetMap", "record_id": "760502521"}, {"dataset": "IGN_LIDAR_PNOA_3", "record_id": "lidar_760502521", "height_source": "lidar_dtm"}], "update_time": "2024-11-13", "version": 1, "confidence": 0.85, "bbox": {"xmin": -2.1729108, "ymin": 42.892314, "xmax": -2.1718655, "ymax": 42.8929507}}}, {"type": "Feature", "geometry": {"type": "Polygon", "coordinates": [[[-2.1718345, 42.8929913], [-2.1717297, 42.8927188], [-2.1712976, 42.8929153], [-2.171378, 42.8931118], [-2.1718345, 42.8929913]]]}, "properties": {"id": "overture-f8304f8c070b6a81", "osm_id": "760502522", "theme": "buildings", "type": "building", "subtype": "building", "class": "yes", "names": null, "height": 0.907, "num_floors": 2, "sources": [{"dataset": "OpenStreetMap", "record_id": "760502522"}, {"dataset": "IGN_LIDAR_PNOA_3", "record_id": "lidar_760502522", "height_source": "lidar_dtm"}], "update_time": "2024-11-13", "version": 1, "confidence": 0.85, "bbox": {"xmin": -2.1718345, "ymin": 42.8927188, "xmax": -2.1712976, "ymax": 42.8931118}}}, {"type": "Feature", "geometry": {"type": "Polygon", "coordinates": [[[-2.1739976, 42.8932755], [-2.173396, 42.8934339], [-2.1732745, 42.8931518], [-2.1738762, 42.8929933], [-2.1739976, 42.8932755]]]}, "properties": {"id": "overture-02f43a9c4b354322", "osm_id": "760502523", "theme": "buildings", "type": "building", "subtype": "apartments", "class": "apartments", "names": null, "height": 6.4, "num_floors": 3, "sources": [{"dataset": "OpenStreetMap", "record_id": "760502523"}], "update_time": "2024-11-13", "version": 1, "confidence": 0.85, "bbox": {"xmin": -2.1739976, "ymin": 42.8929933, "xmax": -2.1732745, "ymax": 42.8934339}}}, {"type": "Feature", "geometry": {"type": "Polygon", "coordinates": [[[-2.1742779, 42.8938233], [-2.1740874, 42.8933632], [-2.1734407, 42.8935271], [-2.1735014, 42.8936734], [-2.1736401, 42.8936382], [-2.1737103, 42.8938076], [-2.1736038, 42.8938346], [-2.1736636, 42.893979], [-2.1742779, 42.8938233]]]}, "properties": {"id": "overture-d7067e15a8e58f1d", "osm_id": "760502524", "theme": "buildings", "type": "building", "subtype": "apartments", "class": "apartments", "names": null, "height": 0.808, "num_floors": 2, "sources": [{"dataset": "OpenStreetMap", "record_id": "760502524"}, {"dataset": "IGN_LIDAR_PNOA_3", "record_id": "lidar_760502524", "height_source": "lidar_dtm"}], "update_time": "2024-11-13", "version": 1, "confidence": 0.85, "bbox": {"xmin": -2.1742779, "ymin": 42.8933632, "xmax": -2.1734407, "ymax": 42.893979}}}, {"type": "Feature", "geometry": {"type": "Polygon", "coordinates": [[[-2.1737337, 42.8945286], [-2.1733077, 42.8946539], [-2.1733263, 42.8946925], [-2.1729138, 42.894814], [-2.1730111, 42.8950159], [-2.1736697, 42.894822], [-2.1736827, 42.8948488], [-2.1738623, 42.8947959], [-2.1737337, 42.8945286]]]}, "properties": {"id": "overture-758d5b75c3607ef6", "osm_id": "760502525", "theme": "buildings", "type": "building", "subtype": "building", "class": "yes", "names": null, "height": 14.16, "num_floors": 2, "sources": [{"dataset": "OpenStreetMap", "record_id": "760502525"}, {"dataset": "IGN_LIDAR_PNOA_3", "record_id": "lidar_760502525", "height_source": "lidar_dtm"}], "update_time": "2024-11-13", "version": 1, "confidence": 0.85, "bbox": {"xmin": -2.1738623, "ymin": 42.8945286, "xmax": -2.1729138, "ymax": 42.8950159}}}, {"type": "Feature", "geometry": {"type": "Polygon", "coordinates": [[[-2.174499, 42.8962637], [-2.1743733, 42.8962205], [-2.1744688, 42.8961497], [-2.1745542, 42.8962126], [-2.174499, 42.8962637]]]}, "properties": {"id": "overture-6ee8afdaa27bf195", "osm_id": "760502526", "theme": "buildings", "type": "building", "subtype": "building", "class": "yes", "names": null, "height": 6.4, "num_floors": 2, "sources": [{"dataset": "OpenStreetMap", "record_id": "760502526"}], "update_time": "2024-11-13", "version": 1, "confidence": 0.85, "bbox": {"xmin": -2.1745542, "ymin": 42.8961497, "xmax": -2.1743733, "ymax": 42.8962637}}}, {"type": "Feature", "geometry": {"type": "Polygon", "coordinates": [[[-2.1731722, 42.8962942], [-2.1729184, 42.8959876], [-2.1731143, 42.8958953], [-2.1733758, 42.896192], [-2.1731722, 42.8962942]]]}, "properties": {"id": "overture-dc3a6ac69c1afa68", "osm_id": "760502527", "theme": "buildings", "type": "building", "subtype": "building", "class": "yes", "names": null, "height": 15.334, "num_floors": 2, "sources": [{"dataset": "OpenStreetMap", "record_id": "760502527"}, {"dataset": "IGN_LIDAR_PNOA_3", "record_id": "lidar_760502527", "height_source": "lidar_dtm"}], "update_time": "2024-11-13", "version": 1, "confidence": 0.85, "bbox": {"xmin": -2.1733758, "ymin": 42.8958953, "xmax": -2.1729184, "ymax": 42.8962942}}}, {"type": "Feature", "geometry": {"type": "Polygon", "coordinates": [[[-2.1734461, 42.8955337], [-2.1735251, 42.8956075], [-2.1735491, 42.89563], [-2.1734864, 42.8957047], [-2.1733983, 42.8956516], [-2.173338, 42.8955868], [-2.1734461, 42.8955337]]]}, "properties": {"id": "overture-5a35f06fceb81804", "osm_id": "760502528", "theme": "buildings", "type": "building", "subtype": "building", "class": "yes", "names": null, "height": 2.621, "num_floors": 2, "sources": [{"dataset": "OpenStreetMap", "record_id": "760502528"}, {"dataset": "IGN_LIDAR_PNOA_3", "record_id": "lidar_760502528", "height_source": "lidar_dtm"}], "update_time": "2024-11-13", "version": 1, "confidence": 0.85, "bbox": {"xmin": -2.1735491, "ymin": 42.8955337, "xmax": -2.173338, "ymax": 42.8957047}}}, {"type": "Feature", "geometry": {"type": "Polygon", "coordinates": [[[-2.1734989, 42.8957263], [-2.1736094, 42.8956064], [-2.1740116, 42.8958737], [-2.1738859, 42.8959857], [-2.1734989, 42.8957263]]]}, "properties": {"id": "overture-14ae27760352f444", "osm_id": "760502529", "theme": "buildings", "type": "building", "subtype": "building", "class": "yes", "names": null, "height": 5.605, "num_floors": 2, "sources": [{"dataset": "OpenStreetMap", "record_id": "760502529"}, {"dataset": "IGN_LIDAR_PNOA_3", "record_id": "lidar_760502529", "height_source": "lidar_dtm"}], "update_time": "2024-11-13", "version": 1, "confidence": 0.85, "bbox": {"xmin": -2.1740116, "ymin": 42.8956064, "xmax": -2.1734989, "ymax": 42.8959857}}}, {"type": "Feature", "geometry": {"type": "Polygon", "coordinates": [[[-2.1743457, 42.8961989], [-2.1740919, 42.8960878], [-2.1739135, 42.8959837], [-2.1739864, 42.8959208], [-2.1741472, 42.8960053], [-2.1744286, 42.8961291], [-2.1743457, 42.8961989]]]}, "properties": {"id": "overture-3ef624aa536598e5", "osm_id": "760502530", "theme": "buildings", "type": "building", "subtype": "building", "class": "yes", "names": null, "height": 6.4, "num_floors": 2, "sources": [{"dataset": "OpenStreetMap", "record_id": "760502530"}], "update_time": "2024-11-13", "version": 1, "confidence": 0.85, "bbox": {"xmin": -2.1744286, "ymin": 42.8959208, "xmax": -2.1739135, "ymax": 42.8961989}}}, {"type": "Feature", "geometry": {"type": "Polygon", "coordinates": [[[-2.1740919, 42.8959562], [-2.1740617, 42.8959149], [-2.1741874, 42.8958403], [-2.1742275, 42.8958953], [-2.1740919, 42.8959562]]]}, "properties": {"id": "overture-cbdd576f737d8801", "osm_id": "760502531", "theme": "buildings", "type": "building", "subtype": "building", "class": "yes", "names": null, "height": 6.4, "num_floors": 2, "sources": [{"dataset": "OpenStreetMap", "record_id": "760502531"}], "update_time": "2024-11-13", "version": 1, "confidence": 0.85, "bbox": {"xmin": -2.1742275, "ymin": 42.8958403, "xmax": -2.1740617, "ymax": 42.8959562}}}, {"type": "Feature", "geometry": {"type": "Polygon", "coordinates": [[[-2.1725837, 42.8921873], [-2.1723877, 42.8922521], [-2.1723323, 42.892146], [-2.1725284, 42.8920871], [-2.1725837, 42.8921873]]]}, "properties": {"id": "overture-1724e44c138518e1", "osm_id": "760502532", "theme": "buildings", "type": "building", "subtype": "building", "class": "yes", "names": null, "height": 6.4, "num_floors": 2, "sources": [{"dataset": "OpenStreetMap", "record_id": "760502532"}], "update_time": "2024-11-13", "version": 1, "confidence": 0.85, "bbox": {"xmin": -2.1725837, "ymin": 42.8920871, "xmax": -2.1723323, "ymax": 42.8922521}}}, {"type": "Feature", "geometry": {"type": "Polygon", "coordinates": [[[-2.1723451, 42.8922659], [-2.1722822, 42.8921716], [-2.172144, 42.8922266], [-2.1722168, 42.8923209], [-2.1723451, 42.8922659]]]}, "properties": {"id": "overture-6e01c16db975b783", "osm_id": "760502533", "theme": "buildings", "type": "building", "subtype": "building", "class": "yes", "names": null, "height": 6.4, "num_floors": 2, "sources": [{"dataset": "OpenStreetMap", "record_id": "760502533"}], "update_time": "2024-11-13", "version": 1, "confidence": 0.85, "bbox": {"xmin": -2.1723451, "ymin": 42.8921716, "xmax": -2.172144, "ymax": 42.8923209}}}, {"type": "Feature", "geometry": {"type": "Polygon", "coordinates": [[[-2.1721917, 42.8923366], [-2.1721138, 42.8922344], [-2.1719831, 42.8922973], [-2.1720535, 42.8923916], [-2.1721917, 42.8923366]]]}, "properties": {"id": "overture-1c716bf66434eb82", "osm_id": "760502534", "theme": "buildings", "type": "building", "subtype": "building", "class": "yes", "names": null, "height": 6.4, "num_floors": 2, "sources": [{"dataset": "OpenStreetMap", "record_id": "760502534"}], "update_time": "2024-11-13", "version": 1, "confidence": 0.85, "bbox": {"xmin": -2.1721917, "ymin": 42.8922344, "xmax": -2.1719831, "ymax": 42.8923916}}}, {"type": "Feature", "geometry": {"type": "Polygon", "coordinates": [[[-2.1716866, 42.8925567], [-2.1715584, 42.8926078], [-2.1714856, 42.8925017], [-2.1716188, 42.8924486], [-2.1716866, 42.8925567]]]}, "properties": {"id": "overture-4893a3bb6a9a4314", "osm_id": "760502535", "theme": "buildings", "type": "building", "subtype": "building", "class": "yes", "names": null, "height": 6.4, "num_floors": 2, "sources": [{"dataset": "OpenStreetMap", "record_id": "760502535"}], "update_time": "2024-11-13", "version": 1, "confidence": 0.85, "bbox": {"xmin": -2.1716866, "ymin": 42.8924486, "xmax": -2.1714856, "ymax": 42.8926078}}}, {"type": "Feature", "geometry": {"type": "Polygon", "coordinates": [[[-2.1715359, 42.8926196], [-2.1714002, 42.8926746], [-2.1713297, 42.8925685], [-2.1714604, 42.8925194], [-2.1715359, 42.8926196]]]}, "properties": {"id": "overture-c95d7ef8dc89633f", "osm_id": "760502536", "theme": "buildings", "type": "building", "subtype": "building", "class": "yes", "names": null, "height": 6.4, "num_floors": 2, "sources": [{"dataset": "OpenStreetMap", "record_id": "760502536"}], "update_time": "2024-11-13", "version": 1, "confidence": 0.85, "bbox": {"xmin": -2.1715359, "ymin": 42.8925194, "xmax": -2.1713297, "ymax": 42.8926746}}}, {"type": "Feature", "geometry": {"type": "Polygon", "coordinates": [[[-2.1713826, 42.8926864], [-2.1711915, 42.892765], [-2.1711187, 42.8926589], [-2.1713097, 42.8925842], [-2.1713826, 42.8926864]]]}, "properties": {"id": "overture-ab763ddbc4fd7c6a", "osm_id": "760502537", "theme": "buildings", "type": "building", "subtype": "building", "class": "yes", "names": null, "height": 1.971, "num_floors": 2, "sources": [{"dataset": "OpenStreetMap", "record_id": "760502537"}, {"dataset": "IGN_LIDAR_PNOA_3", "record_id": "lidar_760502537", "height_source": "lidar_dtm"}], "update_time": "2024-11-13", "version": 1, "confidence": 0.85, "bbox": {"xmin": -2.1713826, "ymin": 42.8925842, "xmax": -2.1711187, "ymax": 42.892765}}}, {"type": "Feature", "geometry": {"type": "Polygon", "coordinates": [[[-2.171081, 42.8928593], [-2.1709479, 42.8929261], [-2.1708674, 42.8928161], [-2.1710032, 42.8927532], [-2.171081, 42.8928593]]]}, "properties": {"id": "overture-8e79bf36c1795268", "osm_id": "760502538", "theme": "buildings", "type": "building", "subtype": "building", "class": "yes", "names": null, "height": 0.911, "num_floors": 2, "sources": [{"dataset": "OpenStreetMap", "record_id": "760502538"}, {"dataset": "IGN_LIDAR_PNOA_3", "record_id": "lidar_760502538", "height_source": "lidar_dtm"}], "update_time": "2024-11-13", "version": 1, "confidence": 0.85, "bbox": {"xmin": -2.171081, "ymin": 42.8927532, "xmax": -2.1708674, "ymax": 42.8929261}}}, {"type": "Feature", "geometry": {"type": "Polygon", "coordinates": [[[-2.1708799, 42.8929438], [-2.1707317, 42.8930087], [-2.1706739, 42.892932], [-2.1708298, 42.8928652], [-2.1708799, 42.8929438]]]}, "properties": {"id": "overture-8ab53c024c5f3009", "osm_id": "760502539", "theme": "buildings", "type": "building", "subtype": "building", "class": "yes", "names": null, "height": 0.907, "num_floors": 2, "sources": [{"dataset": "OpenStreetMap", "record_id": "760502539"}, {"dataset": "IGN_LIDAR_PNOA_3", "record_id": "lidar_760502539", "height_source": "lidar_dtm"}], "update_time": "2024-11-13", "version": 1, "confidence": 0.85, "bbox": {"xmin": -2.1708799, "ymin": 42.8928652, "xmax": -2.1706739, "ymax": 42.8930087}}}, {"type": "Feature", "geometry": {"type": "Polygon", "coordinates": [[[-2.170684, 42.8930185], [-2.1706312, 42.8929399], [-2.1705432, 42.8929792], [-2.1705985, 42.8930598], [-2.170684, 42.8930185]]]}, "properties": {"id": "overture-e73f7980b6535d82", "osm_id": "760502540", "theme": "buildings", "type": "building", "subtype": "building", "class": "yes", "names": null, "height": 2.552, "num_floors": 2, "sources": [{"dataset": "OpenStreetMap", "record_id": "760502540"}, {"dataset": "IGN_LIDAR_PNOA_3", "record_id": "lidar_760502540", "height_source": "lidar_dtm"}], "update_time": "2024-11-13", "version": 1, "confidence": 0.85, "bbox": {"xmin": -2.170684, "ymin": 42.8929399, "xmax": -2.1705432, "ymax": 42.8930598}}}, {"type": "Feature", "geometry": {"type": "Polygon", "coordinates": [[[-2.1701815, 42.893215], [-2.1700457, 42.8930775], [-2.1702191, 42.8930106], [-2.170312, 42.8931659], [-2.1701815, 42.893215]]]}, "properties": {"id": "overture-64410ce76aa984b3", "osm_id": "760502541", "theme": "buildings", "type": "building", "subtype": "building", "class": "yes", "names": null, "height": 6.4, "num_floors": 2, "sources": [{"dataset": "OpenStreetMap", "record_id": "760502541"}], "update_time": "2024-11-13", "version": 1, "confidence": 0.85, "bbox": {"xmin": -2.170312, "ymin": 42.8930106, "xmax": -2.1700457, "ymax": 42.893215}}}, {"type": "Feature", "geometry": {"type": "Polygon", "coordinates": [[[-2.1701638, 42.8932582], [-2.1699753, 42.8933368], [-2.1699151, 42.8932406], [-2.1701035, 42.8931698], [-2.1701638, 42.8932582]]]}, "properties": {"id": "overture-0b293cea24aa8b56", "osm_id": "760502542", "theme": "buildings", "type": "building", "subtype": "building", "class": "yes", "names": null, "height": 1.31, "num_floors": 2, "sources": [{"dataset": "OpenStreetMap", "record_id": "760502542"}, {"dataset": "IGN_LIDAR_PNOA_3", "record_id": "lidar_760502542", "height_source": "lidar_dtm"}], "update_time": "2024-11-13", "version": 1, "confidence": 0.85, "bbox": {"xmin": -2.1701638, "ymin": 42.8931698, "xmax": -2.1699151, "ymax": 42.8933368}}}, {"type": "Feature", "geometry": {"type": "Polygon", "coordinates": [[[-2.1699628, 42.8933604], [-2.1698623, 42.8934056], [-2.1698153, 42.8933239], [-2.1697944, 42.8932877], [-2.1698874, 42.8932602], [-2.1699628, 42.8933604]]]}, "properties": {"id": "overture-735820b391e55056", "osm_id": "760502543", "theme": "buildings", "type": "building", "subtype": "building", "class": "yes", "names": null, "height": 6.4, "num_floors": 2, "sources": [{"dataset": "OpenStreetMap", "record_id": "760502543"}], "update_time": "2024-11-13", "version": 1, "confidence": 0.85, "bbox": {"xmin": -2.1699628, "ymin": 42.8932602, "xmax": -2.1697944, "ymax": 42.8934056}}}, {"type": "Feature", "geometry": {"type": "Polygon", "coordinates": [[[-2.1698623, 42.8934056], [-2.1697215, 42.893441], [-2.1696738, 42.8933624], [-2.1698153, 42.8933239], [-2.1698623, 42.8934056]]]}, "properties": {"id": "overture-89760ac038e4acb9", "osm_id": "760502544", "theme": "buildings", "type": "building", "subtype": "building", "class": "yes", "names": null, "height": 6.4, "num_floors": 2, "sources": [{"dataset": "OpenStreetMap", "record_id": "760502544"}], "update_time": "2024-11-13", "version": 1, "confidence": 0.85, "bbox": {"xmin": -2.1698623, "ymin": 42.8933239, "xmax": -2.1696738, "ymax": 42.893441}}}, {"type": "Feature", "geometry": {"type": "Polygon", "coordinates": [[[-2.1697215, 42.893441], [-2.1696285, 42.8934783], [-2.1695708, 42.8933742], [-2.1696537, 42.8933408], [-2.1696738, 42.8933624], [-2.1697215, 42.893441]]]}, "properties": {"id": "overture-99d8b9d746d104c5", "osm_id": "760502545", "theme": "buildings", "type": "building", "subtype": "building", "class": "yes", "names": null, "height": 6.4, "num_floors": 2, "sources": [{"dataset": "OpenStreetMap", "record_id": "760502545"}], "update_time": "2024-11-13", "version": 1, "confidence": 0.85, "bbox": {"xmin": -2.1697215, "ymin": 42.8933408, "xmax": -2.1695708, "ymax": 42.8934783}}}, {"type": "Feature", "geometry": {"type": "Polygon", "coordinates": [[[-2.1695356, 42.8935333], [-2.1693948, 42.8935805], [-2.1693372, 42.8934803], [-2.1694778, 42.8934292], [-2.1695356, 42.8935333]]]}, "properties": {"id": "overture-aa87092960cb4ed2", "osm_id": "760502546", "theme": "buildings", "type": "building", "subtype": "building", "class": "yes", "names": null, "height": 6.4, "num_floors": 2, "sources": [{"dataset": "OpenStreetMap", "record_id": "760502546"}], "update_time": "2024-11-13", "version": 1, "confidence": 0.85, "bbox": {"xmin": -2.1695356, "ymin": 42.8934292, "xmax": -2.1693372, "ymax": 42.8935805}}}, {"type": "Feature", "geometry": {"type": "Polygon", "coordinates": [[[-2.1893123, 42.8819487], [-2.1893477, 42.8819649], [-2.1893745, 42.8819893], [-2.1893893, 42.8820193], [-2.1893904, 42.8820514], [-2.189378, 42.882082], [-2.1893531, 42.8821077], [-2.189319, 42.8821254], [-2.1892809, 42.8821332], [-2.1892417, 42.882131], [-2.1892055, 42.8821192], [-2.1891757, 42.882099], [-2.1891558, 42.8820725], [-2.1891479, 42.8820424], [-2.1891524, 42.8820119], [-2.1891692, 42.8819841], [-2.1891963, 42.8819619], [-2.1892312, 42.8819476], [-2.1892718, 42.8819428], [-2.1893123, 42.8819487]]]}, "properties": {"id": "overture-f4aeea2013de9b4f", "osm_id": "783770884", "theme": "buildings", "type": "building", "subtype": "industrial", "class": "industrial", "names": null, "height": 6.4, "num_floors": 2, "sources": [{"dataset": "OpenStreetMap", "record_id": "783770884"}], "update_time": "2024-11-13", "version": 1, "confidence": 0.85, "bbox": {"xmin": -2.1893904, "ymin": 42.8819428, "xmax": -2.1891479, "ymax": 42.8821332}}}, {"type": "Feature", "geometry": {"type": "Polygon", "coordinates": [[[-2.1890208, 42.8820697], [-2.1890564, 42.8820858], [-2.1890831, 42.8821102], [-2.1890978, 42.8821402], [-2.1890991, 42.8821724], [-2.1890867, 42.882203], [-2.1890618, 42.8822286], [-2.1890276, 42.8822464], [-2.1889895, 42.8822541], [-2.1889503, 42.8822519], [-2.1889141, 42.8822402], [-2.1888845, 42.88222], [-2.1888645, 42.8821934], [-2.1888565, 42.8821634], [-2.188861, 42.8821328], [-2.1888778, 42.882105], [-2.1889051, 42.8820828], [-2.1889399, 42.8820686], [-2.1889805, 42.8820637], [-2.1890208, 42.8820697]]]}, "properties": {"id": "overture-12ef405917e6cfde", "osm_id": "783770885", "theme": "buildings", "type": "building", "subtype": "industrial", "class": "industrial", "names": null, "height": 6.4, "num_floors": 2, "sources": [{"dataset": "OpenStreetMap", "record_id": "783770885"}], "update_time": "2024-11-13", "version": 1, "confidence": 0.85, "bbox": {"xmin": -2.1890991, "ymin": 42.8820637, "xmax": -2.1888565, "ymax": 42.8822541}}}, {"type": "Feature", "geometry": {"type": "Polygon", "coordinates": [[[-2.188742, 42.8821896], [-2.1887775, 42.8822057], [-2.1888041, 42.8822301], [-2.188819, 42.8822601], [-2.1888202, 42.8822922], [-2.1888077, 42.8823229], [-2.1887829, 42.8823485], [-2.1887486, 42.8823663], [-2.1887106, 42.882374], [-2.1886715, 42.8823718], [-2.188635, 42.88236], [-2.1886055, 42.8823398], [-2.1885856, 42.8823133], [-2.1885775, 42.8822832], [-2.1885822, 42.8822527], [-2.1885989, 42.8822249], [-2.1886261, 42.8822027], [-2.1886609, 42.8821885], [-2.1887016, 42.8821836], [-2.188742, 42.8821896]]]}, "properties": {"id": "overture-d25843fac9565b86", "osm_id": "783770886", "theme": "buildings", "type": "building", "subtype": "industrial", "class": "industrial", "names": null, "height": 6.4, "num_floors": 2, "sources": [{"dataset": "OpenStreetMap", "record_id": "783770886"}], "update_time": "2024-11-13", "version": 1, "confidence": 0.85, "bbox": {"xmin": -2.1888202, "ymin": 42.8821836, "xmax": -2.1885775, "ymax": 42.882374}}}, {"type": "Feature", "geometry": {"type": "Polygon", "coordinates": [[[-2.1884479, 42.8823173], [-2.1884835, 42.8823334], [-2.1885102, 42.8823579], [-2.188525, 42.8823879], [-2.1885263, 42.88242], [-2.1885138, 42.8824506], [-2.1884889, 42.8824763], [-2.1884547, 42.882494], [-2.1884166, 42.8825017], [-2.1883774, 42.8824996], [-2.1883411, 42.8824878], [-2.1883114, 42.8824676], [-2.1882916, 42.8824411], [-2.1882836, 42.882411], [-2.1882881, 42.8823805], [-2.1883049, 42.8823527], [-2.1883321, 42.8823305], [-2.188367, 42.8823162], [-2.1884076, 42.8823113], [-2.1884479, 42.8823173]]]}, "properties": {"id": "overture-7a337a7d3539f657", "osm_id": "783770887", "theme": "buildings", "type": "building", "subtype": "industrial", "class": "industrial", "names": null, "height": 6.4, "num_floors": 2, "sources": [{"dataset": "OpenStreetMap", "record_id": "783770887"}], "update_time": "2024-11-13", "version": 1, "confidence": 0.85, "bbox": {"xmin": -2.1885263, "ymin": 42.8823113, "xmax": -2.1882836, "ymax": 42.8825017}}}, {"type": "Feature", "geometry": {"type": "Polygon", "coordinates": [[[-2.1867521, 42.8830531], [-2.1866167, 42.8828679], [-2.1879814, 42.8822709], [-2.1880582, 42.8823761], [-2.1880974, 42.882452], [-2.1867521, 42.8830531]]]}, "properties": {"id": "overture-246741c61a8ac097", "osm_id": "783770888", "theme": "buildings", "type": "building", "subtype": "industrial", "class": "industrial", "names": null, "height": 6.4, "num_floors": 2, "sources": [{"dataset": "OpenStreetMap", "record_id": "783770888"}], "update_time": "2024-11-13", "version": 1, "confidence": 0.85, "bbox": {"xmin": -2.1880974, "ymin": 42.8822709, "xmax": -2.1866167, "ymax": 42.8830531}}}, {"type": "Feature", "geometry": {"type": "Polygon", "coordinates": [[[-2.1880582, 42.8823761], [-2.1887385, 42.8820724], [-2.1886619, 42.8819673], [-2.1879814, 42.8822709], [-2.1880582, 42.8823761]]]}, "properties": {"id": "overture-5b5852d3641f1494", "osm_id": "783770889", "theme": "buildings", "type": "building", "subtype": "industrial", "class": "industrial", "names": null, "height": 6.4, "num_floors": 2, "sources": [{"dataset": "OpenStreetMap", "record_id": "783770889"}], "update_time": "2024-11-13", "version": 1, "confidence": 0.85, "bbox": {"xmin": -2.1887385, "ymin": 42.8819673, "xmax": -2.1879814, "ymax": 42.8823761}}}, {"type": "Feature", "geometry": {"type": "Polygon", "coordinates": [[[-2.1894564, 42.8827104], [-2.1895632, 42.8828666], [-2.1897297, 42.882797], [-2.1896449, 42.8826727], [-2.1901198, 42.8824743], [-2.1903821, 42.8828585], [-2.1905896, 42.8827719], [-2.1903345, 42.8823977], [-2.19055, 42.8823081], [-2.1903704, 42.8820441], [-2.1891925, 42.8825337], [-2.1891698, 42.8825001], [-2.1891362, 42.8825137], [-2.1889984, 42.8823222], [-2.1870431, 42.8830275], [-2.1871356, 42.8831546], [-2.187614, 42.8829621], [-2.1877196, 42.8831226], [-2.1878546, 42.8830682], [-2.1878725, 42.8830953], [-2.1880347, 42.8830295], [-2.1879817, 42.8829498], [-2.1883361, 42.8828053], [-2.1883787, 42.8828691], [-2.1884614, 42.8828352], [-2.1885238, 42.882928], [-2.1885561, 42.8829147], [-2.1887228, 42.8831601], [-2.1886233, 42.8832016], [-2.1886913, 42.8833013], [-2.1889048, 42.8832121], [-2.1887607, 42.8830011], [-2.1894564, 42.8827104]]]}, "properties": {"id": "overture-5e42fe7ce3c96a97", "osm_id": "783770894", "theme": "buildings", "type": "building", "subtype": "industrial", "class": "industrial", "names": null, "height": 6.4, "num_floors": 2, "sources": [{"dataset": "OpenStreetMap", "record_id": "783770894"}], "update_time": "2024-11-13", "version": 1, "confidence": 0.85, "bbox": {"xmin": -2.1905896, "ymin": 42.8820441, "xmax": -2.1870431, "ymax": 42.8833013}}}, {"type": "Feature", "geometry": {"type": "Polygon", "coordinates": [[[-2.1884325, 42.8829726], [-2.1884786, 42.8830046], [-2.188508, 42.8830469], [-2.1885172, 42.8830945], [-2.1885052, 42.8831417], [-2.1884733, 42.8831829], [-2.1884253, 42.8832132], [-2.1883672, 42.8832289], [-2.1883112, 42.8832289], [-2.1882578, 42.8832154], [-2.1882126, 42.8831895], [-2.18818, 42.883154], [-2.1881629, 42.8831123], [-2.1881633, 42.8830684], [-2.1881811, 42.8830269], [-2.1882144, 42.8829917], [-2.1882602, 42.8829664], [-2.1883136, 42.8829534], [-2.1883752, 42.8829549], [-2.1884325, 42.8829726]]]}, "properties": {"id": "overture-e956620b5276c84b", "osm_id": "783770895", "theme": "buildings", "type": "building", "subtype": "industrial", "class": "industrial", "names": null, "height": 6.4, "num_floors": 2, "sources": [{"dataset": "OpenStreetMap", "record_id": "783770895"}], "update_time": "2024-11-13", "version": 1, "confidence": 0.85, "bbox": {"xmin": -2.1885172, "ymin": 42.8829534, "xmax": -2.1881629, "ymax": 42.8832289}}}, {"type": "Feature", "geometry": {"type": "Polygon", "coordinates": [[[-2.1902432, 42.8827057], [-2.1897952, 42.8828939], [-2.1897739, 42.8828628], [-2.1895235, 42.8829679], [-2.1895902, 42.8830653], [-2.1887184, 42.8834306], [-2.1886795, 42.8833738], [-2.1883541, 42.8835101], [-2.1884115, 42.8835941], [-2.1883004, 42.8836407], [-2.1883781, 42.8837543], [-2.1887111, 42.8836148], [-2.1887637, 42.8836916], [-2.1896259, 42.8833302], [-2.1896608, 42.8833811], [-2.1900353, 42.8832239], [-2.1899999, 42.8831722], [-2.1903032, 42.8830448], [-2.1902831, 42.8830156], [-2.1904173, 42.8829592], [-2.1902432, 42.8827057]]]}, "properties": {"id": "overture-b4a293228b3b577b", "osm_id": "783770896", "theme": "buildings", "type": "building", "subtype": "industrial", "class": "industrial", "names": null, "height": 6.4, "num_floors": 2, "sources": [{"dataset": "OpenStreetMap", "record_id": "783770896"}], "update_time": "2024-11-13", "version": 1, "confidence": 0.85, "bbox": {"xmin": -2.1904173, "ymin": 42.8827057, "xmax": -2.1883004, "ymax": 42.8837543}}}, {"type": "Feature", "geometry": {"type": "Polygon", "coordinates": [[[-2.1889106, 42.8839505], [-2.1888973, 42.8839629], [-2.1888897, 42.8839778], [-2.1888885, 42.8839939], [-2.1888938, 42.8840094], [-2.1889052, 42.8840229], [-2.1889214, 42.8840328], [-2.1889406, 42.8840383], [-2.1889613, 42.8840386], [-2.1889822, 42.8840335], [-2.1889996, 42.8840231], [-2.1890116, 42.8840088], [-2.1890169, 42.8839922], [-2.1890146, 42.8839752], [-2.1890052, 42.8839597], [-2.1889897, 42.8839476], [-2.1889699, 42.8839402], [-2.1889482, 42.8839385], [-2.1889281, 42.8839421], [-2.1889106, 42.8839505]]]}, "properties": {"id": "overture-b10df0c3793dd29e", "osm_id": "783770897", "theme": "buildings", "type": "building", "subtype": "industrial", "class": "industrial", "names": null, "height": 6.4, "num_floors": 2, "sources": [{"dataset": "OpenStreetMap", "record_id": "783770897"}], "update_time": "2024-11-13", "version": 1, "confidence": 0.85, "bbox": {"xmin": -2.1890169, "ymin": 42.8839385, "xmax": -2.1888885, "ymax": 42.8840386}}}, {"type": "Feature", "geometry": {"type": "Polygon", "coordinates": [[[-2.189068, 42.8838759], [-2.1890547, 42.8838882], [-2.1890471, 42.8839031], [-2.1890458, 42.8839192], [-2.1890512, 42.8839347], [-2.1890625, 42.8839482], [-2.1890788, 42.8839581], [-2.1890981, 42.8839636], [-2.1891187, 42.883964], [-2.1891395, 42.8839588], [-2.1891571, 42.8839484], [-2.189169, 42.8839341], [-2.1891742, 42.8839175], [-2.189172, 42.8839005], [-2.1891626, 42.883885], [-2.1891471, 42.8838729], [-2.1891273, 42.8838655], [-2.1891056, 42.8838638], [-2.1890856, 42.8838674], [-2.189068, 42.8838759]]]}, "properties": {"id": "overture-f51a46647f15ff49", "osm_id": "783770898", "theme": "buildings", "type": "building", "subtype": "industrial", "class": "industrial", "names": null, "height": 6.4, "num_floors": 2, "sources": [{"dataset": "OpenStreetMap", "record_id": "783770898"}], "update_time": "2024-11-13", "version": 1, "confidence": 0.85, "bbox": {"xmin": -2.1891742, "ymin": 42.8838638, "xmax": -2.1890458, "ymax": 42.883964}}}, {"type": "Feature", "geometry": {"type": "Polygon", "coordinates": [[[-2.1891991, 42.8840442], [-2.1891858, 42.8840565], [-2.1891781, 42.8840715], [-2.1891769, 42.8840875], [-2.1891823, 42.8841031], [-2.1891936, 42.8841165], [-2.1892098, 42.8841264], [-2.1892293, 42.8841319], [-2.1892498, 42.8841323], [-2.1892706, 42.8841271], [-2.189288, 42.8841168], [-2.1893, 42.8841025], [-2.1893053, 42.8840858], [-2.1893031, 42.8840688], [-2.1892937, 42.8840533], [-2.1892781, 42.8840412], [-2.1892583, 42.8840339], [-2.1892366, 42.8840321], [-2.1892165, 42.8840358], [-2.1891991, 42.8840442]]]}, "properties": {"id": "overture-77e336576a2eb2d7", "osm_id": "783770899", "theme": "buildings", "type": "building", "subtype": "industrial", "class": "industrial", "names": null, "height": 6.4, "num_floors": 2, "sources": [{"dataset": "OpenStreetMap", "record_id": "783770899"}], "update_time": "2024-11-13", "version": 1, "confidence": 0.85, "bbox": {"xmin": -2.1893053, "ymin": 42.8840321, "xmax": -2.1891769, "ymax": 42.8841323}}}, {"type": "Feature", "geometry": {"type": "Polygon", "coordinates": [[[-2.1891124, 42.8845116], [-2.1888295, 42.8845792], [-2.1887849, 42.8844651], [-2.1890678, 42.8843974], [-2.1891124, 42.8845116]]]}, "properties": {"id": "overture-1db696d958e05254", "osm_id": "783770900", "theme": "buildings", "type": "building", "subtype": "industrial", "class": "industrial", "names": null, "height": 6.4, "num_floors": 2, "sources": [{"dataset": "OpenStreetMap", "record_id": "783770900"}], "update_time": "2024-11-13", "version": 1, "confidence": 0.85, "bbox": {"xmin": -2.1891124, "ymin": 42.8843974, "xmax": -2.1887849, "ymax": 42.8845792}}}, {"type": "Feature", "geometry": {"type": "Polygon", "coordinates": [[[-2.1840923, 42.8822413], [-2.1837918, 42.8823524], [-2.1836113, 42.8820533], [-2.1837649, 42.8819965], [-2.183795, 42.8820463], [-2.183942, 42.881992], [-2.1840923, 42.8822413]]]}, "properties": {"id": "overture-9f4fe172524126ed", "osm_id": "783770901", "theme": "buildings", "type": "building", "subtype": "building", "class": "yes", "names": {"primary": "Autoelectricidad Santa Ana S L"}, "height": 6.4, "num_floors": 2, "sources": [{"dataset": "OpenStreetMap", "record_id": "783770901"}], "update_time": "2024-11-13", "version": 1, "confidence": 0.85, "bbox": {"xmin": -2.1840923, "ymin": 42.881992, "xmax": -2.1836113, "ymax": 42.8823524}}}, {"type": "Feature", "geometry": {"type": "Polygon", "coordinates": [[[-2.1843784, 42.8822287], [-2.1842857, 42.8822644], [-2.1842359, 42.8821853], [-2.1843286, 42.8821496], [-2.1843784, 42.8822287]]]}, "properties": {"id": "overture-e63f8e60011d6ac8", "osm_id": "783770902", "theme": "buildings", "type": "building", "subtype": "building", "class": "yes", "names": null, "height": 6.4, "num_floors": 2, "sources": [{"dataset": "OpenStreetMap", "record_id": "783770902"}], "update_time": "2024-11-13", "version": 1, "confidence": 0.85, "bbox": {"xmin": -2.1843784, "ymin": 42.8821496, "xmax": -2.1842359, "ymax": 42.8822644}}}, {"type": "Feature", "geometry": {"type": "Polygon", "coordinates": [[[-2.1719578, 42.8932096], [-2.1714483, 42.8933475], [-2.1714158, 42.8932742], [-2.1714406, 42.8932675], [-2.1714248, 42.8932317], [-2.1715578, 42.8931957], [-2.1715736, 42.8932315], [-2.1716078, 42.8932222], [-2.1715915, 42.8931854], [-2.1717297, 42.8931479], [-2.1717451, 42.8931824], [-2.1717674, 42.8931764], [-2.1717519, 42.8931411], [-2.171885, 42.8931051], [-2.1719007, 42.8931405], [-2.1719243, 42.8931341], [-2.1719578, 42.8932096]]]}, "properties": {"id": "overture-6deeee0c7055b581", "osm_id": "783770917", "theme": "buildings", "type": "building", "subtype": "building", "class": "yes", "names": null, "height": 4.333, "num_floors": 2, "sources": [{"dataset": "OpenStreetMap", "record_id": "783770917"}, {"dataset": "IGN_LIDAR_PNOA_3", "record_id": "lidar_783770917", "height_source": "lidar_dtm"}], "update_time": "2024-11-13", "version": 1, "confidence": 0.85, "bbox": {"xmin": -2.1719578, "ymin": 42.8931051, "xmax": -2.1714158, "ymax": 42.8933475}}}, {"type": "Feature", "geometry": {"type": "Polygon", "coordinates": [[[-2.1720346, 42.8933869], [-2.1715252, 42.8935248], [-2.1714927, 42.8934515], [-2.1715175, 42.8934448], [-2.1715017, 42.893409], [-2.1716346, 42.893373], [-2.1716504, 42.8934088], [-2.1716846, 42.8933995], [-2.1716683, 42.8933627], [-2.1718067, 42.8933252], [-2.1718218, 42.8933597], [-2.1718444, 42.8933536], [-2.1718287, 42.8933183], [-2.1719619, 42.8932823], [-2.1719776, 42.8933178], [-2.1720012, 42.8933114], [-2.1720346, 42.8933869]]]}, "properties": {"id": "overture-3901aa1a5ce1caf2", "osm_id": "783770918", "theme": "buildings", "type": "building", "subtype": "building", "class": "yes", "names": null, "height": 1.716, "num_floors": 2, "sources": [{"dataset": "OpenStreetMap", "record_id": "783770918"}, {"dataset": "IGN_LIDAR_PNOA_3", "record_id": "lidar_783770918", "height_source": "lidar_dtm"}], "update_time": "2024-11-13", "version": 1, "confidence": 0.85, "bbox": {"xmin": -2.1720346, "ymin": 42.8932823, "xmax": -2.1714927, "ymax": 42.8935248}}}, {"type": "Feature", "geometry": {"type": "Polygon", "coordinates": [[[-2.1706863, 42.8948052], [-2.1706195, 42.8946888], [-2.1704587, 42.8946751], [-2.1704235, 42.8947065], [-2.1705475, 42.8949226], [-2.1706726, 42.8948784], [-2.1706907, 42.8948724], [-2.1706579, 42.8948151], [-2.1706863, 42.8948052]]]}, "properties": {"id": "overture-bf28ebf9a64e8c2f", "osm_id": "783770919", "theme": "buildings", "type": "building", "subtype": "building", "class": "yes", "names": null, "height": 11.649, "num_floors": 2, "sources": [{"dataset": "OpenStreetMap", "record_id": "783770919"}, {"dataset": "IGN_LIDAR_PNOA_3", "record_id": "lidar_783770919", "height_source": "lidar_dtm"}], "update_time": "2024-11-13", "version": 1, "confidence": 0.85, "bbox": {"xmin": -2.1706907, "ymin": 42.8946751, "xmax": -2.1704235, "ymax": 42.8949226}}}, {"type": "Feature", "geometry": {"type": "Polygon", "coordinates": [[[-2.1705475, 42.8949226], [-2.1708688, 42.895478], [-2.1709941, 42.8954337], [-2.1706726, 42.8948784], [-2.1705475, 42.8949226]]]}, "properties": {"id": "overture-be2c2307d1108bb4", "osm_id": "783770920", "theme": "buildings", "type": "building", "subtype": "apartments", "class": "apartments", "names": null, "height": 13.612, "num_floors": 2, "sources": [{"dataset": "OpenStreetMap", "record_id": "783770920"}, {"dataset": "IGN_LIDAR_PNOA_3", "record_id": "lidar_783770920", "height_source": "lidar_dtm"}], "update_time": "2024-11-13", "version": 1, "confidence": 0.85, "bbox": {"xmin": -2.1709941, "ymin": 42.8948784, "xmax": -2.1705475, "ymax": 42.895478}}}, {"type": "Feature", "geometry": {"type": "Polygon", "coordinates": [[[-2.1688638, 42.8950643], [-2.1687937, 42.8950705], [-2.1686296, 42.8950699], [-2.168625, 42.8949396], [-2.1688572, 42.8949325], [-2.1688638, 42.8950643]]]}, "properties": {"id": "overture-b28beeb11712bc51", "osm_id": "783770921", "theme": "buildings", "type": "building", "subtype": "building", "class": "yes", "names": {"primary": "Altsasuko udaletxea"}, "height": 3.052, "num_floors": 2, "sources": [{"dataset": "OpenStreetMap", "record_id": "783770921"}, {"dataset": "IGN_LIDAR_PNOA_3", "record_id": "lidar_783770921", "height_source": "lidar_dtm"}], "update_time": "2024-11-13", "version": 1, "confidence": 0.85, "bbox": {"xmin": -2.1688638, "ymin": 42.8949325, "xmax": -2.168625, "ymax": 42.8950705}}}, {"type": "Feature", "geometry": {"type": "Polygon", "coordinates": [[[-2.1687928, 42.8951612], [-2.1687933, 42.8951476], [-2.1687937, 42.8950705], [-2.1688638, 42.8950643], [-2.1689092, 42.8950654], [-2.1689124, 42.8951101], [-2.1687928, 42.8951612]]]}, "properties": {"id": "overture-0c9c58ba9cca204d", "osm_id": "783770922", "theme": "buildings", "type": "building", "subtype": "building", "class": "yes", "names": null, "height": 10.03, "num_floors": 2, "sources": [{"dataset": "OpenStreetMap", "record_id": "783770922"}, {"dataset": "IGN_LIDAR_PNOA_3", "record_id": "lidar_783770922", "height_source": "lidar_dtm"}], "update_time": "2024-11-13", "version": 1, "confidence": 0.85, "bbox": {"xmin": -2.1689124, "ymin": 42.8950643, "xmax": -2.1687928, "ymax": 42.8951612}}}, {"type": "Feature", "geometry": {"type": "Polygon", "coordinates": [[[-2.1687933, 42.8951476], [-2.1686291, 42.8951469], [-2.1686296, 42.8950699], [-2.1687937, 42.8950705], [-2.1687933, 42.8951476]]]}, "properties": {"id": "overture-262f68d09f237d2a", "osm_id": "783770923", "theme": "buildings", "type": "building", "subtype": "building", "class": "yes", "names": null, "height": 9.638, "num_floors": 2, "sources": [{"dataset": "OpenStreetMap", "record_id": "783770923"}, {"dataset": "IGN_LIDAR_PNOA_3", "record_id": "lidar_783770923", "height_source": "lidar_dtm"}], "update_time": "2024-11-13", "version": 1, "confidence": 0.85, "bbox": {"xmin": -2.1687937, "ymin": 42.8950699, "xmax": -2.1686291, "ymax": 42.8951476}}}, {"type": "Feature", "geometry": {"type": "Polygon", "coordinates": [[[-2.1629085, 42.8951903], [-2.1626579, 42.8952218], [-2.1626472, 42.895169], [-2.1628976, 42.8951374], [-2.1629085, 42.8951903]]]}, "properties": {"id": "overture-9f6f3aaf308c10e6", "osm_id": "783874256", "theme": "buildings", "type": "building", "subtype": "building", "class": "yes", "names": null, "height": 2.306, "num_floors": 2, "sources": [{"dataset": "OpenStreetMap", "record_id": "783874256"}, {"dataset": "IGN_LIDAR_PNOA_3", "record_id": "lidar_783874256", "height_source": "lidar_dtm"}], "update_time": "2024-11-13", "version": 1, "confidence": 0.85, "bbox": {"xmin": -2.1629085, "ymin": 42.8951374, "xmax": -2.1626472, "ymax": 42.8952218}}}, {"type": "Feature", "geometry": {"type": "Polygon", "coordinates": [[[-2.1645357, 42.8947058], [-2.1643905, 42.8947527], [-2.1643303, 42.8946384], [-2.1644755, 42.8945916], [-2.1645357, 42.8947058]]]}, "properties": {"id": "overture-668c037fa4ddf236", "osm_id": "783874257", "theme": "buildings", "type": "building", "subtype": "building", "class": "yes", "names": null, "height": 2.311, "num_floors": 2, "sources": [{"dataset": "OpenStreetMap", "record_id": "783874257"}, {"dataset": "IGN_LIDAR_PNOA_3", "record_id": "lidar_783874257", "height_source": "lidar_dtm"}], "update_time": "2024-11-13", "version": 1, "confidence": 0.85, "bbox": {"xmin": -2.1645357, "ymin": 42.8945916, "xmax": -2.1643303, "ymax": 42.8947527}}}, {"type": "Feature", "geometry": {"type": "Polygon", "coordinates": [[[-2.1640648, 42.8948564], [-2.1642173, 42.8948078], [-2.1641731, 42.8947231], [-2.1641541, 42.8947292], [-2.1641394, 42.8947009], [-2.163993, 42.8947476], [-2.1640409, 42.8948396], [-2.1640539, 42.8948354], [-2.1640648, 42.8948564]]]}, "properties": {"id": "overture-1b11a2b40f237e6c", "osm_id": "783874258", "theme": "buildings", "type": "building", "subtype": "building", "class": "yes", "names": null, "height": 2.049, "num_floors": 2, "sources": [{"dataset": "OpenStreetMap", "record_id": "783874258"}, {"dataset": "IGN_LIDAR_PNOA_3", "record_id": "lidar_783874258", "height_source": "lidar_dtm"}], "update_time": "2024-11-13", "version": 1, "confidence": 0.85, "bbox": {"xmin": -2.1642173, "ymin": 42.8947009, "xmax": -2.163993, "ymax": 42.8948564}}}, {"type": "Feature", "geometry": {"type": "Polygon", "coordinates": [[[-2.1647016, 42.8950741], [-2.1645583, 42.8951238], [-2.16454, 42.8950916], [-2.16459, 42.8950743], [-2.1645826, 42.8950613], [-2.1646759, 42.8950289], [-2.1647016, 42.8950741]]]}, "properties": {"id": "overture-df325f83ac0ef6a4", "osm_id": "783874259", "theme": "buildings", "type": "building", "subtype": "building", "class": "yes", "names": null, "height": 6.4, "num_floors": 2, "sources": [{"dataset": "OpenStreetMap", "record_id": "783874259"}], "update_time": "2024-11-13", "version": 1, "confidence": 0.85, "bbox": {"xmin": -2.1647016, "ymin": 42.8950289, "xmax": -2.16454, "ymax": 42.8951238}}}, {"type": "Feature", "geometry": {"type": "Polygon", "coordinates": [[[-2.1646745, 42.8950238], [-2.1645312, 42.8950735], [-2.1645129, 42.8950413], [-2.1645629, 42.895024], [-2.1645556, 42.895011], [-2.1646488, 42.8949786], [-2.1646745, 42.8950238]]]}, "properties": {"id": "overture-82c505cf70c82dd5", "osm_id": "783874260", "theme": "buildings", "type": "building", "subtype": "building", "class": "yes", "names": null, "height": 6.4, "num_floors": 2, "sources": [{"dataset": "OpenStreetMap", "record_id": "783874260"}], "update_time": "2024-11-13", "version": 1, "confidence": 0.85, "bbox": {"xmin": -2.1646745, "ymin": 42.8949786, "xmax": -2.1645129, "ymax": 42.8950735}}}, {"type": "Feature", "geometry": {"type": "Polygon", "coordinates": [[[-2.164649, 42.8949722], [-2.1645057, 42.895022], [-2.1644874, 42.8949898], [-2.1645376, 42.8949724], [-2.1645301, 42.8949594], [-2.1646234, 42.8949271], [-2.164649, 42.8949722]]]}, "properties": {"id": "overture-77a8e34735afdd9d", "osm_id": "783874261", "theme": "buildings", "type": "building", "subtype": "building", "class": "yes", "names": null, "height": 6.4, "num_floors": 2, "sources": [{"dataset": "OpenStreetMap", "record_id": "783874261"}], "update_time": "2024-11-13", "version": 1, "confidence": 0.85, "bbox": {"xmin": -2.164649, "ymin": 42.8949271, "xmax": -2.1644874, "ymax": 42.895022}}}, {"type": "Feature", "geometry": {"type": "Polygon", "coordinates": [[[-2.1646213, 42.8949216], [-2.164478, 42.8949713], [-2.1644597, 42.8949392], [-2.1645097, 42.8949218], [-2.1645024, 42.8949088], [-2.1645957, 42.8948764], [-2.1646213, 42.8949216]]]}, "properties": {"id": "overture-9048c966312943ff", "osm_id": "783874262", "theme": "buildings", "type": "building", "subtype": "building", "class": "yes", "names": null, "height": 6.4, "num_floors": 2, "sources": [{"dataset": "OpenStreetMap", "record_id": "783874262"}], "update_time": "2024-11-13", "version": 1, "confidence": 0.85, "bbox": {"xmin": -2.1646213, "ymin": 42.8948764, "xmax": -2.1644597, "ymax": 42.8949713}}}, {"type": "Feature", "geometry": {"type": "Polygon", "coordinates": [[[-2.1643721, 42.8951778], [-2.1642471, 42.8952185], [-2.164224, 42.8951754], [-2.1643492, 42.8951346], [-2.1643721, 42.8951778]]]}, "properties": {"id": "overture-ed230ac59c96439e", "osm_id": "783874263", "theme": "buildings", "type": "building", "subtype": "building", "class": "yes", "names": null, "height": 6.4, "num_floors": 2, "sources": [{"dataset": "OpenStreetMap", "record_id": "783874263"}], "update_time": "2024-11-13", "version": 1, "confidence": 0.85, "bbox": {"xmin": -2.1643721, "ymin": 42.8951346, "xmax": -2.164224, "ymax": 42.8952185}}}, {"type": "Feature", "geometry": {"type": "Polygon", "coordinates": [[[-2.1643475, 42.8951267], [-2.1642223, 42.8951675], [-2.1641994, 42.8951243], [-2.1643244, 42.8950835], [-2.1643475, 42.8951267]]]}, "properties": {"id": "overture-a91615de69a22ec5", "osm_id": "783874264", "theme": "buildings", "type": "building", "subtype": "building", "class": "yes", "names": null, "height": 6.4, "num_floors": 2, "sources": [{"dataset": "OpenStreetMap", "record_id": "783874264"}], "update_time": "2024-11-13", "version": 1, "confidence": 0.85, "bbox": {"xmin": -2.1643475, "ymin": 42.8950835, "xmax": -2.1641994, "ymax": 42.8951675}}}, {"type": "Feature", "geometry": {"type": "Polygon", "coordinates": [[[-2.1643243, 42.8950761], [-2.1641992, 42.8951168], [-2.1641762, 42.8950737], [-2.1643014, 42.8950329], [-2.1643243, 42.8950761]]]}, "properties": {"id": "overture-2047776e9fb8b61f", "osm_id": "783874265", "theme": "buildings", "type": "building", "subtype": "building", "class": "yes", "names": null, "height": 6.4, "num_floors": 2, "sources": [{"dataset": "OpenStreetMap", "record_id": "783874265"}], "update_time": "2024-11-13", "version": 1, "confidence": 0.85, "bbox": {"xmin": -2.1643243, "ymin": 42.8950329, "xmax": -2.1641762, "ymax": 42.8951168}}}, {"type": "Feature", "geometry": {"type": "Polygon", "coordinates": [[[-2.1642966, 42.8950282], [-2.1641714, 42.8950689], [-2.1641485, 42.8950258], [-2.1642737, 42.894985], [-2.1642966, 42.8950282]]]}, "properties": {"id": "overture-ec5f8c649981b74c", "osm_id": "783874266", "theme": "buildings", "type": "building", "subtype": "building", "class": "yes", "names": null, "height": 1.583, "num_floors": 2, "sources": [{"dataset": "OpenStreetMap", "record_id": "783874266"}, {"dataset": "IGN_LIDAR_PNOA_3", "record_id": "lidar_783874266", "height_source": "lidar_dtm"}], "update_time": "2024-11-13", "version": 1, "confidence": 0.85, "bbox": {"xmin": -2.1642966, "ymin": 42.894985, "xmax": -2.1641485, "ymax": 42.8950689}}}, {"type": "Feature", "geometry": {"type": "Polygon", "coordinates": [[[-2.1649693, 42.8956506], [-2.1648698, 42.8956839], [-2.1648158, 42.8955851], [-2.1649154, 42.8955518], [-2.1649693, 42.8956506]]]}, "properties": {"id": "overture-a11d74730a7d71c3", "osm_id": "783874267", "theme": "buildings", "type": "building", "subtype": "building", "class": "yes", "names": null, "height": 6.4, "num_floors": 2, "sources": [{"dataset": "OpenStreetMap", "record_id": "783874267"}], "update_time": "2024-11-13", "version": 1, "confidence": 0.85, "bbox": {"xmin": -2.1649693, "ymin": 42.8955518, "xmax": -2.1648158, "ymax": 42.8956839}}}, {"type": "Feature", "geometry": {"type": "Polygon", "coordinates": [[[-2.164911, 42.8955444], [-2.1648114, 42.8955776], [-2.1647574, 42.8954788], [-2.164857, 42.8954455], [-2.164911, 42.8955444]]]}, "properties": {"id": "overture-e342d66e5bfe03e8", "osm_id": "783874268", "theme": "buildings", "type": "building", "subtype": "building", "class": "yes", "names": null, "height": 6.4, "num_floors": 2, "sources": [{"dataset": "OpenStreetMap", "record_id": "783874268"}], "update_time": "2024-11-13", "version": 1, "confidence": 0.85, "bbox": {"xmin": -2.164911, "ymin": 42.8954455, "xmax": -2.1647574, "ymax": 42.8955776}}}, {"type": "Feature", "geometry": {"type": "Polygon", "coordinates": [[[-2.1648566, 42.8954413], [-2.1647571, 42.8954746], [-2.1647031, 42.8953757], [-2.1648027, 42.8953425], [-2.1648566, 42.8954413]]]}, "properties": {"id": "overture-998358b8a8add7e2", "osm_id": "783874269", "theme": "buildings", "type": "building", "subtype": "building", "class": "yes", "names": null, "height": 6.4, "num_floors": 2, "sources": [{"dataset": "OpenStreetMap", "record_id": "783874269"}], "update_time": "2024-11-13", "version": 1, "confidence": 0.85, "bbox": {"xmin": -2.1648566, "ymin": 42.8953425, "xmax": -2.1647031, "ymax": 42.8954746}}}, {"type": "Feature", "geometry": {"type": "Polygon", "coordinates": [[[-2.1648043, 42.8953349], [-2.1647043, 42.895367], [-2.1646274, 42.895221], [-2.1647274, 42.8951888], [-2.1648043, 42.8953349]]]}, "properties": {"id": "overture-b4cfdaaa9c5da122", "osm_id": "783874270", "theme": "buildings", "type": "building", "subtype": "building", "class": "yes", "names": null, "height": 6.4, "num_floors": 2, "sources": [{"dataset": "OpenStreetMap", "record_id": "783874270"}], "update_time": "2024-11-13", "version": 1, "confidence": 0.85, "bbox": {"xmin": -2.1648043, "ymin": 42.8951888, "xmax": -2.1646274, "ymax": 42.895367}}}, {"type": "Feature", "geometry": {"type": "Polygon", "coordinates": [[[-2.1645086, 42.895432], [-2.1644087, 42.8954642], [-2.1643319, 42.8953181], [-2.1644317, 42.895286], [-2.1645086, 42.895432]]]}, "properties": {"id": "overture-80197301fa5eb80b", "osm_id": "783874271", "theme": "buildings", "type": "building", "subtype": "building", "class": "yes", "names": null, "height": 6.4, "num_floors": 2, "sources": [{"dataset": "OpenStreetMap", "record_id": "783874271"}], "update_time": "2024-11-13", "version": 1, "confidence": 0.85, "bbox": {"xmin": -2.1645086, "ymin": 42.895286, "xmax": -2.1643319, "ymax": 42.8954642}}}, {"type": "Feature", "geometry": {"type": "Polygon", "coordinates": [[[-2.164263, 42.8956454], [-2.1641208, 42.8956888], [-2.1640803, 42.8956192], [-2.1642249, 42.8955749], [-2.164263, 42.8956454]]]}, "properties": {"id": "overture-18262ad13381cc0e", "osm_id": "783874272", "theme": "buildings", "type": "building", "subtype": "building", "class": "yes", "names": null, "height": 6.4, "num_floors": 2, "sources": [{"dataset": "OpenStreetMap", "record_id": "783874272"}], "update_time": "2024-11-13", "version": 1, "confidence": 0.85, "bbox": {"xmin": -2.164263, "ymin": 42.8955749, "xmax": -2.1640803, "ymax": 42.8956888}}}, {"type": "Feature", "geometry": {"type": "Polygon", "coordinates": [[[-2.1642224, 42.8955667], [-2.1640803, 42.8956101], [-2.1640398, 42.8955405], [-2.1641844, 42.8954962], [-2.1642224, 42.8955667]]]}, "properties": {"id": "overture-67979c9a59316656", "osm_id": "783874273", "theme": "buildings", "type": "building", "subtype": "building", "class": "yes", "names": null, "height": 6.4, "num_floors": 2, "sources": [{"dataset": "OpenStreetMap", "record_id": "783874273"}], "update_time": "2024-11-13", "version": 1, "confidence": 0.85, "bbox": {"xmin": -2.1642224, "ymin": 42.8954962, "xmax": -2.1640398, "ymax": 42.8956101}}}, {"type": "Feature", "geometry": {"type": "Polygon", "coordinates": [[[-2.1641821, 42.8954899], [-2.1640398, 42.8955333], [-2.1639994, 42.8954637], [-2.1641438, 42.8954194], [-2.1641821, 42.8954899]]]}, "properties": {"id": "overture-af542721653887d8", "osm_id": "783874274", "theme": "buildings", "type": "building", "subtype": "building", "class": "yes", "names": null, "height": 6.4, "num_floors": 2, "sources": [{"dataset": "OpenStreetMap", "record_id": "783874274"}], "update_time": "2024-11-13", "version": 1, "confidence": 0.85, "bbox": {"xmin": -2.1641821, "ymin": 42.8954194, "xmax": -2.1639994, "ymax": 42.8955333}}}, {"type": "Feature", "geometry": {"type": "Polygon", "coordinates": [[[-2.164368, 42.8958529], [-2.1642268, 42.8958973], [-2.1642169, 42.8958779], [-2.1641963, 42.8958381], [-2.1643374, 42.8957937], [-2.1643615, 42.8958405], [-2.164368, 42.8958529]]]}, "properties": {"id": "overture-02a025f6b1bb5219", "osm_id": "783874275", "theme": "buildings", "type": "building", "subtype": "college", "class": "college", "names": null, "height": 6.4, "num_floors": 2, "sources": [{"dataset": "OpenStreetMap", "record_id": "783874275"}], "update_time": "2024-11-13", "version": 1, "confidence": 0.85, "bbox": {"xmin": -2.164368, "ymin": 42.8957937, "xmax": -2.1641963, "ymax": 42.8958973}}}, {"type": "Feature", "geometry": {"type": "Polygon", "coordinates": [[[-2.1651007, 42.8969517], [-2.1649378, 42.8969994], [-2.1648782, 42.8968748], [-2.1650411, 42.8968272], [-2.1651007, 42.8969517]]]}, "properties": {"id": "overture-4a497dd8120f4f49", "osm_id": "783874277", "theme": "buildings", "type": "building", "subtype": "building", "class": "yes", "names": null, "height": 6.067, "num_floors": 2, "sources": [{"dataset": "OpenStreetMap", "record_id": "783874277"}, {"dataset": "IGN_LIDAR_PNOA_3", "record_id": "lidar_783874277", "height_source": "lidar_dtm"}], "update_time": "2024-11-13", "version": 1, "confidence": 0.85, "bbox": {"xmin": -2.1651007, "ymin": 42.8968272, "xmax": -2.1648782, "ymax": 42.8969994}}}, {"type": "Feature", "geometry": {"type": "Polygon", "coordinates": [[[-2.1651187, 42.8969806], [-2.165153, 42.8970439], [-2.1650163, 42.8970894], [-2.1649818, 42.8970261], [-2.1651187, 42.8969806]]]}, "properties": {"id": "overture-ebdd96903fd11847", "osm_id": "783874278", "theme": "buildings", "type": "building", "subtype": "building", "class": "yes", "names": null, "height": 2.062, "num_floors": 2, "sources": [{"dataset": "OpenStreetMap", "record_id": "783874278"}, {"dataset": "IGN_LIDAR_PNOA_3", "record_id": "lidar_783874278", "height_source": "lidar_dtm"}], "update_time": "2024-11-13", "version": 1, "confidence": 0.85, "bbox": {"xmin": -2.165153, "ymin": 42.8969806, "xmax": -2.1649818, "ymax": 42.8970894}}}, {"type": "Feature", "geometry": {"type": "Polygon", "coordinates": [[[-2.165161, 42.8970603], [-2.1651955, 42.8971236], [-2.1650586, 42.897169], [-2.1650243, 42.8971057], [-2.165161, 42.8970603]]]}, "properties": {"id": "overture-e9521109d223c7b7", "osm_id": "783874279", "theme": "buildings", "type": "building", "subtype": "building", "class": "yes", "names": null, "height": 8.057, "num_floors": 2, "sources": [{"dataset": "OpenStreetMap", "record_id": "783874279"}, {"dataset": "IGN_LIDAR_PNOA_3", "record_id": "lidar_783874279", "height_source": "lidar_dtm"}], "update_time": "2024-11-13", "version": 1, "confidence": 0.85, "bbox": {"xmin": -2.1651955, "ymin": 42.8970603, "xmax": -2.1650243, "ymax": 42.897169}}}, {"type": "Feature", "geometry": {"type": "Polygon", "coordinates": [[[-2.1651986, 42.8971379], [-2.1652331, 42.8972012], [-2.1650963, 42.8972466], [-2.1650619, 42.8971833], [-2.1651986, 42.8971379]]]}, "properties": {"id": "overture-a2173fbdc52f9694", "osm_id": "783874280", "theme": "buildings", "type": "building", "subtype": "building", "class": "yes", "names": null, "height": 13.267, "num_floors": 2, "sources": [{"dataset": "OpenStreetMap", "record_id": "783874280"}, {"dataset": "IGN_LIDAR_PNOA_3", "record_id": "lidar_783874280", "height_source": "lidar_dtm"}], "update_time": "2024-11-13", "version": 1, "confidence": 0.85, "bbox": {"xmin": -2.1652331, "ymin": 42.8971379, "xmax": -2.1650619, "ymax": 42.8972466}}}, {"type": "Feature", "geometry": {"type": "Polygon", "coordinates": [[[-2.1652389, 42.8972194], [-2.1652733, 42.8972827], [-2.1651365, 42.8973282], [-2.1651021, 42.8972649], [-2.1652389, 42.8972194]]]}, "properties": {"id": "overture-158f30f3c28f1248", "osm_id": "783874281", "theme": "buildings", "type": "building", "subtype": "building", "class": "yes", "names": null, "height": 11.409, "num_floors": 2, "sources": [{"dataset": "OpenStreetMap", "record_id": "783874281"}, {"dataset": "IGN_LIDAR_PNOA_3", "record_id": "lidar_783874281", "height_source": "lidar_dtm"}], "update_time": "2024-11-13", "version": 1, "confidence": 0.85, "bbox": {"xmin": -2.1652733, "ymin": 42.8972194, "xmax": -2.1651021, "ymax": 42.8973282}}}, {"type": "Feature", "geometry": {"type": "Polygon", "coordinates": [[[-2.1652829, 42.897297], [-2.1653173, 42.8973603], [-2.1651805, 42.8974058], [-2.1651462, 42.8973425], [-2.1652829, 42.897297]]]}, "properties": {"id": "overture-449dacadeb3739d9", "osm_id": "783874282", "theme": "buildings", "type": "building", "subtype": "building", "class": "yes", "names": null, "height": 12.369, "num_floors": 2, "sources": [{"dataset": "OpenStreetMap", "record_id": "783874282"}, {"dataset": "IGN_LIDAR_PNOA_3", "record_id": "lidar_783874282", "height_source": "lidar_dtm"}], "update_time": "2024-11-13", "version": 1, "confidence": 0.85, "bbox": {"xmin": -2.1653173, "ymin": 42.897297, "xmax": -2.1651462, "ymax": 42.8974058}}}, {"type": "Feature", "geometry": {"type": "Polygon", "coordinates": [[[-2.1653269, 42.8973766], [-2.1653612, 42.8974399], [-2.1652244, 42.8974854], [-2.1651901, 42.8974221], [-2.1653269, 42.8973766]]]}, "properties": {"id": "overture-56ef4d1689a53a00", "osm_id": "783874283", "theme": "buildings", "type": "building", "subtype": "building", "class": "yes", "names": null, "height": 11.92, "num_floors": 2, "sources": [{"dataset": "OpenStreetMap", "record_id": "783874283"}, {"dataset": "IGN_LIDAR_PNOA_3", "record_id": "lidar_783874283", "height_source": "lidar_dtm"}], "update_time": "2024-11-13", "version": 1, "confidence": 0.85, "bbox": {"xmin": -2.1653612, "ymin": 42.8973766, "xmax": -2.1651901, "ymax": 42.8974854}}}, {"type": "Feature", "geometry": {"type": "Polygon", "coordinates": [[[-2.165367, 42.8974572], [-2.1654015, 42.8975205], [-2.1652646, 42.8975659], [-2.1652303, 42.8975026], [-2.165367, 42.8974572]]]}, "properties": {"id": "overture-2756657afd5d45ff", "osm_id": "783874284", "theme": "buildings", "type": "building", "subtype": "building", "class": "yes", "names": null, "height": 10.178, "num_floors": 2, "sources": [{"dataset": "OpenStreetMap", "record_id": "783874284"}, {"dataset": "IGN_LIDAR_PNOA_3", "record_id": "lidar_783874284", "height_source": "lidar_dtm"}], "update_time": "2024-11-13", "version": 1, "confidence": 0.85, "bbox": {"xmin": -2.1654015, "ymin": 42.8974572, "xmax": -2.1652303, "ymax": 42.8975659}}}, {"type": "Feature", "geometry": {"type": "Polygon", "coordinates": [[[-2.1654093, 42.8975352], [-2.1654611, 42.8976303], [-2.1653253, 42.8976755], [-2.1652736, 42.8975804], [-2.1654093, 42.8975352]]]}, "properties": {"id": "overture-f36d9e22ef57cd82", "osm_id": "783874285", "theme": "buildings", "type": "building", "subtype": "terrace", "class": "terrace", "names": null, "height": 10.161, "num_floors": 2, "sources": [{"dataset": "OpenStreetMap", "record_id": "783874285"}, {"dataset": "IGN_LIDAR_PNOA_3", "record_id": "lidar_783874285", "height_source": "lidar_dtm"}], "update_time": "2024-11-13", "version": 1, "confidence": 0.85, "bbox": {"xmin": -2.1654611, "ymin": 42.8975352, "xmax": -2.1652736, "ymax": 42.8976755}}}, {"type": "Feature", "geometry": {"type": "Polygon", "coordinates": [[[-2.1658147, 42.8942778], [-2.1656853, 42.894321], [-2.1656374, 42.8942279], [-2.1657691, 42.894189], [-2.1658147, 42.8942778]]]}, "properties": {"id": "overture-9b2d8d9dade82140", "osm_id": "783874286", "theme": "buildings", "type": "building", "subtype": "building", "class": "yes", "names": null, "height": 6.4, "num_floors": 2, "sources": [{"dataset": "OpenStreetMap", "record_id": "783874286"}], "update_time": "2024-11-13", "version": 1, "confidence": 0.85, "bbox": {"xmin": -2.1658147, "ymin": 42.894189, "xmax": -2.1656374, "ymax": 42.894321}}}, {"type": "Feature", "geometry": {"type": "Polygon", "coordinates": [[[-2.1656853, 42.894321], [-2.1655648, 42.8943598], [-2.1655166, 42.8942646], [-2.1656374, 42.8942279], [-2.1656853, 42.894321]]]}, "properties": {"id": "overture-34f5595e51987fc3", "osm_id": "783874287", "theme": "buildings", "type": "building", "subtype": "building", "class": "yes", "names": null, "height": 6.4, "num_floors": 2, "sources": [{"dataset": "OpenStreetMap", "record_id": "783874287"}], "update_time": "2024-11-13", "version": 1, "confidence": 0.85, "bbox": {"xmin": -2.1656853, "ymin": 42.8942279, "xmax": -2.1655166, "ymax": 42.8943598}}}, {"type": "Feature", "geometry": {"type": "Polygon", "coordinates": [[[-2.1655648, 42.8943598], [-2.1654971, 42.8943808], [-2.1655224, 42.8944387], [-2.1653946, 42.894477], [-2.1653471, 42.894388], [-2.1653789, 42.8943073], [-2.1655166, 42.8942646], [-2.1655648, 42.8943598]]]}, "properties": {"id": "overture-39d55892c368ea1c", "osm_id": "783874288", "theme": "buildings", "type": "building", "subtype": "building", "class": "yes", "names": null, "height": 6.4, "num_floors": 2, "sources": [{"dataset": "OpenStreetMap", "record_id": "783874288"}], "update_time": "2024-11-13", "version": 1, "confidence": 0.85, "bbox": {"xmin": -2.1655648, "ymin": 42.8942646, "xmax": -2.1653471, "ymax": 42.894477}}}, {"type": "Feature", "geometry": {"type": "Polygon", "coordinates": [[[-2.1656862, 42.8947731], [-2.1655224, 42.8944387], [-2.1653946, 42.894477], [-2.1655586, 42.8948114], [-2.1656862, 42.8947731]]]}, "properties": {"id": "overture-1340a9ecaace7583", "osm_id": "783874289", "theme": "buildings", "type": "building", "subtype": "building", "class": "yes", "names": null, "height": 6.4, "num_floors": 2, "sources": [{"dataset": "OpenStreetMap", "record_id": "783874289"}], "update_time": "2024-11-13", "version": 1, "confidence": 0.85, "bbox": {"xmin": -2.1656862, "ymin": 42.8944387, "xmax": -2.1653946, "ymax": 42.8948114}}}, {"type": "Feature", "geometry": {"type": "Polygon", "coordinates": [[[-2.1693526, 42.8935935], [-2.1693058, 42.8935143], [-2.169186, 42.8935576], [-2.1692328, 42.8936369], [-2.1693526, 42.8935935]]]}, "properties": {"id": "overture-053516c3230d71f5", "osm_id": "783874291", "theme": "buildings", "type": "building", "subtype": "building", "class": "yes", "names": null, "height": 6.4, "num_floors": 2, "sources": [{"dataset": "OpenStreetMap", "record_id": "783874291"}], "update_time": "2024-11-13", "version": 1, "confidence": 0.85, "bbox": {"xmin": -2.1693526, "ymin": 42.8935143, "xmax": -2.169186, "ymax": 42.8936369}}}, {"type": "Feature", "geometry": {"type": "Polygon", "coordinates": [[[-2.1691711, 42.8936578], [-2.1689971, 42.8937225], [-2.1688826, 42.8935983], [-2.1690008, 42.8935552], [-2.1690545, 42.8936232], [-2.169135, 42.8935937], [-2.1691711, 42.8936578]]]}, "properties": {"id": "overture-e19e4393541ddf7a", "osm_id": "783874292", "theme": "buildings", "type": "building", "subtype": "building", "class": "yes", "names": null, "height": 6.4, "num_floors": 2, "sources": [{"dataset": "OpenStreetMap", "record_id": "783874292"}], "update_time": "2024-11-13", "version": 1, "confidence": 0.85, "bbox": {"xmin": -2.1691711, "ymin": 42.8935552, "xmax": -2.1688826, "ymax": 42.8937225}}}, {"type": "Feature", "geometry": {"type": "Polygon", "coordinates": [[[-2.1688962, 42.8938971], [-2.1687608, 42.8938865], [-2.1687159, 42.8938829], [-2.1687327, 42.8937522], [-2.1689129, 42.8937663], [-2.1688962, 42.8938971]]]}, "properties": {"id": "overture-ce65bea1d07303f7", "osm_id": "783874293", "theme": "buildings", "type": "building", "subtype": "building", "class": "yes", "names": null, "height": 6.4, "num_floors": 2, "sources": [{"dataset": "OpenStreetMap", "record_id": "783874293"}], "update_time": "2024-11-13", "version": 1, "confidence": 0.85, "bbox": {"xmin": -2.1689129, "ymin": 42.8937522, "xmax": -2.1687159, "ymax": 42.8938971}}}, {"type": "Feature", "geometry": {"type": "Polygon", "coordinates": [[[-2.1688962, 42.8938971], [-2.1688622, 42.8939755], [-2.1688442, 42.8939741], [-2.1687647, 42.8939742], [-2.1687314, 42.8939749], [-2.1687278, 42.8939194], [-2.1687564, 42.8939187], [-2.1687608, 42.8938865], [-2.1688962, 42.8938971]]]}, "properties": {"id": "overture-11dde9c1fa0fce69", "osm_id": "783874294", "theme": "buildings", "type": "building", "subtype": "building", "class": "yes", "names": null, "height": 6.4, "num_floors": 2, "sources": [{"dataset": "OpenStreetMap", "record_id": "783874294"}], "update_time": "2024-11-13", "version": 1, "confidence": 0.85, "bbox": {"xmin": -2.1688962, "ymin": 42.8938865, "xmax": -2.1687278, "ymax": 42.8939755}}}, {"type": "Feature", "geometry": {"type": "Polygon", "coordinates": [[[-2.1687314, 42.8939749], [-2.1686115, 42.8939775], [-2.1685948, 42.8939784], [-2.1685898, 42.8939041], [-2.1687265, 42.8938986], [-2.1687278, 42.8939194], [-2.1687314, 42.8939749]]]}, "properties": {"id": "overture-e0fb13ff5085291c", "osm_id": "783874295", "theme": "buildings", "type": "building", "subtype": "building", "class": "yes", "names": null, "height": 6.4, "num_floors": 2, "sources": [{"dataset": "OpenStreetMap", "record_id": "783874295"}], "update_time": "2024-11-13", "version": 1, "confidence": 0.85, "bbox": {"xmin": -2.1687314, "ymin": 42.8938986, "xmax": -2.1685898, "ymax": 42.8939784}}}, {"type": "Feature", "geometry": {"type": "Polygon", "coordinates": [[[-2.1687647, 42.8939742], [-2.168767, 42.8940376], [-2.1687307, 42.8940385], [-2.1686139, 42.8940433], [-2.1686115, 42.8939775], [-2.1687314, 42.8939749], [-2.1687647, 42.8939742]]]}, "properties": {"id": "overture-268075a34861bd95", "osm_id": "783874296", "theme": "buildings", "type": "building", "subtype": "building", "class": "yes", "names": null, "height": 6.4, "num_floors": 2, "sources": [{"dataset": "OpenStreetMap", "record_id": "783874296"}], "update_time": "2024-11-13", "version": 1, "confidence": 0.85, "bbox": {"xmin": -2.168767, "ymin": 42.8939742, "xmax": -2.1686115, "ymax": 42.8940433}}}, {"type": "Feature", "geometry": {"type": "Polygon", "coordinates": [[[-2.1687356, 42.8941113], [-2.1686129, 42.8941163], [-2.168608, 42.8940435], [-2.1686139, 42.8940433], [-2.1687307, 42.8940385], [-2.1687356, 42.8941113]]]}, "properties": {"id": "overture-9a15a26347b28756", "osm_id": "783874297", "theme": "buildings", "type": "building", "subtype": "building", "class": "yes", "names": null, "height": 6.4, "num_floors": 2, "sources": [{"dataset": "OpenStreetMap", "record_id": "783874297"}], "update_time": "2024-11-13", "version": 1, "confidence": 0.85, "bbox": {"xmin": -2.1687356, "ymin": 42.8940385, "xmax": -2.168608, "ymax": 42.8941163}}}, {"type": "Feature", "geometry": {"type": "Polygon", "coordinates": [[[-2.1687722, 42.8943169], [-2.1686503, 42.894326], [-2.168612, 42.8941235], [-2.168823, 42.8941133], [-2.1688246, 42.894157], [-2.1688129, 42.8942262], [-2.1688129, 42.8942534], [-2.1687868, 42.8942936], [-2.1687722, 42.8943169]]]}, "properties": {"id": "overture-f662c3303a02d74b", "osm_id": "783874298", "theme": "buildings", "type": "building", "subtype": "building", "class": "yes", "names": null, "height": 6.4, "num_floors": 2, "sources": [{"dataset": "OpenStreetMap", "record_id": "783874298"}], "update_time": "2024-11-13", "version": 1, "confidence": 0.85, "bbox": {"xmin": -2.1688246, "ymin": 42.8941133, "xmax": -2.168612, "ymax": 42.894326}}}, {"type": "Feature", "geometry": {"type": "Polygon", "coordinates": [[[-2.167968, 42.8940829], [-2.1678643, 42.8939135], [-2.1680164, 42.8938565], [-2.1681201, 42.8940259], [-2.167968, 42.8940829]]]}, "properties": {"id": "overture-f63c91603b65b34c", "osm_id": "783874299", "theme": "buildings", "type": "building", "subtype": "building", "class": "yes", "names": null, "height": 6.4, "num_floors": 2, "sources": [{"dataset": "OpenStreetMap", "record_id": "783874299"}], "update_time": "2024-11-13", "version": 1, "confidence": 0.85, "bbox": {"xmin": -2.1681201, "ymin": 42.8938565, "xmax": -2.1678643, "ymax": 42.8940829}}}, {"type": "Feature", "geometry": {"type": "Polygon", "coordinates": [[[-2.1681895, 42.8942818], [-2.1681286, 42.8943097], [-2.1679862, 42.8941196], [-2.1680718, 42.8940804], [-2.1681017, 42.8941203], [-2.1680769, 42.8941316], [-2.1681895, 42.8942818]]]}, "properties": {"id": "overture-aaaa244460afb466", "osm_id": "783874300", "theme": "buildings", "type": "building", "subtype": "building", "class": "yes", "names": null, "height": 6.4, "num_floors": 2, "sources": [{"dataset": "OpenStreetMap", "record_id": "783874300"}], "update_time": "2024-11-13", "version": 1, "confidence": 0.85, "bbox": {"xmin": -2.1681895, "ymin": 42.8940804, "xmax": -2.1679862, "ymax": 42.8943097}}}, {"type": "Feature", "geometry": {"type": "Polygon", "coordinates": [[[-2.168494, 42.8940115], [-2.1684084, 42.8940136], [-2.1682514, 42.8940174], [-2.1682403, 42.8938327], [-2.1684525, 42.8938287], [-2.168494, 42.8940115]]]}, "properties": {"id": "overture-acdc57d70697f5d2", "osm_id": "783874301", "theme": "buildings", "type": "building", "subtype": "building", "class": "yes", "names": null, "height": 0.935, "num_floors": 2, "sources": [{"dataset": "OpenStreetMap", "record_id": "783874301"}, {"dataset": "IGN_LIDAR_PNOA_3", "record_id": "lidar_783874301", "height_source": "lidar_dtm"}], "update_time": "2024-11-13", "version": 1, "confidence": 0.85, "bbox": {"xmin": -2.168494, "ymin": 42.8938287, "xmax": -2.1682403, "ymax": 42.8940174}}}, {"type": "Feature", "geometry": {"type": "Polygon", "coordinates": [[[-2.168494, 42.8940115], [-2.1685103, 42.8941137], [-2.1682767, 42.8941647], [-2.1682577, 42.8940685], [-2.1683772, 42.8940645], [-2.1683772, 42.8940478], [-2.1684149, 42.8940439], [-2.1684084, 42.8940136], [-2.168494, 42.8940115]]]}, "properties": {"id": "overture-d8a060380303891e", "osm_id": "783874302", "theme": "buildings", "type": "building", "subtype": "building", "class": "yes", "names": null, "height": 0.836, "num_floors": 2, "sources": [{"dataset": "OpenStreetMap", "record_id": "783874302"}, {"dataset": "IGN_LIDAR_PNOA_3", "record_id": "lidar_783874302", "height_source": "lidar_dtm"}], "update_time": "2024-11-13", "version": 1, "confidence": 0.85, "bbox": {"xmin": -2.1685103, "ymin": 42.8940115, "xmax": -2.1682577, "ymax": 42.8941647}}}, {"type": "Feature", "geometry": {"type": "Polygon", "coordinates": [[[-2.1685463, 42.8942212], [-2.1684436, 42.8942566], [-2.1684075, 42.8941873], [-2.1684026, 42.8941784], [-2.1685047, 42.8941455], [-2.1685463, 42.8942212]]]}, "properties": {"id": "overture-183f34a0262a530f", "osm_id": "783874303", "theme": "buildings", "type": "building", "subtype": "building", "class": "yes", "names": null, "height": 6.4, "num_floors": 2, "sources": [{"dataset": "OpenStreetMap", "record_id": "783874303"}], "update_time": "2024-11-13", "version": 1, "confidence": 0.85, "bbox": {"xmin": -2.1685463, "ymin": 42.8941455, "xmax": -2.1684026, "ymax": 42.8942566}}}, {"type": "Feature", "geometry": {"type": "Polygon", "coordinates": [[[-2.1684436, 42.8942566], [-2.1684188, 42.8942628], [-2.1683324, 42.8942907], [-2.1682969, 42.8942223], [-2.1684075, 42.8941873], [-2.1684436, 42.8942566]]]}, "properties": {"id": "overture-7d3c280034832b3a", "osm_id": "783874304", "theme": "buildings", "type": "building", "subtype": "building", "class": "yes", "names": null, "height": 6.4, "num_floors": 2, "sources": [{"dataset": "OpenStreetMap", "record_id": "783874304"}], "update_time": "2024-11-13", "version": 1, "confidence": 0.85, "bbox": {"xmin": -2.1684436, "ymin": 42.8941873, "xmax": -2.1682969, "ymax": 42.8942907}}}, {"type": "Feature", "geometry": {"type": "Polygon", "coordinates": [[[-2.1685463, 42.8942212], [-2.1685845, 42.8942891], [-2.1684552, 42.8943319], [-2.1684188, 42.8942628], [-2.1684436, 42.8942566], [-2.1685463, 42.8942212]]]}, "properties": {"id": "overture-55a974e0f7192e28", "osm_id": "783874305", "theme": "buildings", "type": "building", "subtype": "building", "class": "yes", "names": null, "height": 6.4, "num_floors": 2, "sources": [{"dataset": "OpenStreetMap", "record_id": "783874305"}], "update_time": "2024-11-13", "version": 1, "confidence": 0.85, "bbox": {"xmin": -2.1685845, "ymin": 42.8942212, "xmax": -2.1684188, "ymax": 42.8943319}}}, {"type": "Feature", "geometry": {"type": "Polygon", "coordinates": [[[-2.1684552, 42.8943319], [-2.1683991, 42.89435], [-2.168362, 42.894362], [-2.1683232, 42.8942949], [-2.1683324, 42.8942907], [-2.1684188, 42.8942628], [-2.1684552, 42.8943319]]]}, "properties": {"id": "overture-4de15c879b4a3846", "osm_id": "783874306", "theme": "buildings", "type": "building", "subtype": "building", "class": "yes", "names": null, "height": 6.4, "num_floors": 2, "sources": [{"dataset": "OpenStreetMap", "record_id": "783874306"}], "update_time": "2024-11-13", "version": 1, "confidence": 0.85, "bbox": {"xmin": -2.1684552, "ymin": 42.8942628, "xmax": -2.1683232, "ymax": 42.894362}}}, {"type": "Feature", "geometry": {"type": "Polygon", "coordinates": [[[-2.1685845, 42.8942891], [-2.1686388, 42.8943919], [-2.1685476, 42.894414], [-2.16853, 42.8943697], [-2.1684202, 42.8943963], [-2.1683991, 42.89435], [-2.1684552, 42.8943319], [-2.1685845, 42.8942891]]]}, "properties": {"id": "overture-b825b2e719a522be", "osm_id": "783874307", "theme": "buildings", "type": "building", "subtype": "building", "class": "yes", "names": null, "height": 6.4, "num_floors": 2, "sources": [{"dataset": "OpenStreetMap", "record_id": "783874307"}], "update_time": "2024-11-13", "version": 1, "confidence": 0.85, "bbox": {"xmin": -2.1686388, "ymin": 42.8942891, "xmax": -2.1683991, "ymax": 42.894414}}}, {"type": "Feature", "geometry": {"type": "Polygon", "coordinates": [[[-2.1686642, 42.8944559], [-2.1686388, 42.8943919], [-2.1685476, 42.894414], [-2.16853, 42.8943697], [-2.1684202, 42.8943963], [-2.1683942, 42.8944026], [-2.1684371, 42.8945109], [-2.1685809, 42.8944761], [-2.1686642, 42.8944559]]]}, "properties": {"id": "overture-ddc62535620d8224", "osm_id": "783874308", "theme": "buildings", "type": "building", "subtype": "building", "class": "yes", "names": null, "height": 6.4, "num_floors": 2, "sources": [{"dataset": "OpenStreetMap", "record_id": "783874308"}], "update_time": "2024-11-13", "version": 1, "confidence": 0.85, "bbox": {"xmin": -2.1686642, "ymin": 42.8943697, "xmax": -2.1683942, "ymax": 42.8945109}}}, {"type": "Feature", "geometry": {"type": "Polygon", "coordinates": [[[-2.1686337, 42.8946005], [-2.1686059, 42.8945355], [-2.1685868, 42.8945405], [-2.1685819, 42.894529], [-2.1686017, 42.8945238], [-2.1685809, 42.8944761], [-2.1684371, 42.8945109], [-2.1684324, 42.8945057], [-2.1684892, 42.8946384], [-2.1686337, 42.8946005]]]}, "properties": {"id": "overture-45b31c4f83ee237d", "osm_id": "783874309", "theme": "buildings", "type": "building", "subtype": "building", "class": "yes", "names": null, "height": 6.4, "num_floors": 2, "sources": [{"dataset": "OpenStreetMap", "record_id": "783874309"}], "update_time": "2024-11-13", "version": 1, "confidence": 0.85, "bbox": {"xmin": -2.1686337, "ymin": 42.8944761, "xmax": -2.1684324, "ymax": 42.8946384}}}, {"type": "Feature", "geometry": {"type": "Polygon", "coordinates": [[[-2.1681718, 42.8945704], [-2.168112, 42.8944782], [-2.1682276, 42.8944231], [-2.1682966, 42.8945056], [-2.1681718, 42.8945704]]]}, "properties": {"id": "overture-57ac8e7e0175ba41", "osm_id": "783874310", "theme": "buildings", "type": "building", "subtype": "building", "class": "yes", "names": null, "height": 6.4, "num_floors": 2, "sources": [{"dataset": "OpenStreetMap", "record_id": "783874310"}], "update_time": "2024-11-13", "version": 1, "confidence": 0.85, "bbox": {"xmin": -2.1682966, "ymin": 42.8944231, "xmax": -2.168112, "ymax": 42.8945704}}}, {"type": "Feature", "geometry": {"type": "Polygon", "coordinates": [[[-2.168147, 42.8945833], [-2.1681718, 42.8945704], [-2.1682966, 42.8945056], [-2.1683737, 42.8946094], [-2.168268, 42.8946631], [-2.1682268, 42.8946772], [-2.168147, 42.8945833]]]}, "properties": {"id": "overture-b934ebce0d8ebadd", "osm_id": "783874311", "theme": "buildings", "type": "building", "subtype": "building", "class": "yes", "names": null, "height": 6.4, "num_floors": 2, "sources": [{"dataset": "OpenStreetMap", "record_id": "783874311"}], "update_time": "2024-11-13", "version": 1, "confidence": 0.85, "bbox": {"xmin": -2.1683737, "ymin": 42.8945056, "xmax": -2.168147, "ymax": 42.8946772}}}, {"type": "Feature", "geometry": {"type": "Polygon", "coordinates": [[[-2.1683159, 42.8947208], [-2.168268, 42.8946631], [-2.1683737, 42.8946094], [-2.1684278, 42.8946746], [-2.1683259, 42.8947263], [-2.1683159, 42.8947208]]]}, "properties": {"id": "overture-2636ed40482fe688", "osm_id": "783874312", "theme": "buildings", "type": "building", "subtype": "building", "class": "yes", "names": null, "height": 6.4, "num_floors": 2, "sources": [{"dataset": "OpenStreetMap", "record_id": "783874312"}], "update_time": "2024-11-13", "version": 1, "confidence": 0.85, "bbox": {"xmin": -2.1684278, "ymin": 42.8946094, "xmax": -2.168268, "ymax": 42.8947263}}}, {"type": "Feature", "geometry": {"type": "Polygon", "coordinates": [[[-2.1687302, 42.8947739], [-2.168724, 42.8947592], [-2.1686908, 42.8946289], [-2.168543, 42.8946874], [-2.1686034, 42.8947945], [-2.1687302, 42.8947739]]]}, "properties": {"id": "overture-5ce36c093a00d0d9", "osm_id": "783874313", "theme": "buildings", "type": "building", "subtype": "building", "class": "yes", "names": null, "height": 6.4, "num_floors": 2, "sources": [{"dataset": "OpenStreetMap", "record_id": "783874313"}], "update_time": "2024-11-13", "version": 1, "confidence": 0.85, "bbox": {"xmin": -2.1687302, "ymin": 42.8946289, "xmax": -2.168543, "ymax": 42.8947945}}}, {"type": "Feature", "geometry": {"type": "Polygon", "coordinates": [[[-2.1690199, 42.8945602], [-2.1688219, 42.8945921], [-2.168859, 42.8946891], [-2.1688893, 42.8946816], [-2.1689118, 42.8947365], [-2.1689828, 42.8947187], [-2.1689919, 42.894741], [-2.1690735, 42.8947205], [-2.1690652, 42.8947], [-2.169095, 42.8946926], [-2.1690199, 42.8945602]]]}, "properties": {"id": "overture-35816d6993b75567", "osm_id": "783874314", "theme": "buildings", "type": "building", "subtype": "building", "class": "yes", "names": null, "height": 6.4, "num_floors": 2, "sources": [{"dataset": "OpenStreetMap", "record_id": "783874314"}], "update_time": "2024-11-13", "version": 1, "confidence": 0.85, "bbox": {"xmin": -2.169095, "ymin": 42.8945602, "xmax": -2.1688219, "ymax": 42.894741}}}, {"type": "Feature", "geometry": {"type": "Polygon", "coordinates": [[[-2.1688219, 42.8945921], [-2.1686908, 42.8946289], [-2.168724, 42.8947592], [-2.1687823, 42.8947456], [-2.1687903, 42.8947664], [-2.1688389, 42.894755], [-2.1688312, 42.8947347], [-2.1688728, 42.894725], [-2.168859, 42.8946891], [-2.1688219, 42.8945921]]]}, "properties": {"id": "overture-9d00b9e8eaec129f", "osm_id": "783874315", "theme": "buildings", "type": "building", "subtype": "building", "class": "yes", "names": null, "height": 6.4, "num_floors": 2, "sources": [{"dataset": "OpenStreetMap", "record_id": "783874315"}], "update_time": "2024-11-13", "version": 1, "confidence": 0.85, "bbox": {"xmin": -2.1688728, "ymin": 42.8945921, "xmax": -2.1686908, "ymax": 42.8947664}}}, {"type": "Feature", "geometry": {"type": "Polygon", "coordinates": [[[-2.1695509, 42.8940091], [-2.1695979, 42.8940873], [-2.169516, 42.8941173], [-2.1695503, 42.8941744], [-2.169378, 42.8942376], [-2.169354, 42.8941976], [-2.1693955, 42.8941823], [-2.1693635, 42.8941291], [-2.1693267, 42.8941426], [-2.1692862, 42.8940749], [-2.1693124, 42.8940645], [-2.1692908, 42.8940264], [-2.1692625, 42.8940362], [-2.1692316, 42.8939805], [-2.1692521, 42.8939668], [-2.1692277, 42.8939248], [-2.1692007, 42.8939339], [-2.1691699, 42.8938814], [-2.1692177, 42.8938604], [-2.1692335, 42.8938871], [-2.1692836, 42.8938667], [-2.1692749, 42.893838], [-2.1693225, 42.8938195], [-2.1693618, 42.8938793], [-2.1694371, 42.8938465], [-2.169483, 42.8939214], [-2.1694039, 42.8939504], [-2.1694592, 42.8940427], [-2.1695509, 42.8940091]]]}, "properties": {"id": "overture-fb2c8a80e656b9e5", "osm_id": "783874316", "theme": "buildings", "type": "building", "subtype": "house", "class": "house", "names": null, "height": 0.659, "num_floors": 2, "sources": [{"dataset": "OpenStreetMap", "record_id": "783874316"}, {"dataset": "IGN_LIDAR_PNOA_3", "record_id": "lidar_783874316", "height_source": "lidar_dtm"}], "update_time": "2024-11-13", "version": 1, "confidence": 0.85, "bbox": {"xmin": -2.1695979, "ymin": 42.8938195, "xmax": -2.1691699, "ymax": 42.8942376}}}, {"type": "Feature", "geometry": {"type": "Polygon", "coordinates": [[[-2.169333, 42.8937984], [-2.1691518, 42.8938682], [-2.1691129, 42.8938065], [-2.1691259, 42.893802], [-2.1692938, 42.8937361], [-2.169333, 42.8937984]]]}, "properties": {"id": "overture-b34a8b14ceac052d", "osm_id": "783874317", "theme": "buildings", "type": "building", "subtype": "building", "class": "yes", "names": null, "height": 6.4, "num_floors": 2, "sources": [{"dataset": "OpenStreetMap", "record_id": "783874317"}], "update_time": "2024-11-13", "version": 1, "confidence": 0.85, "bbox": {"xmin": -2.169333, "ymin": 42.8937361, "xmax": -2.1691129, "ymax": 42.8938682}}}, {"type": "Feature", "geometry": {"type": "Polygon", "coordinates": [[[-2.1691259, 42.893802], [-2.1690898, 42.8937458], [-2.1692933, 42.8936659], [-2.1693385, 42.8936747], [-2.169361, 42.8937097], [-2.1692938, 42.8937361], [-2.1691259, 42.893802]]]}, "properties": {"id": "overture-6b565f68a2992aac", "osm_id": "783874318", "theme": "buildings", "type": "building", "subtype": "building", "class": "yes", "names": null, "height": 6.4, "num_floors": 2, "sources": [{"dataset": "OpenStreetMap", "record_id": "783874318"}], "update_time": "2024-11-13", "version": 1, "confidence": 0.85, "bbox": {"xmin": -2.169361, "ymin": 42.8936659, "xmax": -2.1690898, "ymax": 42.893802}}}, {"type": "Feature", "geometry": {"type": "Polygon", "coordinates": [[[-2.1692217, 42.894], [-2.1691193, 42.8940387], [-2.169037, 42.8939056], [-2.1691394, 42.8938668], [-2.1692217, 42.894]]]}, "properties": {"id": "overture-76c2287636b78bb5", "osm_id": "783874319", "theme": "buildings", "type": "building", "subtype": "building", "class": "yes", "names": null, "height": 2.414, "num_floors": 2, "sources": [{"dataset": "OpenStreetMap", "record_id": "783874319"}, {"dataset": "IGN_LIDAR_PNOA_3", "record_id": "lidar_783874319", "height_source": "lidar_dtm"}], "update_time": "2024-11-13", "version": 1, "confidence": 0.85, "bbox": {"xmin": -2.1692217, "ymin": 42.8938668, "xmax": -2.169037, "ymax": 42.8940387}}}, {"type": "Feature", "geometry": {"type": "Polygon", "coordinates": [[[-2.1690719, 42.8940806], [-2.1689752, 42.8941135], [-2.1689656, 42.8941182], [-2.1688938, 42.8940026], [-2.1689193, 42.8939576], [-2.1689856, 42.8939364], [-2.1690719, 42.8940806]]]}, "properties": {"id": "overture-9df552b22fdecfed", "osm_id": "783874320", "theme": "buildings", "type": "building", "subtype": "building", "class": "yes", "names": null, "height": 6.4, "num_floors": 2, "sources": [{"dataset": "OpenStreetMap", "record_id": "783874320"}], "update_time": "2024-11-13", "version": 1, "confidence": 0.85, "bbox": {"xmin": -2.1690719, "ymin": 42.8939364, "xmax": -2.1688938, "ymax": 42.8941182}}}, {"type": "Feature", "geometry": {"type": "Polygon", "coordinates": [[[-2.1710728, 42.8944345], [-2.1705114, 42.8945415], [-2.17049, 42.8944726], [-2.1710514, 42.8943656], [-2.1710728, 42.8944345]]]}, "properties": {"id": "overture-57acf67ee33cd627", "osm_id": "783874323", "theme": "buildings", "type": "building", "subtype": "building", "class": "yes", "names": null, "height": 13.918, "num_floors": 2, "sources": [{"dataset": "OpenStreetMap", "record_id": "783874323"}, {"dataset": "IGN_LIDAR_PNOA_3", "record_id": "lidar_783874323", "height_source": "lidar_dtm"}], "update_time": "2024-11-13", "version": 1, "confidence": 0.85, "bbox": {"xmin": -2.1710728, "ymin": 42.8943656, "xmax": -2.17049, "ymax": 42.8945415}}}, {"type": "Feature", "geometry": {"type": "Polygon", "coordinates": [[[-2.1709718, 42.8942507], [-2.1704103, 42.8943578], [-2.1703887, 42.8942889], [-2.1709503, 42.8941819], [-2.1709718, 42.8942507]]]}, "properties": {"id": "overture-a1ddaff72c3da6a9", "osm_id": "783874324", "theme": "buildings", "type": "building", "subtype": "building", "class": "yes", "names": null, "height": 11.92, "num_floors": 2, "sources": [{"dataset": "OpenStreetMap", "record_id": "783874324"}, {"dataset": "IGN_LIDAR_PNOA_3", "record_id": "lidar_783874324", "height_source": "lidar_dtm"}], "update_time": "2024-11-13", "version": 1, "confidence": 0.85, "bbox": {"xmin": -2.1709718, "ymin": 42.8941819, "xmax": -2.1703887, "ymax": 42.8943578}}}, {"type": "Feature", "geometry": {"type": "Polygon", "coordinates": [[[-2.1708879, 42.8941247], [-2.1708224, 42.8941377], [-2.1707989, 42.8940701], [-2.1708647, 42.8940553], [-2.1708879, 42.8941247]]]}, "properties": {"id": "overture-702076f563e3cc99", "osm_id": "783874325", "theme": "buildings", "type": "building", "subtype": "building", "class": "yes", "names": null, "height": 7.409, "num_floors": 2, "sources": [{"dataset": "OpenStreetMap", "record_id": "783874325"}, {"dataset": "IGN_LIDAR_PNOA_3", "record_id": "lidar_783874325", "height_source": "lidar_dtm"}], "update_time": "2024-11-13", "version": 1, "confidence": 0.85, "bbox": {"xmin": -2.1708879, "ymin": 42.8940553, "xmax": -2.1707989, "ymax": 42.8941377}}}, {"type": "Feature", "geometry": {"type": "Polygon", "coordinates": [[[-2.1708008, 42.8939648], [-2.1702395, 42.8940719], [-2.170218, 42.8940029], [-2.1707794, 42.893896], [-2.1707849, 42.8939135], [-2.1708008, 42.8939648]]]}, "properties": {"id": "overture-a6d434a5b506bdfa", "osm_id": "783874326", "theme": "buildings", "type": "building", "subtype": "building", "class": "yes", "names": null, "height": 0.205, "num_floors": 2, "sources": [{"dataset": "OpenStreetMap", "record_id": "783874326"}, {"dataset": "IGN_LIDAR_PNOA_3", "record_id": "lidar_783874326", "height_source": "lidar_dtm"}], "update_time": "2024-11-13", "version": 1, "confidence": 0.85, "bbox": {"xmin": -2.1708008, "ymin": 42.893896, "xmax": -2.170218, "ymax": 42.8940719}}}, {"type": "Feature", "geometry": {"type": "Polygon", "coordinates": [[[-2.1701757, 42.8939357], [-2.1701252, 42.8938767], [-2.1706007, 42.8936279], [-2.1706511, 42.8936868], [-2.1703504, 42.8938443], [-2.1703037, 42.8938688], [-2.1702534, 42.893895], [-2.1702005, 42.8939228], [-2.1701757, 42.8939357]]]}, "properties": {"id": "overture-1a1495b45d022e31", "osm_id": "783874327", "theme": "buildings", "type": "building", "subtype": "building", "class": "yes", "names": null, "height": 6.4, "num_floors": 2, "sources": [{"dataset": "OpenStreetMap", "record_id": "783874327"}], "update_time": "2024-11-13", "version": 1, "confidence": 0.85, "bbox": {"xmin": -2.1706511, "ymin": 42.8936279, "xmax": -2.1701252, "ymax": 42.8939357}}}, {"type": "Feature", "geometry": {"type": "Polygon", "coordinates": [[[-2.1707095, 42.8938557], [-2.1706026, 42.8938817], [-2.1705813, 42.8938287], [-2.1706485, 42.8938123], [-2.1706599, 42.8938411], [-2.1706999, 42.8938314], [-2.1707095, 42.8938557]]]}, "properties": {"id": "overture-1cbd0500f57a6440", "osm_id": "783874328", "theme": "buildings", "type": "building", "subtype": "building", "class": "yes", "names": null, "height": 6.4, "num_floors": 2, "sources": [{"dataset": "OpenStreetMap", "record_id": "783874328"}], "update_time": "2024-11-13", "version": 1, "confidence": 0.85, "bbox": {"xmin": -2.1707095, "ymin": 42.8938123, "xmax": -2.1705813, "ymax": 42.8938817}}}, {"type": "Feature", "geometry": {"type": "Polygon", "coordinates": [[[-2.1705701, 42.8938788], [-2.1704836, 42.8939011], [-2.170472, 42.8938736], [-2.1705182, 42.8938616], [-2.1705043, 42.8938291], [-2.1705447, 42.8938187], [-2.1705701, 42.8938788]]]}, "properties": {"id": "overture-b591c0e03d1a62fe", "osm_id": "783874329", "theme": "buildings", "type": "building", "subtype": "building", "class": "yes", "names": null, "height": 6.4, "num_floors": 2, "sources": [{"dataset": "OpenStreetMap", "record_id": "783874329"}], "update_time": "2024-11-13", "version": 1, "confidence": 0.85, "bbox": {"xmin": -2.1705701, "ymin": 42.8938187, "xmax": -2.170472, "ymax": 42.8939011}}}, {"type": "Feature", "geometry": {"type": "Polygon", "coordinates": [[[-2.1704344, 42.8939121], [-2.1703248, 42.8939339], [-2.1703037, 42.8938688], [-2.1703504, 42.8938443], [-2.170366, 42.8938922], [-2.1704241, 42.8938806], [-2.1704344, 42.8939121]]]}, "properties": {"id": "overture-3eb73a831dac1d50", "osm_id": "783874330", "theme": "buildings", "type": "building", "subtype": "building", "class": "yes", "names": null, "height": 6.4, "num_floors": 2, "sources": [{"dataset": "OpenStreetMap", "record_id": "783874330"}], "update_time": "2024-11-13", "version": 1, "confidence": 0.85, "bbox": {"xmin": -2.1704344, "ymin": 42.8938443, "xmax": -2.1703037, "ymax": 42.8939339}}}, {"type": "Feature", "geometry": {"type": "Polygon", "coordinates": [[[-2.1702991, 42.8939383], [-2.1702081, 42.8939526], [-2.1702005, 42.8939228], [-2.1702534, 42.893895], [-2.1702581, 42.8939128], [-2.1702911, 42.8939076], [-2.1702991, 42.8939383]]]}, "properties": {"id": "overture-2ea70bded35570c5", "osm_id": "783874331", "theme": "buildings", "type": "building", "subtype": "building", "class": "yes", "names": null, "height": 6.4, "num_floors": 2, "sources": [{"dataset": "OpenStreetMap", "record_id": "783874331"}], "update_time": "2024-11-13", "version": 1, "confidence": 0.85, "bbox": {"xmin": -2.1702991, "ymin": 42.893895, "xmax": -2.1702005, "ymax": 42.8939526}}}, {"type": "Feature", "geometry": {"type": "Polygon", "coordinates": [[[-2.1700767, 42.8939897], [-2.1700585, 42.894001], [-2.1697389, 42.8941988], [-2.1696821, 42.8941427], [-2.17002, 42.8939337], [-2.1700767, 42.8939897]]]}, "properties": {"id": "overture-72a7498f9cdbf002", "osm_id": "783874332", "theme": "buildings", "type": "building", "subtype": "building", "class": "yes", "names": null, "height": 6.4, "num_floors": 2, "sources": [{"dataset": "OpenStreetMap", "record_id": "783874332"}], "update_time": "2024-11-13", "version": 1, "confidence": 0.85, "bbox": {"xmin": -2.1700767, "ymin": 42.8939337, "xmax": -2.1696821, "ymax": 42.8941988}}}, {"type": "Feature", "geometry": {"type": "Polygon", "coordinates": [[[-2.1702455, 42.8942506], [-2.1698181, 42.8943347], [-2.1697968, 42.8942685], [-2.1702244, 42.8941845], [-2.1702455, 42.8942506]]]}, "properties": {"id": "overture-dce716e504b79be7", "osm_id": "783874333", "theme": "buildings", "type": "building", "subtype": "building", "class": "yes", "names": null, "height": 6.4, "num_floors": 2, "sources": [{"dataset": "OpenStreetMap", "record_id": "783874333"}], "update_time": "2024-11-13", "version": 1, "confidence": 0.85, "bbox": {"xmin": -2.1702455, "ymin": 42.8941845, "xmax": -2.1697968, "ymax": 42.8943347}}}, {"type": "Feature", "geometry": {"type": "Polygon", "coordinates": [[[-2.1700585, 42.894001], [-2.17008, 42.8940247], [-2.1700473, 42.8940414], [-2.1700976, 42.8941043], [-2.170115, 42.8940989], [-2.1701579, 42.8940856], [-2.170139, 42.8940414], [-2.1700767, 42.8939897], [-2.1700585, 42.894001]]]}, "properties": {"id": "overture-1bf019c53c6b707b", "osm_id": "783874334", "theme": "buildings", "type": "building", "subtype": "building", "class": "yes", "names": null, "height": 6.4, "num_floors": 2, "sources": [{"dataset": "OpenStreetMap", "record_id": "783874334"}], "update_time": "2024-11-13", "version": 1, "confidence": 0.85, "bbox": {"xmin": -2.1701579, "ymin": 42.8939897, "xmax": -2.1700473, "ymax": 42.8941043}}}, {"type": "Feature", "geometry": {"type": "Polygon", "coordinates": [[[-2.1700976, 42.8941043], [-2.1700494, 42.8941234], [-2.1699883, 42.8941475], [-2.1698477, 42.8941986], [-2.1698602, 42.8942212], [-2.1699243, 42.8942016], [-2.1699971, 42.8941898], [-2.1701366, 42.8941358], [-2.170115, 42.8940989], [-2.1700976, 42.8941043]]]}, "properties": {"id": "overture-269c5e1956c7c499", "osm_id": "783874335", "theme": "buildings", "type": "building", "subtype": "building", "class": "yes", "names": null, "height": 6.4, "num_floors": 2, "sources": [{"dataset": "OpenStreetMap", "record_id": "783874335"}], "update_time": "2024-11-13", "version": 1, "confidence": 0.85, "bbox": {"xmin": -2.1701366, "ymin": 42.8940989, "xmax": -2.1698477, "ymax": 42.8942212}}}, {"type": "Feature", "geometry": {"type": "Polygon", "coordinates": [[[-2.1697378, 42.8943207], [-2.1696713, 42.8941988], [-2.1695997, 42.8942227], [-2.1696115, 42.8942443], [-2.1695368, 42.8942693], [-2.1695876, 42.8943759], [-2.1696751, 42.8943526], [-2.1696701, 42.8943433], [-2.1697378, 42.8943207]]]}, "properties": {"id": "overture-fcee2ead9c50a400", "osm_id": "783874336", "theme": "buildings", "type": "building", "subtype": "building", "class": "yes", "names": null, "height": 6.4, "num_floors": 2, "sources": [{"dataset": "OpenStreetMap", "record_id": "783874336"}], "update_time": "2024-11-13", "version": 1, "confidence": 0.85, "bbox": {"xmin": -2.1697378, "ymin": 42.8941988, "xmax": -2.1695368, "ymax": 42.8943759}}}, {"type": "Feature", "geometry": {"type": "Polygon", "coordinates": [[[-2.1695876, 42.8943759], [-2.1693904, 42.8944334], [-2.1693844, 42.8944208], [-2.1693243, 42.8944383], [-2.1693107, 42.8944097], [-2.1692882, 42.8944162], [-2.1692685, 42.8943745], [-2.1692567, 42.8943779], [-2.1692456, 42.8943545], [-2.1691358, 42.8943865], [-2.1690922, 42.8943145], [-2.1692375, 42.8942624], [-2.1692836, 42.8942501], [-2.1693054, 42.8942958], [-2.1695196, 42.8942334], [-2.1695368, 42.8942693], [-2.1695876, 42.8943759]]]}, "properties": {"id": "overture-a1a78b5369e5ecc9", "osm_id": "783874337", "theme": "buildings", "type": "building", "subtype": "building", "class": "yes", "names": null, "height": 6.4, "num_floors": 2, "sources": [{"dataset": "OpenStreetMap", "record_id": "783874337"}], "update_time": "2024-11-13", "version": 1, "confidence": 0.85, "bbox": {"xmin": -2.1695876, "ymin": 42.8942334, "xmax": -2.1690922, "ymax": 42.8944383}}}, {"type": "Feature", "geometry": {"type": "Polygon", "coordinates": [[[-2.1691358, 42.8943865], [-2.1691716, 42.8944649], [-2.1691855, 42.894459], [-2.1691905, 42.8944728], [-2.1692595, 42.8944502], [-2.1692633, 42.894457], [-2.1693243, 42.8944383], [-2.1693107, 42.8944097], [-2.1692882, 42.8944162], [-2.1692685, 42.8943745], [-2.1692567, 42.8943779], [-2.1692456, 42.8943545], [-2.1691358, 42.8943865]]]}, "properties": {"id": "overture-4036034e1cf664e2", "osm_id": "783874338", "theme": "buildings", "type": "building", "subtype": "building", "class": "yes", "names": null, "height": 6.4, "num_floors": 2, "sources": [{"dataset": "OpenStreetMap", "record_id": "783874338"}], "update_time": "2024-11-13", "version": 1, "confidence": 0.85, "bbox": {"xmin": -2.1693243, "ymin": 42.8943545, "xmax": -2.1691358, "ymax": 42.8944728}}}, {"type": "Feature", "geometry": {"type": "Polygon", "coordinates": [[[-2.1690719, 42.8940806], [-2.1690795, 42.8940943], [-2.169121, 42.8940802], [-2.1691402, 42.8940719], [-2.1691288, 42.8940473], [-2.1691193, 42.8940387], [-2.169037, 42.8939056], [-2.1689856, 42.8939364], [-2.1690719, 42.8940806]]]}, "properties": {"id": "overture-8dab51ad706aa699", "osm_id": "783874339", "theme": "buildings", "type": "building", "subtype": "building", "class": "yes", "names": null, "height": 6.4, "num_floors": 2, "sources": [{"dataset": "OpenStreetMap", "record_id": "783874339"}], "update_time": "2024-11-13", "version": 1, "confidence": 0.85, "bbox": {"xmin": -2.1691402, "ymin": 42.8939056, "xmax": -2.1689856, "ymax": 42.8940943}}}, {"type": "Feature", "geometry": {"type": "Polygon", "coordinates": [[[-2.1692375, 42.8942624], [-2.1690922, 42.8943145], [-2.1690459, 42.8942369], [-2.169191, 42.894184], [-2.1692375, 42.8942624]]]}, "properties": {"id": "overture-2ac8cd3e9fbeb3ec", "osm_id": "783874340", "theme": "buildings", "type": "building", "subtype": "building", "class": "yes", "names": null, "height": 6.4, "num_floors": 2, "sources": [{"dataset": "OpenStreetMap", "record_id": "783874340"}], "update_time": "2024-11-13", "version": 1, "confidence": 0.85, "bbox": {"xmin": -2.1692375, "ymin": 42.894184, "xmax": -2.1690459, "ymax": 42.8943145}}}, {"type": "Feature", "geometry": {"type": "Polygon", "coordinates": [[[-2.1690459, 42.8942369], [-2.1690029, 42.8941635], [-2.1691412, 42.8941164], [-2.1691476, 42.8941113], [-2.169191, 42.894184], [-2.1690459, 42.8942369]]]}, "properties": {"id": "overture-30a64759136cd490", "osm_id": "783874341", "theme": "buildings", "type": "building", "subtype": "building", "class": "yes", "names": null, "height": 6.4, "num_floors": 2, "sources": [{"dataset": "OpenStreetMap", "record_id": "783874341"}], "update_time": "2024-11-13", "version": 1, "confidence": 0.85, "bbox": {"xmin": -2.169191, "ymin": 42.8941113, "xmax": -2.1690029, "ymax": 42.8942369}}}, {"type": "Feature", "geometry": {"type": "Polygon", "coordinates": [[[-2.1690029, 42.8941635], [-2.1689752, 42.8941135], [-2.1690719, 42.8940806], [-2.1690795, 42.8940943], [-2.169121, 42.8940802], [-2.1691412, 42.8941164], [-2.1690029, 42.8941635]]]}, "properties": {"id": "overture-cefc834bd2ec4922", "osm_id": "783874342", "theme": "buildings", "type": "building", "subtype": "building", "class": "yes", "names": null, "height": 6.4, "num_floors": 2, "sources": [{"dataset": "OpenStreetMap", "record_id": "783874342"}], "update_time": "2024-11-13", "version": 1, "confidence": 0.85, "bbox": {"xmin": -2.1691412, "ymin": 42.8940802, "xmax": -2.1689752, "ymax": 42.8941635}}}, {"type": "Feature", "geometry": {"type": "Polygon", "coordinates": [[[-2.1703182, 42.8943714], [-2.1701027, 42.8944126], [-2.1700691, 42.8944191], [-2.1700343, 42.8944272], [-2.1698908, 42.8944555], [-2.1698695, 42.8943893], [-2.170297, 42.8943053], [-2.1703182, 42.8943714]]]}, "properties": {"id": "overture-fadc188018217197", "osm_id": "783874343", "theme": "buildings", "type": "building", "subtype": "building", "class": "yes", "names": null, "height": 7.682, "num_floors": 2, "sources": [{"dataset": "OpenStreetMap", "record_id": "783874343"}, {"dataset": "IGN_LIDAR_PNOA_3", "record_id": "lidar_783874343", "height_source": "lidar_dtm"}], "update_time": "2024-11-13", "version": 1, "confidence": 0.85, "bbox": {"xmin": -2.1703182, "ymin": 42.8943053, "xmax": -2.1698695, "ymax": 42.8944555}}}, {"type": "Feature", "geometry": {"type": "Polygon", "coordinates": [[[-2.1698908, 42.8944555], [-2.1699004, 42.8945012], [-2.170041, 42.8945405], [-2.1700574, 42.8944953], [-2.1700343, 42.8944272], [-2.1698908, 42.8944555]]]}, "properties": {"id": "overture-d2144255a2bad3b5", "osm_id": "783874344", "theme": "buildings", "type": "building", "subtype": "building", "class": "yes", "names": null, "height": 3.084, "num_floors": 2, "sources": [{"dataset": "OpenStreetMap", "record_id": "783874344"}, {"dataset": "IGN_LIDAR_PNOA_3", "record_id": "lidar_783874344", "height_source": "lidar_dtm"}], "update_time": "2024-11-13", "version": 1, "confidence": 0.85, "bbox": {"xmin": -2.1700574, "ymin": 42.8944272, "xmax": -2.1698908, "ymax": 42.8945405}}}, {"type": "Feature", "geometry": {"type": "Polygon", "coordinates": [[[-2.1704406, 42.8945628], [-2.1703557, 42.8945925], [-2.1702927, 42.8944825], [-2.1703775, 42.8944528], [-2.1704406, 42.8945628]]]}, "properties": {"id": "overture-a8cb5610893a71a7", "osm_id": "783874345", "theme": "buildings", "type": "building", "subtype": "building", "class": "yes", "names": null, "height": 11.691, "num_floors": 2, "sources": [{"dataset": "OpenStreetMap", "record_id": "783874345"}, {"dataset": "IGN_LIDAR_PNOA_3", "record_id": "lidar_783874345", "height_source": "lidar_dtm"}], "update_time": "2024-11-13", "version": 1, "confidence": 0.85, "bbox": {"xmin": -2.1704406, "ymin": 42.8944528, "xmax": -2.1702927, "ymax": 42.8945925}}}, {"type": "Feature", "geometry": {"type": "Polygon", "coordinates": [[[-2.1702597, 42.8945661], [-2.1701466, 42.8945612], [-2.1700574, 42.8945386], [-2.1700762, 42.8944934], [-2.1700955, 42.8945032], [-2.1701893, 42.894516], [-2.1702647, 42.8944924], [-2.1702597, 42.8945661]]]}, "properties": {"id": "overture-59c9e81e011c9e10", "osm_id": "783874346", "theme": "buildings", "type": "building", "subtype": "building", "class": "yes", "names": null, "height": 2.911, "num_floors": 2, "sources": [{"dataset": "OpenStreetMap", "record_id": "783874346"}, {"dataset": "IGN_LIDAR_PNOA_3", "record_id": "lidar_783874346", "height_source": "lidar_dtm"}], "update_time": "2024-11-13", "version": 1, "confidence": 0.85, "bbox": {"xmin": -2.1702647, "ymin": 42.8944924, "xmax": -2.1700574, "ymax": 42.8945661}}}, {"type": "Feature", "geometry": {"type": "Polygon", "coordinates": [[[-2.1700955, 42.8945032], [-2.1700691, 42.8944191], [-2.1701027, 42.8944126], [-2.1701133, 42.8944462], [-2.1701303, 42.8944429], [-2.1701276, 42.8944346], [-2.1701492, 42.8944305], [-2.1701628, 42.8944741], [-2.1701313, 42.8944801], [-2.1701361, 42.8944953], [-2.1700955, 42.8945032]]]}, "properties": {"id": "overture-3c69aac5810bdee7", "osm_id": "783874347", "theme": "buildings", "type": "building", "subtype": "building", "class": "yes", "names": null, "height": 8.146, "num_floors": 2, "sources": [{"dataset": "OpenStreetMap", "record_id": "783874347"}, {"dataset": "IGN_LIDAR_PNOA_3", "record_id": "lidar_783874347", "height_source": "lidar_dtm"}], "update_time": "2024-11-13", "version": 1, "confidence": 0.85, "bbox": {"xmin": -2.1701628, "ymin": 42.8944126, "xmax": -2.1700691, "ymax": 42.8945032}}}, {"type": "Feature", "geometry": {"type": "Polygon", "coordinates": [[[-2.1713422, 42.8933946], [-2.1712141, 42.893428], [-2.1712192, 42.8934438], [-2.1707568, 42.8935676], [-2.1707443, 42.893544], [-2.1706965, 42.8935538], [-2.1705031, 42.8932158], [-2.1710635, 42.8929919], [-2.1711952, 42.8932844], [-2.1712792, 42.8932613], [-2.1713422, 42.8933946]]]}, "properties": {"id": "overture-370e863a36bf513a", "osm_id": "784673755", "theme": "buildings", "type": "building", "subtype": "building", "class": "yes", "names": null, "height": 6.848, "num_floors": 2, "sources": [{"dataset": "OpenStreetMap", "record_id": "784673755"}, {"dataset": "IGN_LIDAR_PNOA_3", "record_id": "lidar_784673755", "height_source": "lidar_dtm"}], "update_time": "2024-11-13", "version": 1, "confidence": 0.85, "bbox": {"xmin": -2.1713422, "ymin": 42.8929919, "xmax": -2.1705031, "ymax": 42.8935676}}}, {"type": "Feature", "geometry": {"type": "Polygon", "coordinates": [[[-2.1712792, 42.8932613], [-2.1711952, 42.8932844], [-2.1710635, 42.8929919], [-2.1711474, 42.8929688], [-2.1712792, 42.8932613]]]}, "properties": {"id": "overture-e39a09b6f441ae0a", "osm_id": "784673756", "theme": "buildings", "type": "building", "subtype": "building", "class": "yes", "names": null, "height": 1.381, "num_floors": 2, "sources": [{"dataset": "OpenStreetMap", "record_id": "784673756"}, {"dataset": "IGN_LIDAR_PNOA_3", "record_id": "lidar_784673756", "height_source": "lidar_dtm"}], "update_time": "2024-11-13", "version": 1, "confidence": 0.85, "bbox": {"xmin": -2.1712792, "ymin": 42.8929688, "xmax": -2.1710635, "ymax": 42.8932844}}}, {"type": "Feature", "geometry": {"type": "Polygon", "coordinates": [[[-2.1704399, 42.893608], [-2.1704201, 42.8935788], [-2.1704453, 42.8935684], [-2.1703248, 42.8933905], [-2.1703445, 42.8933823], [-2.170334, 42.8933667], [-2.1703147, 42.8933747], [-2.1703241, 42.8933885], [-2.1703094, 42.8933946], [-2.1703344, 42.8934315], [-2.1701675, 42.8935007], [-2.1701476, 42.8934715], [-2.1700765, 42.893501], [-2.1700285, 42.8934302], [-2.1703843, 42.8932827], [-2.1705686, 42.8935547], [-2.1704399, 42.893608]]]}, "properties": {"id": "overture-ef2df96495df54e7", "osm_id": "784673757", "theme": "buildings", "type": "building", "subtype": "building", "class": "yes", "names": null, "height": 1.073, "num_floors": 2, "sources": [{"dataset": "OpenStreetMap", "record_id": "784673757"}, {"dataset": "IGN_LIDAR_PNOA_3", "record_id": "lidar_784673757", "height_source": "lidar_dtm"}], "update_time": "2024-11-13", "version": 1, "confidence": 0.85, "bbox": {"xmin": -2.1705686, "ymin": 42.8932827, "xmax": -2.1700285, "ymax": 42.893608}}}, {"type": "Feature", "geometry": {"type": "Polygon", "coordinates": [[[-2.1704231, 42.8936204], [-2.1703336, 42.8936672], [-2.170274, 42.8935975], [-2.1703746, 42.8935449], [-2.170413, 42.8935897], [-2.1704018, 42.8935955], [-2.1704231, 42.8936204]]]}, "properties": {"id": "overture-9136f9bdce6aa3a4", "osm_id": "784673758", "theme": "buildings", "type": "building", "subtype": "building", "class": "yes", "names": null, "height": 6.4, "num_floors": 2, "sources": [{"dataset": "OpenStreetMap", "record_id": "784673758"}], "update_time": "2024-11-13", "version": 1, "confidence": 0.85, "bbox": {"xmin": -2.1704231, "ymin": 42.8935449, "xmax": -2.170274, "ymax": 42.8936672}}}, {"type": "Feature", "geometry": {"type": "Polygon", "coordinates": [[[-2.1703336, 42.8936672], [-2.1702087, 42.8937442], [-2.1701353, 42.8936624], [-2.170274, 42.8935975], [-2.1703336, 42.8936672]]]}, "properties": {"id": "overture-099c1759e468d6af", "osm_id": "784673759", "theme": "buildings", "type": "building", "subtype": "building", "class": "yes", "names": null, "height": 6.4, "num_floors": 2, "sources": [{"dataset": "OpenStreetMap", "record_id": "784673759"}], "update_time": "2024-11-13", "version": 1, "confidence": 0.85, "bbox": {"xmin": -2.1703336, "ymin": 42.8935975, "xmax": -2.1701353, "ymax": 42.8937442}}}, {"type": "Feature", "geometry": {"type": "Polygon", "coordinates": [[[-2.1701591, 42.8937715], [-2.1700753, 42.8938092], [-2.1699979, 42.8937038], [-2.1700818, 42.8936662], [-2.1701591, 42.8937715]]]}, "properties": {"id": "overture-5b16a707d6fb5155", "osm_id": "784673760", "theme": "buildings", "type": "building", "subtype": "building", "class": "yes", "names": null, "height": 6.4, "num_floors": 2, "sources": [{"dataset": "OpenStreetMap", "record_id": "784673760"}], "update_time": "2024-11-13", "version": 1, "confidence": 0.85, "bbox": {"xmin": -2.1701591, "ymin": 42.8936662, "xmax": -2.1699979, "ymax": 42.8938092}}}, {"type": "Feature", "geometry": {"type": "Polygon", "coordinates": [[[-2.170068, 42.8938168], [-2.1699813, 42.8937073], [-2.1698592, 42.8937664], [-2.1698913, 42.893807], [-2.1699091, 42.8937984], [-2.1699635, 42.8938674], [-2.170068, 42.8938168]]]}, "properties": {"id": "overture-9c3317d77b729c2a", "osm_id": "784673761", "theme": "buildings", "type": "building", "subtype": "building", "class": "yes", "names": null, "height": 6.4, "num_floors": 2, "sources": [{"dataset": "OpenStreetMap", "record_id": "784673761"}], "update_time": "2024-11-13", "version": 1, "confidence": 0.85, "bbox": {"xmin": -2.170068, "ymin": 42.8937073, "xmax": -2.1698592, "ymax": 42.8938674}}}, {"type": "Feature", "geometry": {"type": "Polygon", "coordinates": [[[-2.1697844, 42.8939724], [-2.1696537, 42.8940441], [-2.1695612, 42.893858], [-2.1696648, 42.8938233], [-2.1697039, 42.8938111], [-2.1697844, 42.8939724]]]}, "properties": {"id": "overture-bbb436c74f6e57f8", "osm_id": "784673762", "theme": "buildings", "type": "building", "subtype": "building", "class": "yes", "names": null, "height": 6.4, "num_floors": 2, "sources": [{"dataset": "OpenStreetMap", "record_id": "784673762"}], "update_time": "2024-11-13", "version": 1, "confidence": 0.85, "bbox": {"xmin": -2.1697844, "ymin": 42.8938111, "xmax": -2.1695612, "ymax": 42.8940441}}}, {"type": "Feature", "geometry": {"type": "Polygon", "coordinates": [[[-2.1696648, 42.8938233], [-2.1695612, 42.893858], [-2.1695438, 42.8938639], [-2.1694364, 42.8936678], [-2.1694702, 42.8936167], [-2.169567, 42.8935845], [-2.1696196, 42.8936796], [-2.1696282, 42.8936967], [-2.1695998, 42.8937062], [-2.1696186, 42.8937405], [-2.1696527, 42.8937291], [-2.1696852, 42.8937885], [-2.1696518, 42.8937997], [-2.1696648, 42.8938233]]]}, "properties": {"id": "overture-816f99b23a2aed34", "osm_id": "784673763", "theme": "buildings", "type": "building", "subtype": "building", "class": "yes", "names": null, "height": 0.096, "num_floors": 2, "sources": [{"dataset": "OpenStreetMap", "record_id": "784673763"}, {"dataset": "IGN_LIDAR_PNOA_3", "record_id": "lidar_784673763", "height_source": "lidar_dtm"}], "update_time": "2024-11-13", "version": 1, "confidence": 0.85, "bbox": {"xmin": -2.1696852, "ymin": 42.8935845, "xmax": -2.1694364, "ymax": 42.8938639}}}, {"type": "Feature", "geometry": {"type": "Polygon", "coordinates": [[[-2.1696196, 42.8936796], [-2.1696951, 42.893654], [-2.1697064, 42.8936638], [-2.169741, 42.8936522], [-2.1696852, 42.8935487], [-2.169567, 42.8935845], [-2.1696196, 42.8936796]]]}, "properties": {"id": "overture-76d33b9284920223", "osm_id": "784673764", "theme": "buildings", "type": "building", "subtype": "building", "class": "yes", "names": null, "height": 1.881, "num_floors": 2, "sources": [{"dataset": "OpenStreetMap", "record_id": "784673764"}, {"dataset": "IGN_LIDAR_PNOA_3", "record_id": "lidar_784673764", "height_source": "lidar_dtm"}], "update_time": "2024-11-13", "version": 1, "confidence": 0.85, "bbox": {"xmin": -2.169741, "ymin": 42.8935487, "xmax": -2.169567, "ymax": 42.8936796}}}, {"type": "Feature", "geometry": {"type": "Polygon", "coordinates": [[[-2.169741, 42.8936522], [-2.1697508, 42.8936704], [-2.1698523, 42.8936369], [-2.1697866, 42.8935152], [-2.1696852, 42.8935487], [-2.169741, 42.8936522]]]}, "properties": {"id": "overture-7c3473d9a492fac6", "osm_id": "784673765", "theme": "buildings", "type": "building", "subtype": "building", "class": "yes", "names": null, "height": 1.569, "num_floors": 2, "sources": [{"dataset": "OpenStreetMap", "record_id": "784673765"}, {"dataset": "IGN_LIDAR_PNOA_3", "record_id": "lidar_784673765", "height_source": "lidar_dtm"}], "update_time": "2024-11-13", "version": 1, "confidence": 0.85, "bbox": {"xmin": -2.1698523, "ymin": 42.8935152, "xmax": -2.1696852, "ymax": 42.8936704}}}, {"type": "Feature", "geometry": {"type": "Polygon", "coordinates": [[[-2.1699118, 42.8936499], [-2.1700356, 42.8936071], [-2.1699521, 42.8934594], [-2.1698284, 42.8935021], [-2.1699118, 42.8936499]]]}, "properties": {"id": "overture-20d0e49f982efa8e", "osm_id": "784673766", "theme": "buildings", "type": "building", "subtype": "building", "class": "yes", "names": null, "height": 6.4, "num_floors": 2, "sources": [{"dataset": "OpenStreetMap", "record_id": "784673766"}], "update_time": "2024-11-13", "version": 1, "confidence": 0.85, "bbox": {"xmin": -2.1700356, "ymin": 42.8934594, "xmax": -2.1698284, "ymax": 42.8936499}}}, {"type": "Feature", "geometry": {"type": "Polygon", "coordinates": [[[-2.166499, 42.8932611], [-2.1663761, 42.8933106], [-2.1663277, 42.8932368], [-2.1664504, 42.8931874], [-2.166499, 42.8932611]]]}, "properties": {"id": "overture-fe37b9d8983b07a0", "osm_id": "784673767", "theme": "buildings", "type": "building", "subtype": "building", "class": "yes", "names": null, "height": 3.916, "num_floors": 2, "sources": [{"dataset": "OpenStreetMap", "record_id": "784673767"}, {"dataset": "IGN_LIDAR_PNOA_3", "record_id": "lidar_784673767", "height_source": "lidar_dtm"}], "update_time": "2024-11-13", "version": 1, "confidence": 0.85, "bbox": {"xmin": -2.166499, "ymin": 42.8931874, "xmax": -2.1663277, "ymax": 42.8933106}}}, {"type": "Feature", "geometry": {"type": "Polygon", "coordinates": [[[-2.1662851, 42.8920428], [-2.1663182, 42.8921875], [-2.1660724, 42.8922221], [-2.1660639, 42.8921852], [-2.1660367, 42.8920777], [-2.1662851, 42.8920428]]]}, "properties": {"id": "overture-22a40510b598da5e", "osm_id": "784673768", "theme": "buildings", "type": "building", "subtype": "building", "class": "yes", "names": null, "height": 5.315, "num_floors": 2, "sources": [{"dataset": "OpenStreetMap", "record_id": "784673768"}, {"dataset": "IGN_LIDAR_PNOA_3", "record_id": "lidar_784673768", "height_source": "lidar_dtm"}], "update_time": "2024-11-13", "version": 1, "confidence": 0.85, "bbox": {"xmin": -2.1663182, "ymin": 42.8920428, "xmax": -2.1660367, "ymax": 42.8922221}}}, {"type": "Feature", "geometry": {"type": "Polygon", "coordinates": [[[-2.1660724, 42.8922221], [-2.1660639, 42.8921852], [-2.165811, 42.892221], [-2.165844, 42.8923633], [-2.1660969, 42.8923275], [-2.1660724, 42.8922221]]]}, "properties": {"id": "overture-ac89c250baea01e2", "osm_id": "784673769", "theme": "buildings", "type": "building", "subtype": "building", "class": "yes", "names": null, "height": 2.921, "num_floors": 2, "sources": [{"dataset": "OpenStreetMap", "record_id": "784673769"}, {"dataset": "IGN_LIDAR_PNOA_3", "record_id": "lidar_784673769", "height_source": "lidar_dtm"}], "update_time": "2024-11-13", "version": 1, "confidence": 0.85, "bbox": {"xmin": -2.1660969, "ymin": 42.8921852, "xmax": -2.165811, "ymax": 42.8923633}}}, {"type": "Feature", "geometry": {"type": "Polygon", "coordinates": [[[-2.1658602, 42.8921837], [-2.1657651, 42.892205], [-2.165735, 42.8921156], [-2.1656517, 42.8919078], [-2.1656472, 42.891883], [-2.1657424, 42.8918617], [-2.1658602, 42.8921837]]]}, "properties": {"id": "overture-f4a7d7a5a65ff27c", "osm_id": "784673770", "theme": "buildings", "type": "building", "subtype": "building", "class": "yes", "names": null, "height": 5.474, "num_floors": 2, "sources": [{"dataset": "OpenStreetMap", "record_id": "784673770"}, {"dataset": "IGN_LIDAR_PNOA_3", "record_id": "lidar_784673770", "height_source": "lidar_dtm"}], "update_time": "2024-11-13", "version": 1, "confidence": 0.85, "bbox": {"xmin": -2.1658602, "ymin": 42.8918617, "xmax": -2.1656472, "ymax": 42.892205}}}, {"type": "Feature", "geometry": {"type": "Polygon", "coordinates": [[[-2.165735, 42.8921156], [-2.165587, 42.8921519], [-2.1655116, 42.8919599], [-2.1655059, 42.8919435], [-2.1656517, 42.8919078], [-2.165735, 42.8921156]]]}, "properties": {"id": "overture-d2fd556ea81c1695", "osm_id": "784673771", "theme": "buildings", "type": "building", "subtype": "building", "class": "yes", "names": null, "height": 2.564, "num_floors": 2, "sources": [{"dataset": "OpenStreetMap", "record_id": "784673771"}, {"dataset": "IGN_LIDAR_PNOA_3", "record_id": "lidar_784673771", "height_source": "lidar_dtm"}], "update_time": "2024-11-13", "version": 1, "confidence": 0.85, "bbox": {"xmin": -2.165735, "ymin": 42.8919078, "xmax": -2.1655059, "ymax": 42.8921519}}}, {"type": "Feature", "geometry": {"type": "Polygon", "coordinates": [[[-2.165587, 42.8921519], [-2.165598, 42.8921798], [-2.1654696, 42.8922107], [-2.1653832, 42.8919908], [-2.1655116, 42.8919599], [-2.165587, 42.8921519]]]}, "properties": {"id": "overture-5cabf3a962f5bc80", "osm_id": "784673772", "theme": "buildings", "type": "building", "subtype": "building", "class": "yes", "names": null, "height": 6.4, "num_floors": 2, "sources": [{"dataset": "OpenStreetMap", "record_id": "784673772"}], "update_time": "2024-11-13", "version": 1, "confidence": 0.85, "bbox": {"xmin": -2.165598, "ymin": 42.8919599, "xmax": -2.1653832, "ymax": 42.8922107}}}, {"type": "Feature", "geometry": {"type": "Polygon", "coordinates": [[[-2.1655116, 42.8919599], [-2.1655059, 42.8919435], [-2.1653503, 42.8919829], [-2.1655237, 42.8923975], [-2.165814, 42.8923317], [-2.1657651, 42.892205], [-2.165735, 42.8921156], [-2.165587, 42.8921519], [-2.165598, 42.8921798], [-2.1654696, 42.8922107], [-2.1653832, 42.8919908], [-2.1655116, 42.8919599]]]}, "properties": {"id": "overture-8e921179297a3274", "osm_id": "784673773", "theme": "buildings", "type": "building", "subtype": "building", "class": "yes", "names": null, "height": 8.963, "num_floors": 2, "sources": [{"dataset": "OpenStreetMap", "record_id": "784673773"}, {"dataset": "IGN_LIDAR_PNOA_3", "record_id": "lidar_784673773", "height_source": "lidar_dtm"}], "update_time": "2024-11-13", "version": 1, "confidence": 0.85, "bbox": {"xmin": -2.165814, "ymin": 42.8919435, "xmax": -2.1653503, "ymax": 42.8923975}}}, {"type": "Feature", "geometry": {"type": "Polygon", "coordinates": [[[-2.1653332, 42.8921114], [-2.1651329, 42.8920951], [-2.1651344, 42.8920844], [-2.1651045, 42.892082], [-2.1651159, 42.8919953], [-2.165156, 42.8919986], [-2.1651576, 42.8919863], [-2.1653478, 42.8920017], [-2.1653332, 42.8921114]]]}, "properties": {"id": "overture-311e954ed785acee", "osm_id": "784673774", "theme": "buildings", "type": "building", "subtype": "building", "class": "yes", "names": null, "height": 6.4, "num_floors": 2, "sources": [{"dataset": "OpenStreetMap", "record_id": "784673774"}], "update_time": "2024-11-13", "version": 1, "confidence": 0.85, "bbox": {"xmin": -2.1653478, "ymin": 42.8919863, "xmax": -2.1651045, "ymax": 42.8921114}}}, {"type": "Feature", "geometry": {"type": "Polygon", "coordinates": [[[-2.1652174, 42.8919581], [-2.1651048, 42.8919512], [-2.1651153, 42.8918463], [-2.1651367, 42.8918384], [-2.1652517, 42.8918455], [-2.1652483, 42.8918799], [-2.1652255, 42.8918785], [-2.1652174, 42.8919581]]]}, "properties": {"id": "overture-63a711343d51ee35", "osm_id": "784673775", "theme": "buildings", "type": "building", "subtype": "building", "class": "yes", "names": null, "height": 6.4, "num_floors": 2, "sources": [{"dataset": "OpenStreetMap", "record_id": "784673775"}], "update_time": "2024-11-13", "version": 1, "confidence": 0.85, "bbox": {"xmin": -2.1652517, "ymin": 42.8918384, "xmax": -2.1651048, "ymax": 42.8919581}}}, {"type": "Feature", "geometry": {"type": "Polygon", "coordinates": [[[-2.1648906, 42.8919156], [-2.1647573, 42.8919044], [-2.1647719, 42.8917978], [-2.1649053, 42.8918089], [-2.1648906, 42.8919156]]]}, "properties": {"id": "overture-1c93608fef17949e", "osm_id": "784673776", "theme": "buildings", "type": "building", "subtype": "building", "class": "yes", "names": null, "height": 2.022, "num_floors": 2, "sources": [{"dataset": "OpenStreetMap", "record_id": "784673776"}, {"dataset": "IGN_LIDAR_PNOA_3", "record_id": "lidar_784673776", "height_source": "lidar_dtm"}], "update_time": "2024-11-13", "version": 1, "confidence": 0.85, "bbox": {"xmin": -2.1649053, "ymin": 42.8917978, "xmax": -2.1647573, "ymax": 42.8919156}}}, {"type": "Feature", "geometry": {"type": "Polygon", "coordinates": [[[-2.1643134, 42.891464], [-2.1642667, 42.8914739], [-2.1642529, 42.891434], [-2.1640554, 42.8914756], [-2.1640331, 42.8914106], [-2.1642772, 42.8913591], [-2.1643134, 42.891464]]]}, "properties": {"id": "overture-1c97806c20769aee", "osm_id": "784673777", "theme": "buildings", "type": "building", "subtype": "building", "class": "yes", "names": {"primary": "Izelai"}, "height": 0.144, "num_floors": 2, "sources": [{"dataset": "OpenStreetMap", "record_id": "784673777"}, {"dataset": "IGN_LIDAR_PNOA_3", "record_id": "lidar_784673777", "height_source": "lidar_dtm"}], "update_time": "2024-11-13", "version": 1, "confidence": 0.85, "bbox": {"xmin": -2.1643134, "ymin": 42.8913591, "xmax": -2.1640331, "ymax": 42.8914756}}}, {"type": "Feature", "geometry": {"type": "Polygon", "coordinates": [[[-2.1632418, 42.8917668], [-2.1631193, 42.8917567], [-2.1631334, 42.8916507], [-2.1632559, 42.8916608], [-2.1632418, 42.8917668]]]}, "properties": {"id": "overture-b6c736b1b0bf73b2", "osm_id": "784673778", "theme": "buildings", "type": "building", "subtype": "building", "class": "yes", "names": null, "height": 6.4, "num_floors": 2, "sources": [{"dataset": "OpenStreetMap", "record_id": "784673778"}], "update_time": "2024-11-13", "version": 1, "confidence": 0.85, "bbox": {"xmin": -2.1632559, "ymin": 42.8916507, "xmax": -2.1631193, "ymax": 42.8917668}}}, {"type": "Feature", "geometry": {"type": "Polygon", "coordinates": [[[-2.1627324, 42.8917089], [-2.1625771, 42.8916975], [-2.1625877, 42.8916096], [-2.1627429, 42.891621], [-2.1627324, 42.8917089]]]}, "properties": {"id": "overture-4cfe665b2773f041", "osm_id": "784673779", "theme": "buildings", "type": "building", "subtype": "building", "class": "yes", "names": null, "height": 6.4, "num_floors": 2, "sources": [{"dataset": "OpenStreetMap", "record_id": "784673779"}], "update_time": "2024-11-13", "version": 1, "confidence": 0.85, "bbox": {"xmin": -2.1627429, "ymin": 42.8916096, "xmax": -2.1625771, "ymax": 42.8917089}}}, {"type": "Feature", "geometry": {"type": "Polygon", "coordinates": [[[-2.1622984, 42.891198], [-2.1622143, 42.8911371], [-2.1622745, 42.8910781], [-2.1624655, 42.8909779], [-2.1625559, 42.8910791], [-2.1624844, 42.8911135], [-2.1624468, 42.8910634], [-2.1623437, 42.8911184], [-2.162365, 42.8911371], [-2.1622984, 42.891198]]]}, "properties": {"id": "overture-f720abe93cd9b9ed", "osm_id": "784673780", "theme": "buildings", "type": "building", "subtype": "building", "class": "yes", "names": null, "height": 6.4, "num_floors": 2, "sources": [{"dataset": "OpenStreetMap", "record_id": "784673780"}], "update_time": "2024-11-13", "version": 1, "confidence": 0.85, "bbox": {"xmin": -2.1625559, "ymin": 42.8909779, "xmax": -2.1622143, "ymax": 42.891198}}}, {"type": "Feature", "geometry": {"type": "Polygon", "coordinates": [[[-2.1610152, 42.8910729], [-2.1608595, 42.8910715], [-2.1608628, 42.8908557], [-2.1610184, 42.8908571], [-2.1610152, 42.8910729]]]}, "properties": {"id": "overture-e376eb4a38626295", "osm_id": "784673781", "theme": "buildings", "type": "building", "subtype": "retail", "class": "retail", "names": null, "height": 6.4, "num_floors": 2, "sources": [{"dataset": "OpenStreetMap", "record_id": "784673781"}], "update_time": "2024-11-13", "version": 1, "confidence": 0.85, "bbox": {"xmin": -2.1610184, "ymin": 42.8908557, "xmax": -2.1608595, "ymax": 42.8910729}}}, {"type": "Feature", "geometry": {"type": "Polygon", "coordinates": [[[-2.1608512, 42.8908322], [-2.1606553, 42.8908256], [-2.1606536, 42.8908439], [-2.1605249, 42.8908413], [-2.1605215, 42.8908793], [-2.1604207, 42.8908776], [-2.1604252, 42.8908133], [-2.1601976, 42.8908038], [-2.1602138, 42.8905928], [-2.1606621, 42.8905339], [-2.1606754, 42.8905705], [-2.1607005, 42.8905692], [-2.1607005, 42.8905182], [-2.1608644, 42.8905195], [-2.1608512, 42.8908322]]]}, "properties": {"id": "overture-89bae37705289db0", "osm_id": "784673782", "theme": "buildings", "type": "building", "subtype": "industrial", "class": "industrial", "names": null, "height": 6.4, "num_floors": 2, "sources": [{"dataset": "OpenStreetMap", "record_id": "784673782"}], "update_time": "2024-11-13", "version": 1, "confidence": 0.85, "bbox": {"xmin": -2.1608644, "ymin": 42.8905182, "xmax": -2.1601976, "ymax": 42.8908793}}}, {"type": "Feature", "geometry": {"type": "Polygon", "coordinates": [[[-2.1604037, 42.8911285], [-2.1604207, 42.8908776], [-2.1604252, 42.8908133], [-2.1601976, 42.8908038], [-2.1601761, 42.8911191], [-2.1604037, 42.8911285]]]}, "properties": {"id": "overture-33c67b2fbcf219b1", "osm_id": "784673783", "theme": "buildings", "type": "building", "subtype": "industrial", "class": "industrial", "names": null, "height": 6.4, "num_floors": 2, "sources": [{"dataset": "OpenStreetMap", "record_id": "784673783"}], "update_time": "2024-11-13", "version": 1, "confidence": 0.85, "bbox": {"xmin": -2.1604252, "ymin": 42.8908038, "xmax": -2.1601761, "ymax": 42.8911285}}}, {"type": "Feature", "geometry": {"type": "Polygon", "coordinates": [[[-2.1729824, 42.89806], [-2.1728559, 42.897787], [-2.1727786, 42.8976198], [-2.1727008, 42.8974521], [-2.1724721, 42.897511], [-2.1725078, 42.8975887], [-2.1727546, 42.8981256], [-2.1729824, 42.89806]]]}, "properties": {"id": "overture-07fe860275cad5e8", "osm_id": "784673784", "theme": "buildings", "type": "building", "subtype": "college", "class": "college", "names": null, "height": 13.703, "num_floors": 2, "sources": [{"dataset": "OpenStreetMap", "record_id": "784673784"}, {"dataset": "IGN_LIDAR_PNOA_3", "record_id": "lidar_784673784", "height_source": "lidar_dtm"}], "update_time": "2024-11-13", "version": 1, "confidence": 0.85, "bbox": {"xmin": -2.1729824, "ymin": 42.8974521, "xmax": -2.1724721, "ymax": 42.8981256}}}, {"type": "Feature", "geometry": {"type": "Polygon", "coordinates": [[[-2.1725078, 42.8975887], [-2.1724721, 42.897511], [-2.1724144, 42.8973793], [-2.1721907, 42.8974462], [-2.1722836, 42.8976584], [-2.1725078, 42.8975887]]]}, "properties": {"id": "overture-65ee70ef3160d871", "osm_id": "784673785", "theme": "buildings", "type": "building", "subtype": "building", "class": "yes", "names": null, "height": 13.102, "num_floors": 2, "sources": [{"dataset": "OpenStreetMap", "record_id": "784673785"}, {"dataset": "IGN_LIDAR_PNOA_3", "record_id": "lidar_784673785", "height_source": "lidar_dtm"}], "update_time": "2024-11-13", "version": 1, "confidence": 0.85, "bbox": {"xmin": -2.1725078, "ymin": 42.8973793, "xmax": -2.1721907, "ymax": 42.8976584}}}, {"type": "Feature", "geometry": {"type": "Polygon", "coordinates": [[[-2.1728559, 42.897787], [-2.1729002, 42.897774], [-2.1732486, 42.8976721], [-2.1731959, 42.8975621], [-2.1731154, 42.8975857], [-2.1730727, 42.897509], [-2.1729547, 42.8975405], [-2.1729621, 42.8975641], [-2.1727786, 42.8976198], [-2.1728559, 42.897787]]]}, "properties": {"id": "overture-c44399f94930d060", "osm_id": "784673786", "theme": "buildings", "type": "building", "subtype": "college", "class": "college", "names": null, "height": 9.042, "num_floors": 2, "sources": [{"dataset": "OpenStreetMap", "record_id": "784673786"}, {"dataset": "IGN_LIDAR_PNOA_3", "record_id": "lidar_784673786", "height_source": "lidar_dtm"}], "update_time": "2024-11-13", "version": 1, "confidence": 0.85, "bbox": {"xmin": -2.1732486, "ymin": 42.897509, "xmax": -2.1727786, "ymax": 42.897787}}}, {"type": "Feature", "geometry": {"type": "Polygon", "coordinates": [[[-2.1727288, 42.8989206], [-2.1728725, 42.8988303], [-2.1723889, 42.8983601], [-2.1722451, 42.8984506], [-2.1727288, 42.8989206]]]}, "properties": {"id": "overture-98bc2f4510cab8d2", "osm_id": "784673787", "theme": "buildings", "type": "building", "subtype": "building", "class": "yes", "names": null, "height": 0.584, "num_floors": 2, "sources": [{"dataset": "OpenStreetMap", "record_id": "784673787"}, {"dataset": "IGN_LIDAR_PNOA_3", "record_id": "lidar_784673787", "height_source": "lidar_dtm"}], "update_time": "2024-11-13", "version": 1, "confidence": 0.85, "bbox": {"xmin": -2.1728725, "ymin": 42.8983601, "xmax": -2.1722451, "ymax": 42.8989206}}}, {"type": "Feature", "geometry": {"type": "Polygon", "coordinates": [[[-2.1724605, 42.9003387], [-2.1719335, 42.899629], [-2.1720601, 42.8995716], [-2.1725868, 42.9002813], [-2.1724605, 42.9003387]]]}, "properties": {"id": "overture-f9b94dcd78e170df", "osm_id": "784673788", "theme": "buildings", "type": "building", "subtype": "terrace", "class": "terrace", "names": null, "height": 12.558, "num_floors": 2, "sources": [{"dataset": "OpenStreetMap", "record_id": "784673788"}, {"dataset": "IGN_LIDAR_PNOA_3", "record_id": "lidar_784673788", "height_source": "lidar_dtm"}], "update_time": "2024-11-13", "version": 1, "confidence": 0.85, "bbox": {"xmin": -2.1725868, "ymin": 42.8995716, "xmax": -2.1719335, "ymax": 42.9003387}}}, {"type": "Feature", "geometry": {"type": "Polygon", "coordinates": [[[-2.172846, 42.9001139], [-2.1727304, 42.9001655], [-2.1725843, 42.8999652], [-2.1725985, 42.8999589], [-2.1727, 42.8999137], [-2.172846, 42.9001139]]]}, "properties": {"id": "overture-086208f84c352970", "osm_id": "784673789", "theme": "buildings", "type": "building", "subtype": "terrace", "class": "terrace", "names": null, "height": 6.4, "num_floors": 1, "sources": [{"dataset": "OpenStreetMap", "record_id": "784673789"}], "update_time": "2024-11-13", "version": 1, "confidence": 0.85, "bbox": {"xmin": -2.172846, "ymin": 42.8999137, "xmax": -2.1725843, "ymax": 42.9001655}}}, {"type": "Feature", "geometry": {"type": "Polygon", "coordinates": [[[-2.1728401, 42.9001584], [-2.1727, 42.9002533], [-2.1727787, 42.9003244], [-2.1729188, 42.9002295], [-2.1728401, 42.9001584]]]}, "properties": {"id": "overture-a920bb980c3b5390", "osm_id": "784673790", "theme": "buildings", "type": "building", "subtype": "detached", "class": "detached", "names": null, "height": 0.557, "num_floors": 2, "sources": [{"dataset": "OpenStreetMap", "record_id": "784673790"}, {"dataset": "IGN_LIDAR_PNOA_3", "record_id": "lidar_784673790", "height_source": "lidar_dtm"}], "update_time": "2024-11-13", "version": 1, "confidence": 0.85, "bbox": {"xmin": -2.1729188, "ymin": 42.9001584, "xmax": -2.1727, "ymax": 42.9003244}}}, {"type": "Feature", "geometry": {"type": "Polygon", "coordinates": [[[-2.1727, 42.8999137], [-2.1727274, 42.8999043], [-2.1722874, 42.899276], [-2.1721587, 42.8993311], [-2.1725985, 42.8999589], [-2.1727, 42.8999137]]]}, "properties": {"id": "overture-c20c4af38a5b6174", "osm_id": "784673791", "theme": "buildings", "type": "building", "subtype": "terrace", "class": "terrace", "names": null, "height": 6.4, "num_floors": 2, "sources": [{"dataset": "OpenStreetMap", "record_id": "784673791"}], "update_time": "2024-11-13", "version": 1, "confidence": 0.85, "bbox": {"xmin": -2.1727274, "ymin": 42.899276, "xmax": -2.1721587, "ymax": 42.8999589}}}, {"type": "Feature", "geometry": {"type": "Polygon", "coordinates": [[[-2.1720601, 42.8995716], [-2.1719528, 42.899411], [-2.1718215, 42.8994624], [-2.1719335, 42.899629], [-2.1720601, 42.8995716]]]}, "properties": {"id": "overture-0cda4abf61e4a37d", "osm_id": "784673792", "theme": "buildings", "type": "building", "subtype": "building", "class": "yes", "names": null, "height": 1.726, "num_floors": 2, "sources": [{"dataset": "OpenStreetMap", "record_id": "784673792"}, {"dataset": "IGN_LIDAR_PNOA_3", "record_id": "lidar_784673792", "height_source": "lidar_dtm"}], "update_time": "2024-11-13", "version": 1, "confidence": 0.85, "bbox": {"xmin": -2.1720601, "ymin": 42.899411, "xmax": -2.1718215, "ymax": 42.899629}}}, {"type": "Feature", "geometry": {"type": "Polygon", "coordinates": [[[-2.171822, 42.8996955], [-2.1717241, 42.8995384], [-2.1716627, 42.8995618], [-2.1716515, 42.8995439], [-2.1715953, 42.8995653], [-2.1716389, 42.8996352], [-2.1716643, 42.8996255], [-2.1716904, 42.8996674], [-2.1716706, 42.8996749], [-2.1717101, 42.8997382], [-2.171822, 42.8996955]]]}, "properties": {"id": "overture-4ae643120793e3b4", "osm_id": "784673793", "theme": "buildings", "type": "building", "subtype": "building", "class": "yes", "names": null, "height": 5.006, "num_floors": 2, "sources": [{"dataset": "OpenStreetMap", "record_id": "784673793"}, {"dataset": "IGN_LIDAR_PNOA_3", "record_id": "lidar_784673793", "height_source": "lidar_dtm"}], "update_time": "2024-11-13", "version": 1, "confidence": 0.85, "bbox": {"xmin": -2.171822, "ymin": 42.8995384, "xmax": -2.1715953, "ymax": 42.8997382}}}, {"type": "Feature", "geometry": {"type": "Polygon", "coordinates": [[[-2.1693618, 42.9011654], [-2.1692479, 42.9011429], [-2.1692776, 42.9010513], [-2.1693915, 42.9010739], [-2.1693618, 42.9011654]]]}, "properties": {"id": "overture-24bfab348bfa796b", "osm_id": "784673794", "theme": "buildings", "type": "building", "subtype": "building", "class": "yes", "names": null, "height": 6.4, "num_floors": 2, "sources": [{"dataset": "OpenStreetMap", "record_id": "784673794"}], "update_time": "2024-11-13", "version": 1, "confidence": 0.85, "bbox": {"xmin": -2.1693915, "ymin": 42.9010513, "xmax": -2.1692479, "ymax": 42.9011654}}}, {"type": "Feature", "geometry": {"type": "Polygon", "coordinates": [[[-2.1714831, 42.9015834], [-2.1713365, 42.9017428], [-2.1712214, 42.9016781], [-2.1713681, 42.9015186], [-2.1714831, 42.9015834]]]}, "properties": {"id": "overture-08a706669de9aeed", "osm_id": "784673795", "theme": "buildings", "type": "building", "subtype": "building", "class": "yes", "names": null, "height": 8.901, "num_floors": 2, "sources": [{"dataset": "OpenStreetMap", "record_id": "784673795"}, {"dataset": "IGN_LIDAR_PNOA_3", "record_id": "lidar_784673795", "height_source": "lidar_dtm"}], "update_time": "2024-11-13", "version": 1, "confidence": 0.85, "bbox": {"xmin": -2.1714831, "ymin": 42.9015186, "xmax": -2.1712214, "ymax": 42.9017428}}}, {"type": "Feature", "geometry": {"type": "Polygon", "coordinates": [[[-2.1722596, 42.9007564], [-2.1720655, 42.9005558], [-2.1721209, 42.9005229], [-2.1721674, 42.9005709], [-2.1722264, 42.9005361], [-2.172374, 42.9006887], [-2.1722596, 42.9007564]]]}, "properties": {"id": "overture-85fe633c42df2a89", "osm_id": "784673796", "theme": "buildings", "type": "building", "subtype": "building", "class": "yes", "names": null, "height": 11.145, "num_floors": 2, "sources": [{"dataset": "OpenStreetMap", "record_id": "784673796"}, {"dataset": "IGN_LIDAR_PNOA_3", "record_id": "lidar_784673796", "height_source": "lidar_dtm"}], "update_time": "2024-11-13", "version": 1, "confidence": 0.85, "bbox": {"xmin": -2.172374, "ymin": 42.9005229, "xmax": -2.1720655, "ymax": 42.9007564}}}, {"type": "Feature", "geometry": {"type": "Polygon", "coordinates": [[[-2.1728949, 42.9003893], [-2.1730683, 42.9006665], [-2.1731924, 42.9006191], [-2.1730189, 42.9003419], [-2.1728949, 42.9003893]]]}, "properties": {"id": "overture-1beb6e2753e42ff8", "osm_id": "784673797", "theme": "buildings", "type": "building", "subtype": "building", "class": "yes", "names": null, "height": 0.491, "num_floors": 2, "sources": [{"dataset": "OpenStreetMap", "record_id": "784673797"}, {"dataset": "IGN_LIDAR_PNOA_3", "record_id": "lidar_784673797", "height_source": "lidar_dtm"}], "update_time": "2024-11-13", "version": 1, "confidence": 0.85, "bbox": {"xmin": -2.1731924, "ymin": 42.9003419, "xmax": -2.1728949, "ymax": 42.9006665}}}, {"type": "Feature", "geometry": {"type": "Polygon", "coordinates": [[[-2.1709193, 42.8986738], [-2.1707936, 42.8986105], [-2.1708396, 42.8985546], [-2.1708561, 42.8985629], [-2.1708969, 42.8985136], [-2.171006, 42.8985686], [-2.1709193, 42.8986738]]]}, "properties": {"id": "overture-fb8c05c0461ce46d", "osm_id": "784673799", "theme": "buildings", "type": "building", "subtype": "building", "class": "yes", "names": null, "height": 2.48, "num_floors": 2, "sources": [{"dataset": "OpenStreetMap", "record_id": "784673799"}, {"dataset": "IGN_LIDAR_PNOA_3", "record_id": "lidar_784673799", "height_source": "lidar_dtm"}], "update_time": "2024-11-13", "version": 1, "confidence": 0.85, "bbox": {"xmin": -2.171006, "ymin": 42.8985136, "xmax": -2.1707936, "ymax": 42.8986738}}}, {"type": "Feature", "geometry": {"type": "Polygon", "coordinates": [[[-2.1727486, 42.8949022], [-2.1726288, 42.8949348], [-2.1725813, 42.8949477], [-2.1725394, 42.8948539], [-2.1726773, 42.8948163], [-2.1726895, 42.8948436], [-2.172719, 42.8948356], [-2.1727486, 42.8949022]]]}, "properties": {"id": "overture-dce8efb84f8f0bea", "osm_id": "784673801", "theme": "buildings", "type": "building", "subtype": "building", "class": "yes", "names": null, "height": 1.582, "num_floors": 2, "sources": [{"dataset": "OpenStreetMap", "record_id": "784673801"}, {"dataset": "IGN_LIDAR_PNOA_3", "record_id": "lidar_784673801", "height_source": "lidar_dtm"}], "update_time": "2024-11-13", "version": 1, "confidence": 0.85, "bbox": {"xmin": -2.1727486, "ymin": 42.8948163, "xmax": -2.1725394, "ymax": 42.8949477}}}, {"type": "Feature", "geometry": {"type": "Polygon", "coordinates": [[[-2.1728171, 42.8950501], [-2.1726942, 42.8950684], [-2.1726657, 42.8950727], [-2.1726288, 42.8949348], [-2.1727761, 42.8949061], [-2.1728171, 42.8950501]]]}, "properties": {"id": "overture-cf00d88b76baf98f", "osm_id": "784673802", "theme": "buildings", "type": "building", "subtype": "building", "class": "yes", "names": null, "height": 0.35, "num_floors": 2, "sources": [{"dataset": "OpenStreetMap", "record_id": "784673802"}, {"dataset": "IGN_LIDAR_PNOA_3", "record_id": "lidar_784673802", "height_source": "lidar_dtm"}], "update_time": "2024-11-13", "version": 1, "confidence": 0.85, "bbox": {"xmin": -2.1728171, "ymin": 42.8949061, "xmax": -2.1726288, "ymax": 42.8950727}}}, {"type": "Feature", "geometry": {"type": "Polygon", "coordinates": [[[-2.1728817, 42.8951914], [-2.1727566, 42.8952101], [-2.1727326, 42.8952123], [-2.1726942, 42.8950684], [-2.1728171, 42.8950501], [-2.1728428, 42.8950457], [-2.1728817, 42.8951914]]]}, "properties": {"id": "overture-bf45bf646642017e", "osm_id": "784673803", "theme": "buildings", "type": "building", "subtype": "building", "class": "yes", "names": null, "height": 6.4, "num_floors": 2, "sources": [{"dataset": "OpenStreetMap", "record_id": "784673803"}], "update_time": "2024-11-13", "version": 1, "confidence": 0.85, "bbox": {"xmin": -2.1728817, "ymin": 42.8950457, "xmax": -2.1726942, "ymax": 42.8952123}}}, {"type": "Feature", "geometry": {"type": "Polygon", "coordinates": [[[-2.1729461, 42.8953541], [-2.1728499, 42.8953657], [-2.1727987, 42.8953738], [-2.1727936, 42.8953518], [-2.1727566, 42.8952101], [-2.1728817, 42.8951914], [-2.1729056, 42.8951879], [-2.1729461, 42.8953541]]]}, "properties": {"id": "overture-ecc45a3009240d20", "osm_id": "784673804", "theme": "buildings", "type": "building", "subtype": "building", "class": "yes", "names": null, "height": 0.246, "num_floors": 2, "sources": [{"dataset": "OpenStreetMap", "record_id": "784673804"}, {"dataset": "IGN_LIDAR_PNOA_3", "record_id": "lidar_784673804", "height_source": "lidar_dtm"}], "update_time": "2024-11-13", "version": 1, "confidence": 0.85, "bbox": {"xmin": -2.1729461, "ymin": 42.8951879, "xmax": -2.1727566, "ymax": 42.8953738}}}, {"type": "Feature", "geometry": {"type": "Polygon", "coordinates": [[[-2.1730085, 42.8954564], [-2.1728218, 42.8954754], [-2.1728068, 42.8954088], [-2.1728572, 42.8954026], [-2.1728499, 42.8953657], [-2.1729461, 42.8953541], [-2.1729873, 42.8953491], [-2.1730085, 42.8954564]]]}, "properties": {"id": "overture-71591441e6eee6f1", "osm_id": "784673805", "theme": "buildings", "type": "building", "subtype": "building", "class": "yes", "names": null, "height": 6.4, "num_floors": 2, "sources": [{"dataset": "OpenStreetMap", "record_id": "784673805"}], "update_time": "2024-11-13", "version": 1, "confidence": 0.85, "bbox": {"xmin": -2.1730085, "ymin": 42.8953491, "xmax": -2.1728068, "ymax": 42.8954754}}}, {"type": "Feature", "geometry": {"type": "Polygon", "coordinates": [[[-2.1728218, 42.8954754], [-2.1726209, 42.8955002], [-2.1725935, 42.8953797], [-2.1727936, 42.8953518], [-2.1727987, 42.8953738], [-2.1728068, 42.8954088], [-2.1728218, 42.8954754]]]}, "properties": {"id": "overture-022c920fa95e8c45", "osm_id": "784673806", "theme": "buildings", "type": "building", "subtype": "building", "class": "yes", "names": null, "height": 14.967, "num_floors": 2, "sources": [{"dataset": "OpenStreetMap", "record_id": "784673806"}, {"dataset": "IGN_LIDAR_PNOA_3", "record_id": "lidar_784673806", "height_source": "lidar_dtm"}], "update_time": "2024-11-13", "version": 1, "confidence": 0.85, "bbox": {"xmin": -2.1728218, "ymin": 42.8953518, "xmax": -2.1725935, "ymax": 42.8955002}}}, {"type": "Feature", "geometry": {"type": "Polygon", "coordinates": [[[-2.1726209, 42.8955002], [-2.1724704, 42.8955215], [-2.1724341, 42.8953702], [-2.1725864, 42.8953481], [-2.1725935, 42.8953797], [-2.1726209, 42.8955002]]]}, "properties": {"id": "overture-f9ae54ad3920b42e", "osm_id": "784673807", "theme": "buildings", "type": "building", "subtype": "building", "class": "yes", "names": null, "height": 15.129, "num_floors": 2, "sources": [{"dataset": "OpenStreetMap", "record_id": "784673807"}, {"dataset": "IGN_LIDAR_PNOA_3", "record_id": "lidar_784673807", "height_source": "lidar_dtm"}], "update_time": "2024-11-13", "version": 1, "confidence": 0.85, "bbox": {"xmin": -2.1726209, "ymin": 42.8953481, "xmax": -2.1724341, "ymax": 42.8955215}}}, {"type": "Feature", "geometry": {"type": "Polygon", "coordinates": [[[-2.1724704, 42.8955215], [-2.1723321, 42.8955391], [-2.1723149, 42.8954466], [-2.1722995, 42.89539], [-2.1724341, 42.8953702], [-2.1724704, 42.8955215]]]}, "properties": {"id": "overture-f1a59fe48831563f", "osm_id": "784673808", "theme": "buildings", "type": "building", "subtype": "building", "class": "yes", "names": null, "height": 14.826, "num_floors": 2, "sources": [{"dataset": "OpenStreetMap", "record_id": "784673808"}, {"dataset": "IGN_LIDAR_PNOA_3", "record_id": "lidar_784673808", "height_source": "lidar_dtm"}], "update_time": "2024-11-13", "version": 1, "confidence": 0.85, "bbox": {"xmin": -2.1724704, "ymin": 42.8953702, "xmax": -2.1722995, "ymax": 42.8955391}}}, {"type": "Feature", "geometry": {"type": "Polygon", "coordinates": [[[-2.1723321, 42.8955391], [-2.1722374, 42.8955478], [-2.1722175, 42.8954577], [-2.1723149, 42.8954466], [-2.1723321, 42.8955391]]]}, "properties": {"id": "overture-e2d06ad5e2fede4e", "osm_id": "784673809", "theme": "buildings", "type": "building", "subtype": "building", "class": "yes", "names": null, "height": 9.739, "num_floors": 2, "sources": [{"dataset": "OpenStreetMap", "record_id": "784673809"}, {"dataset": "IGN_LIDAR_PNOA_3", "record_id": "lidar_784673809", "height_source": "lidar_dtm"}], "update_time": "2024-11-13", "version": 1, "confidence": 0.85, "bbox": {"xmin": -2.1723321, "ymin": 42.8954466, "xmax": -2.1722175, "ymax": 42.8955478}}}, {"type": "Feature", "geometry": {"type": "Polygon", "coordinates": [[[-2.1722374, 42.8955478], [-2.1719557, 42.8955856], [-2.1719306, 42.895471], [-2.1719256, 42.8954481], [-2.1722072, 42.8954103], [-2.1722175, 42.8954577], [-2.1722374, 42.8955478]]]}, "properties": {"id": "overture-1820017a8d7d8a55", "osm_id": "784673810", "theme": "buildings", "type": "building", "subtype": "apartments", "class": "apartments", "names": null, "height": 8.543, "num_floors": 2, "sources": [{"dataset": "OpenStreetMap", "record_id": "784673810"}, {"dataset": "IGN_LIDAR_PNOA_3", "record_id": "lidar_784673810", "height_source": "lidar_dtm"}], "update_time": "2024-11-13", "version": 1, "confidence": 0.85, "bbox": {"xmin": -2.1722374, "ymin": 42.8954103, "xmax": -2.1719256, "ymax": 42.8955856}}}, {"type": "Feature", "geometry": {"type": "Polygon", "coordinates": [[[-2.1719557, 42.8955856], [-2.1717186, 42.8956046], [-2.171569, 42.895258], [-2.1716942, 42.895222], [-2.1717285, 42.8952125], [-2.1717131, 42.8951793], [-2.1717967, 42.8951569], [-2.1718206, 42.8952102], [-2.17176, 42.8952273], [-2.1718568, 42.8954434], [-2.1718329, 42.8954523], [-2.1718504, 42.8954896], [-2.1719306, 42.895471], [-2.1719557, 42.8955856]]]}, "properties": {"id": "overture-a948a4077250707d", "osm_id": "784673811", "theme": "buildings", "type": "building", "subtype": "apartments", "class": "apartments", "names": null, "height": 13.511, "num_floors": 2, "sources": [{"dataset": "OpenStreetMap", "record_id": "784673811"}, {"dataset": "IGN_LIDAR_PNOA_3", "record_id": "lidar_784673811", "height_source": "lidar_dtm"}], "update_time": "2024-11-13", "version": 1, "confidence": 0.85, "bbox": {"xmin": -2.1719557, "ymin": 42.8951569, "xmax": -2.171569, "ymax": 42.8956046}}}, {"type": "Feature", "geometry": {"type": "Polygon", "coordinates": [[[-2.171569, 42.895258], [-2.1715113, 42.8951359], [-2.1716417, 42.8951018], [-2.1716796, 42.8951883], [-2.1716942, 42.895222], [-2.171569, 42.895258]]]}, "properties": {"id": "overture-65c2b5b3796e5d79", "osm_id": "784673812", "theme": "buildings", "type": "building", "subtype": "apartments", "class": "apartments", "names": null, "height": 9.931, "num_floors": 2, "sources": [{"dataset": "OpenStreetMap", "record_id": "784673812"}, {"dataset": "IGN_LIDAR_PNOA_3", "record_id": "lidar_784673812", "height_source": "lidar_dtm"}], "update_time": "2024-11-13", "version": 1, "confidence": 0.85, "bbox": {"xmin": -2.1716942, "ymin": 42.8951018, "xmax": -2.1715113, "ymax": 42.895258}}}, {"type": "Feature", "geometry": {"type": "Polygon", "coordinates": [[[-2.1716796, 42.8951883], [-2.1717131, 42.8951793], [-2.1717967, 42.8951569], [-2.1717583, 42.8950714], [-2.1716417, 42.8951018], [-2.1716796, 42.8951883]]]}, "properties": {"id": "overture-eccfc3cd55a54ca7", "osm_id": "784673813", "theme": "buildings", "type": "building", "subtype": "apartments", "class": "apartments", "names": null, "height": 9.939, "num_floors": 2, "sources": [{"dataset": "OpenStreetMap", "record_id": "784673813"}, {"dataset": "IGN_LIDAR_PNOA_3", "record_id": "lidar_784673813", "height_source": "lidar_dtm"}], "update_time": "2024-11-13", "version": 1, "confidence": 0.85, "bbox": {"xmin": -2.1717967, "ymin": 42.8950714, "xmax": -2.1716417, "ymax": 42.8951883}}}, {"type": "Feature", "geometry": {"type": "Polygon", "coordinates": [[[-2.1718206, 42.8952102], [-2.1725166, 42.8950191], [-2.172503, 42.8949945], [-2.1724521, 42.8948795], [-2.1717583, 42.8950714], [-2.1717967, 42.8951569], [-2.1718206, 42.8952102]]]}, "properties": {"id": "overture-3bf28c8fe93df329", "osm_id": "784673814", "theme": "buildings", "type": "building", "subtype": "apartments", "class": "apartments", "names": null, "height": 12.745, "num_floors": 2, "sources": [{"dataset": "OpenStreetMap", "record_id": "784673814"}, {"dataset": "IGN_LIDAR_PNOA_3", "record_id": "lidar_784673814", "height_source": "lidar_dtm"}], "update_time": "2024-11-13", "version": 1, "confidence": 0.85, "bbox": {"xmin": -2.1725166, "ymin": 42.8948795, "xmax": -2.1717583, "ymax": 42.8952102}}}, {"type": "Feature", "geometry": {"type": "Polygon", "coordinates": [[[-2.172503, 42.8949945], [-2.1725934, 42.89497], [-2.1725813, 42.8949477], [-2.1725394, 42.8948539], [-2.1724521, 42.8948795], [-2.172503, 42.8949945]]]}, "properties": {"id": "overture-2302983f6177a997", "osm_id": "784673815", "theme": "buildings", "type": "building", "subtype": "building", "class": "yes", "names": null, "height": 12.631, "num_floors": 2, "sources": [{"dataset": "OpenStreetMap", "record_id": "784673815"}, {"dataset": "IGN_LIDAR_PNOA_3", "record_id": "lidar_784673815", "height_source": "lidar_dtm"}], "update_time": "2024-11-13", "version": 1, "confidence": 0.85, "bbox": {"xmin": -2.1725934, "ymin": 42.8948539, "xmax": -2.1724521, "ymax": 42.8949945}}}, {"type": "Feature", "geometry": {"type": "Polygon", "coordinates": [[[-2.1715066, 42.8953989], [-2.171379, 42.895431], [-2.1713198, 42.8952899], [-2.1712965, 42.8952959], [-2.1712595, 42.895208], [-2.1714131, 42.8951685], [-2.1715066, 42.8953989]]]}, "properties": {"id": "overture-e07cbf5a1a6e9ae6", "osm_id": "784673816", "theme": "buildings", "type": "building", "subtype": "apartments", "class": "apartments", "names": null, "height": 8.607, "num_floors": 2, "sources": [{"dataset": "OpenStreetMap", "record_id": "784673816"}, {"dataset": "IGN_LIDAR_PNOA_3", "record_id": "lidar_784673816", "height_source": "lidar_dtm"}], "update_time": "2024-11-13", "version": 1, "confidence": 0.85, "bbox": {"xmin": -2.1715066, "ymin": 42.8951685, "xmax": -2.1712595, "ymax": 42.895431}}}, {"type": "Feature", "geometry": {"type": "Polygon", "coordinates": [[[-2.1715066, 42.8953989], [-2.1715816, 42.895581], [-2.1715464, 42.8956232], [-2.1714391, 42.8956276], [-2.1714329, 42.8955352], [-2.1714078, 42.8955362], [-2.1714065, 42.8955154], [-2.1713655, 42.8955171], [-2.1713346, 42.8954422], [-2.171379, 42.895431], [-2.1715066, 42.8953989]]]}, "properties": {"id": "overture-ad592f3678255e68", "osm_id": "784673817", "theme": "buildings", "type": "building", "subtype": "apartments", "class": "apartments", "names": null, "height": 9.039, "num_floors": 2, "sources": [{"dataset": "OpenStreetMap", "record_id": "784673817"}, {"dataset": "IGN_LIDAR_PNOA_3", "record_id": "lidar_784673817", "height_source": "lidar_dtm"}], "update_time": "2024-11-13", "version": 1, "confidence": 0.85, "bbox": {"xmin": -2.1715816, "ymin": 42.8953989, "xmax": -2.1713346, "ymax": 42.8956276}}}, {"type": "Feature", "geometry": {"type": "Polygon", "coordinates": [[[-2.1712408, 42.8955221], [-2.1711233, 42.8955466], [-2.1711081, 42.895502], [-2.1710844, 42.8954323], [-2.1712018, 42.8954078], [-2.1712408, 42.8955221]]]}, "properties": {"id": "overture-e98c66bfe21f9bdf", "osm_id": "784673818", "theme": "buildings", "type": "building", "subtype": "building", "class": "yes", "names": null, "height": 9.096, "num_floors": 2, "sources": [{"dataset": "OpenStreetMap", "record_id": "784673818"}, {"dataset": "IGN_LIDAR_PNOA_3", "record_id": "lidar_784673818", "height_source": "lidar_dtm"}], "update_time": "2024-11-13", "version": 1, "confidence": 0.85, "bbox": {"xmin": -2.1712408, "ymin": 42.8954078, "xmax": -2.1710844, "ymax": 42.8955466}}}, {"type": "Feature", "geometry": {"type": "Polygon", "coordinates": [[[-2.1708688, 42.895478], [-2.170986, 42.8956635], [-2.1709961, 42.8956733], [-2.1710111, 42.8956802], [-2.1710602, 42.8956802], [-2.1710588, 42.8956576], [-2.1712109, 42.8956547], [-2.1711972, 42.8955653], [-2.1710576, 42.895579], [-2.1710489, 42.8955554], [-2.1711233, 42.8955466], [-2.1711081, 42.895502], [-2.1710588, 42.8955053], [-2.1710363, 42.8954248], [-2.1709941, 42.8954337], [-2.1708688, 42.895478]]]}, "properties": {"id": "overture-0030e15b6dc05f48", "osm_id": "784673819", "theme": "buildings", "type": "building", "subtype": "apartments", "class": "apartments", "names": null, "height": 10.617, "num_floors": 2, "sources": [{"dataset": "OpenStreetMap", "record_id": "784673819"}, {"dataset": "IGN_LIDAR_PNOA_3", "record_id": "lidar_784673819", "height_source": "lidar_dtm"}], "update_time": "2024-11-13", "version": 1, "confidence": 0.85, "bbox": {"xmin": -2.1712109, "ymin": 42.8954248, "xmax": -2.1708688, "ymax": 42.8956802}}}, {"type": "Feature", "geometry": {"type": "Polygon", "coordinates": [[[-2.1731233, 42.8957077], [-2.1730567, 42.8955535], [-2.1730328, 42.8955299], [-2.173019, 42.8955397], [-2.1729787, 42.89569], [-2.1728456, 42.8957637], [-2.1729046, 42.89586], [-2.1731132, 42.8957372], [-2.1731233, 42.8957077]]]}, "properties": {"id": "overture-df23775fef775cd6", "osm_id": "784673820", "theme": "buildings", "type": "building", "subtype": "building", "class": "yes", "names": null, "height": 12.346, "num_floors": 2, "sources": [{"dataset": "OpenStreetMap", "record_id": "784673820"}, {"dataset": "IGN_LIDAR_PNOA_3", "record_id": "lidar_784673820", "height_source": "lidar_dtm"}], "update_time": "2024-11-13", "version": 1, "confidence": 0.85, "bbox": {"xmin": -2.1731233, "ymin": 42.8955299, "xmax": -2.1728456, "ymax": 42.89586}}}, {"type": "Feature", "geometry": {"type": "Polygon", "coordinates": [[[-2.1728882, 42.8956347], [-2.1727635, 42.8956469], [-2.1727521, 42.8955819], [-2.1727527, 42.8955692], [-2.1728758, 42.8955572], [-2.1728882, 42.8956347]]]}, "properties": {"id": "overture-5373eefdb624c931", "osm_id": "784673821", "theme": "buildings", "type": "building", "subtype": "building", "class": "yes", "names": null, "height": 3.12, "num_floors": 2, "sources": [{"dataset": "OpenStreetMap", "record_id": "784673821"}, {"dataset": "IGN_LIDAR_PNOA_3", "record_id": "lidar_784673821", "height_source": "lidar_dtm"}], "update_time": "2024-11-13", "version": 1, "confidence": 0.85, "bbox": {"xmin": -2.1728882, "ymin": 42.8955572, "xmax": -2.1727521, "ymax": 42.8956469}}}, {"type": "Feature", "geometry": {"type": "Polygon", "coordinates": [[[-2.1727635, 42.8956469], [-2.1727651, 42.8956556], [-2.17262, 42.8956712], [-2.1726081, 42.8955974], [-2.1727521, 42.8955819], [-2.1727635, 42.8956469]]]}, "properties": {"id": "overture-5fcd3d0707cca827", "osm_id": "784673822", "theme": "buildings", "type": "building", "subtype": "building", "class": "yes", "names": null, "height": 14.937, "num_floors": 2, "sources": [{"dataset": "OpenStreetMap", "record_id": "784673822"}, {"dataset": "IGN_LIDAR_PNOA_3", "record_id": "lidar_784673822", "height_source": "lidar_dtm"}], "update_time": "2024-11-13", "version": 1, "confidence": 0.85, "bbox": {"xmin": -2.1727651, "ymin": 42.8955819, "xmax": -2.1726081, "ymax": 42.8956712}}}, {"type": "Feature", "geometry": {"type": "Polygon", "coordinates": [[[-2.17262, 42.8956712], [-2.1726293, 42.895729], [-2.1725418, 42.8957376], [-2.1725364, 42.8957037], [-2.1724794, 42.8957093], [-2.1724797, 42.8956967], [-2.1724627, 42.8956043], [-2.1724606, 42.8955929], [-2.172605, 42.8955787], [-2.1726081, 42.8955974], [-2.17262, 42.8956712]]]}, "properties": {"id": "overture-1fa4b9661f38f038", "osm_id": "784673823", "theme": "buildings", "type": "building", "subtype": "building", "class": "yes", "names": null, "height": 14.875, "num_floors": 2, "sources": [{"dataset": "OpenStreetMap", "record_id": "784673823"}, {"dataset": "IGN_LIDAR_PNOA_3", "record_id": "lidar_784673823", "height_source": "lidar_dtm"}], "update_time": "2024-11-13", "version": 1, "confidence": 0.85, "bbox": {"xmin": -2.1726293, "ymin": 42.8955787, "xmax": -2.1724606, "ymax": 42.8957376}}}, {"type": "Feature", "geometry": {"type": "Polygon", "coordinates": [[[-2.1724797, 42.8956967], [-2.1723799, 42.895708], [-2.1723864, 42.8957434], [-2.1722175, 42.8957625], [-2.1722153, 42.89575], [-2.1720695, 42.8957664], [-2.1720679, 42.8957575], [-2.1720483, 42.8956511], [-2.1724627, 42.8956043], [-2.1724797, 42.8956967]]]}, "properties": {"id": "overture-9692bd61006a1180", "osm_id": "784673824", "theme": "buildings", "type": "building", "subtype": "building", "class": "yes", "names": null, "height": 13.679, "num_floors": 2, "sources": [{"dataset": "OpenStreetMap", "record_id": "784673824"}, {"dataset": "IGN_LIDAR_PNOA_3", "record_id": "lidar_784673824", "height_source": "lidar_dtm"}], "update_time": "2024-11-13", "version": 1, "confidence": 0.85, "bbox": {"xmin": -2.1724797, "ymin": 42.8956043, "xmax": -2.1720483, "ymax": 42.8957664}}}, {"type": "Feature", "geometry": {"type": "Polygon", "coordinates": [[[-2.1720483, 42.8956511], [-2.1719774, 42.8956556], [-2.1718618, 42.8956753], [-2.1718542, 42.8957166], [-2.172064, 42.8959514], [-2.1720757, 42.8959469], [-2.1721583, 42.895915], [-2.1721131, 42.8958433], [-2.1721004, 42.8958531], [-2.1720314, 42.8957637], [-2.1720679, 42.8957575], [-2.1720483, 42.8956511]]]}, "properties": {"id": "overture-c55bc93930d18726", "osm_id": "784673825", "theme": "buildings", "type": "building", "subtype": "apartments", "class": "apartments", "names": null, "height": 11.903, "num_floors": 2, "sources": [{"dataset": "OpenStreetMap", "record_id": "784673825"}, {"dataset": "IGN_LIDAR_PNOA_3", "record_id": "lidar_784673825", "height_source": "lidar_dtm"}], "update_time": "2024-11-13", "version": 1, "confidence": 0.85, "bbox": {"xmin": -2.1721583, "ymin": 42.8956511, "xmax": -2.1718542, "ymax": 42.8959514}}}, {"type": "Feature", "geometry": {"type": "Polygon", "coordinates": [[[-2.1720757, 42.8959469], [-2.1721004, 42.8959867], [-2.1721118, 42.8959818], [-2.172142, 42.8960349], [-2.1721533, 42.8960319], [-2.1721696, 42.8960624], [-2.1721835, 42.8960585], [-2.1722173, 42.8961066], [-2.1722299, 42.8960997], [-2.1722714, 42.8961557], [-2.1722814, 42.8961528], [-2.1722865, 42.8961616], [-2.1725403, 42.8960457], [-2.1724523, 42.8959465], [-2.1723681, 42.8959779], [-2.1723958, 42.896031], [-2.1723706, 42.8960437], [-2.1723643, 42.896028], [-2.1723468, 42.8960349], [-2.1722275, 42.8958806], [-2.1721583, 42.895915], [-2.1720757, 42.8959469]]]}, "properties": {"id": "overture-914d4e286da979ac", "osm_id": "784673826", "theme": "buildings", "type": "building", "subtype": "apartments", "class": "apartments", "names": null, "height": 11.481, "num_floors": 2, "sources": [{"dataset": "OpenStreetMap", "record_id": "784673826"}, {"dataset": "IGN_LIDAR_PNOA_3", "record_id": "lidar_784673826", "height_source": "lidar_dtm"}], "update_time": "2024-11-13", "version": 1, "confidence": 0.85, "bbox": {"xmin": -2.1725403, "ymin": 42.8958806, "xmax": -2.1720757, "ymax": 42.8961616}}}, {"type": "Feature", "geometry": {"type": "Polygon", "coordinates": [[[-2.1725403, 42.8960457], [-2.1726737, 42.8959817], [-2.1725958, 42.89584], [-2.1724283, 42.8959199], [-2.1724523, 42.8959465], [-2.1725403, 42.8960457]]]}, "properties": {"id": "overture-62595f15f2e5d20f", "osm_id": "784673827", "theme": "buildings", "type": "building", "subtype": "building", "class": "yes", "names": null, "height": 11.6, "num_floors": 2, "sources": [{"dataset": "OpenStreetMap", "record_id": "784673827"}, {"dataset": "IGN_LIDAR_PNOA_3", "record_id": "lidar_784673827", "height_source": "lidar_dtm"}], "update_time": "2024-11-13", "version": 1, "confidence": 0.85, "bbox": {"xmin": -2.1726737, "ymin": 42.89584, "xmax": -2.1724283, "ymax": 42.8960457}}}, {"type": "Feature", "geometry": {"type": "Polygon", "coordinates": [[[-2.1726737, 42.8959817], [-2.1725958, 42.89584], [-2.1725635, 42.8957812], [-2.1726752, 42.8957437], [-2.1726922, 42.8957747], [-2.1727779, 42.8959305], [-2.1727854, 42.8959442], [-2.1726737, 42.8959817]]]}, "properties": {"id": "overture-798421ee0ec852b5", "osm_id": "784673828", "theme": "buildings", "type": "building", "subtype": "building", "class": "yes", "names": null, "height": 12.413, "num_floors": 2, "sources": [{"dataset": "OpenStreetMap", "record_id": "784673828"}, {"dataset": "IGN_LIDAR_PNOA_3", "record_id": "lidar_784673828", "height_source": "lidar_dtm"}], "update_time": "2024-11-13", "version": 1, "confidence": 0.85, "bbox": {"xmin": -2.1727854, "ymin": 42.8957437, "xmax": -2.1725635, "ymax": 42.8959817}}}, {"type": "Feature", "geometry": {"type": "Polygon", "coordinates": [[[-2.1727779, 42.8959305], [-2.1729046, 42.89586], [-2.1728456, 42.8957637], [-2.1728192, 42.8957234], [-2.1726922, 42.8957747], [-2.1727779, 42.8959305]]]}, "properties": {"id": "overture-878e12e1719b1136", "osm_id": "784673829", "theme": "buildings", "type": "building", "subtype": "building", "class": "yes", "names": null, "height": 12.373, "num_floors": 2, "sources": [{"dataset": "OpenStreetMap", "record_id": "784673829"}, {"dataset": "IGN_LIDAR_PNOA_3", "record_id": "lidar_784673829", "height_source": "lidar_dtm"}], "update_time": "2024-11-13", "version": 1, "confidence": 0.85, "bbox": {"xmin": -2.1729046, "ymin": 42.8957234, "xmax": -2.1726922, "ymax": 42.8959305}}}, {"type": "Feature", "geometry": {"type": "Polygon", "coordinates": [[[-2.1735251, 42.8956075], [-2.1734461, 42.8955337], [-2.1733859, 42.8954709], [-2.173813, 42.8953638], [-2.1738972, 42.8954926], [-2.1735251, 42.8956075]]]}, "properties": {"id": "overture-1173f02892815505", "osm_id": "784673830", "theme": "buildings", "type": "building", "subtype": "building", "class": "yes", "names": null, "height": 6.4, "num_floors": 2, "sources": [{"dataset": "OpenStreetMap", "record_id": "784673830"}], "update_time": "2024-11-13", "version": 1, "confidence": 0.85, "bbox": {"xmin": -2.1738972, "ymin": 42.8953638, "xmax": -2.1733859, "ymax": 42.8956075}}}, {"type": "Feature", "geometry": {"type": "Polygon", "coordinates": [[[-2.1739428, 42.8954995], [-2.1738394, 42.8953805], [-2.1742219, 42.8952757], [-2.1742795, 42.8954084], [-2.1739428, 42.8954995]]]}, "properties": {"id": "overture-9010ef53631ada66", "osm_id": "784673831", "theme": "buildings", "type": "building", "subtype": "building", "class": "yes", "names": null, "height": 6.4, "num_floors": 2, "sources": [{"dataset": "OpenStreetMap", "record_id": "784673831"}], "update_time": "2024-11-13", "version": 1, "confidence": 0.85, "bbox": {"xmin": -2.1742795, "ymin": 42.8952757, "xmax": -2.1738394, "ymax": 42.8954995}}}, {"type": "Feature", "geometry": {"type": "Polygon", "coordinates": [[[-2.1742219, 42.8952757], [-2.1742795, 42.8954084], [-2.1742854, 42.8954217], [-2.1746919, 42.8953008], [-2.1746948, 42.8952985], [-2.1746216, 42.8951567], [-2.1742219, 42.8952757]]]}, "properties": {"id": "overture-4d8db5b63b98bebe", "osm_id": "784673832", "theme": "buildings", "type": "building", "subtype": "building", "class": "yes", "names": null, "height": 6.4, "num_floors": 2, "sources": [{"dataset": "OpenStreetMap", "record_id": "784673832"}], "update_time": "2024-11-13", "version": 1, "confidence": 0.85, "bbox": {"xmin": -2.1746948, "ymin": 42.8951567, "xmax": -2.1742219, "ymax": 42.8954217}}}, {"type": "Feature", "geometry": {"type": "Polygon", "coordinates": [[[-2.1746948, 42.8952985], [-2.1747093, 42.8953263], [-2.1747782, 42.8953049], [-2.1746935, 42.8951359], [-2.1746216, 42.8951567], [-2.1746948, 42.8952985]]]}, "properties": {"id": "overture-bfaa395d9370ae44", "osm_id": "784673833", "theme": "buildings", "type": "building", "subtype": "building", "class": "yes", "names": null, "height": 6.4, "num_floors": 2, "sources": [{"dataset": "OpenStreetMap", "record_id": "784673833"}], "update_time": "2024-11-13", "version": 1, "confidence": 0.85, "bbox": {"xmin": -2.1747782, "ymin": 42.8951359, "xmax": -2.1746216, "ymax": 42.8953263}}}, {"type": "Feature", "geometry": {"type": "Polygon", "coordinates": [[[-2.1747782, 42.8953049], [-2.1748587, 42.8952803], [-2.1747739, 42.8951112], [-2.1746935, 42.8951359], [-2.1747782, 42.8953049]]]}, "properties": {"id": "overture-f31f5baf4dcf9253", "osm_id": "784673834", "theme": "buildings", "type": "building", "subtype": "building", "class": "yes", "names": null, "height": 6.4, "num_floors": 2, "sources": [{"dataset": "OpenStreetMap", "record_id": "784673834"}], "update_time": "2024-11-13", "version": 1, "confidence": 0.85, "bbox": {"xmin": -2.1748587, "ymin": 42.8951112, "xmax": -2.1746935, "ymax": 42.8953049}}}, {"type": "Feature", "geometry": {"type": "Polygon", "coordinates": [[[-2.1739428, 42.8954995], [-2.1739569, 42.8955315], [-2.1740991, 42.895493], [-2.1741118, 42.8955217], [-2.1741337, 42.8955157], [-2.1741386, 42.8955267], [-2.1743111, 42.8954801], [-2.1742854, 42.8954217], [-2.1742795, 42.8954084], [-2.1739428, 42.8954995]]]}, "properties": {"id": "overture-b99cceeb3396ddee", "osm_id": "784673835", "theme": "buildings", "type": "building", "subtype": "building", "class": "yes", "names": null, "height": 6.4, "num_floors": 2, "sources": [{"dataset": "OpenStreetMap", "record_id": "784673835"}], "update_time": "2024-11-13", "version": 1, "confidence": 0.85, "bbox": {"xmin": -2.1743111, "ymin": 42.8954084, "xmax": -2.1739428, "ymax": 42.8955315}}}, {"type": "Feature", "geometry": {"type": "Polygon", "coordinates": [[[-2.1749157, 42.8949962], [-2.1750041, 42.8949738], [-2.175023, 42.8949414], [-2.1749076, 42.8946621], [-2.1747842, 42.8946933], [-2.1748288, 42.894801], [-2.1748626, 42.8947924], [-2.1748731, 42.894818], [-2.1748449, 42.8948252], [-2.1749157, 42.8949962]]]}, "properties": {"id": "overture-c8d9fd36de9206b4", "osm_id": "784673836", "theme": "buildings", "type": "building", "subtype": "building", "class": "yes", "names": null, "height": 6.4, "num_floors": 2, "sources": [{"dataset": "OpenStreetMap", "record_id": "784673836"}], "update_time": "2024-11-13", "version": 1, "confidence": 0.85, "bbox": {"xmin": -2.175023, "ymin": 42.8946621, "xmax": -2.1747842, "ymax": 42.8949962}}}, {"type": "Feature", "geometry": {"type": "Polygon", "coordinates": [[[-2.1749025, 42.89499], [-2.1748648, 42.8948971], [-2.1747776, 42.8949187], [-2.1748153, 42.8950116], [-2.1749025, 42.89499]]]}, "properties": {"id": "overture-d3c77e9c83eff58e", "osm_id": "784673837", "theme": "buildings", "type": "building", "subtype": "building", "class": "yes", "names": null, "height": 6.4, "num_floors": 2, "sources": [{"dataset": "OpenStreetMap", "record_id": "784673837"}], "update_time": "2024-11-13", "version": 1, "confidence": 0.85, "bbox": {"xmin": -2.1749025, "ymin": 42.8948971, "xmax": -2.1747776, "ymax": 42.8950116}}}, {"type": "Feature", "geometry": {"type": "Polygon", "coordinates": [[[-2.1746446, 42.8950632], [-2.1743347, 42.8951413], [-2.1742723, 42.8950063], [-2.1742713, 42.8949934], [-2.1743666, 42.8949706], [-2.1743852, 42.895018], [-2.1744124, 42.8950115], [-2.1743934, 42.894963], [-2.1745872, 42.8949166], [-2.1746446, 42.8950632]]]}, "properties": {"id": "overture-c30c08d1c63b45e4", "osm_id": "784673838", "theme": "buildings", "type": "building", "subtype": "building", "class": "yes", "names": null, "height": 6.4, "num_floors": 2, "sources": [{"dataset": "OpenStreetMap", "record_id": "784673838"}], "update_time": "2024-11-13", "version": 1, "confidence": 0.85, "bbox": {"xmin": -2.1746446, "ymin": 42.8949166, "xmax": -2.1742713, "ymax": 42.8951413}}}, {"type": "Feature", "geometry": {"type": "Polygon", "coordinates": [[[-2.1743347, 42.8951413], [-2.1742052, 42.8951736], [-2.1741841, 42.8951235], [-2.1741492, 42.8950411], [-2.1742723, 42.8950063], [-2.1743347, 42.8951413]]]}, "properties": {"id": "overture-96f6c11a080d8f1c", "osm_id": "784673839", "theme": "buildings", "type": "building", "subtype": "building", "class": "yes", "names": null, "height": 6.4, "num_floors": 2, "sources": [{"dataset": "OpenStreetMap", "record_id": "784673839"}], "update_time": "2024-11-13", "version": 1, "confidence": 0.85, "bbox": {"xmin": -2.1743347, "ymin": 42.8950063, "xmax": -2.1741492, "ymax": 42.8951736}}}, {"type": "Feature", "geometry": {"type": "Polygon", "coordinates": [[[-2.1742052, 42.8951736], [-2.1739669, 42.8952368], [-2.1739314, 42.8951529], [-2.1739603, 42.8951454], [-2.1739469, 42.8951137], [-2.174003, 42.8950993], [-2.1740127, 42.8951222], [-2.1740636, 42.8951091], [-2.1740593, 42.895099], [-2.1741341, 42.8950797], [-2.1741557, 42.8951309], [-2.1741841, 42.8951235], [-2.1742052, 42.8951736]]]}, "properties": {"id": "overture-1df752020982c418", "osm_id": "784673840", "theme": "buildings", "type": "building", "subtype": "building", "class": "yes", "names": null, "height": 6.4, "num_floors": 2, "sources": [{"dataset": "OpenStreetMap", "record_id": "784673840"}], "update_time": "2024-11-13", "version": 1, "confidence": 0.85, "bbox": {"xmin": -2.1742052, "ymin": 42.8950797, "xmax": -2.1739314, "ymax": 42.8952368}}}, {"type": "Feature", "geometry": {"type": "Polygon", "coordinates": [[[-2.1739669, 42.8952368], [-2.1738162, 42.8952783], [-2.1737651, 42.8951596], [-2.1739175, 42.8951201], [-2.1739314, 42.8951529], [-2.1739669, 42.8952368]]]}, "properties": {"id": "overture-bd516a96f4333155", "osm_id": "784673841", "theme": "buildings", "type": "building", "subtype": "building", "class": "yes", "names": null, "height": 0.504, "num_floors": 2, "sources": [{"dataset": "OpenStreetMap", "record_id": "784673841"}, {"dataset": "IGN_LIDAR_PNOA_3", "record_id": "lidar_784673841", "height_source": "lidar_dtm"}], "update_time": "2024-11-13", "version": 1, "confidence": 0.85, "bbox": {"xmin": -2.1739669, "ymin": 42.8951201, "xmax": -2.1737651, "ymax": 42.8952783}}}, {"type": "Feature", "geometry": {"type": "Polygon", "coordinates": [[[-2.1738162, 42.8952783], [-2.1735244, 42.8953557], [-2.1734637, 42.8952127], [-2.1734596, 42.895207], [-2.1737522, 42.8951298], [-2.1737651, 42.8951596], [-2.1738162, 42.8952783]]]}, "properties": {"id": "overture-9a25a734949c794b", "osm_id": "784673842", "theme": "buildings", "type": "building", "subtype": "building", "class": "yes", "names": null, "height": 0.504, "num_floors": 2, "sources": [{"dataset": "OpenStreetMap", "record_id": "784673842"}, {"dataset": "IGN_LIDAR_PNOA_3", "record_id": "lidar_784673842", "height_source": "lidar_dtm"}], "update_time": "2024-11-13", "version": 1, "confidence": 0.85, "bbox": {"xmin": -2.1738162, "ymin": 42.8951298, "xmax": -2.1734596, "ymax": 42.8953557}}}, {"type": "Feature", "geometry": {"type": "Polygon", "coordinates": [[[-2.1735244, 42.8953557], [-2.1734165, 42.8953837], [-2.1733558, 42.8952406], [-2.1734637, 42.8952127], [-2.1735244, 42.8953557]]]}, "properties": {"id": "overture-dcfac5c512c86893", "osm_id": "784673843", "theme": "buildings", "type": "building", "subtype": "building", "class": "yes", "names": null, "height": 6.4, "num_floors": 2, "sources": [{"dataset": "OpenStreetMap", "record_id": "784673843"}], "update_time": "2024-11-13", "version": 1, "confidence": 0.85, "bbox": {"xmin": -2.1735244, "ymin": 42.8952127, "xmax": -2.1733558, "ymax": 42.8953837}}}, {"type": "Feature", "geometry": {"type": "Polygon", "coordinates": [[[-2.1734165, 42.8953837], [-2.173274, 42.895411], [-2.1732355, 42.8953241], [-2.1732062, 42.8952577], [-2.1733444, 42.8952165], [-2.1733558, 42.8952406], [-2.1734165, 42.8953837]]]}, "properties": {"id": "overture-3c90d3ef16904df5", "osm_id": "784673844", "theme": "buildings", "type": "building", "subtype": "building", "class": "yes", "names": null, "height": 2.743, "num_floors": 2, "sources": [{"dataset": "OpenStreetMap", "record_id": "784673844"}, {"dataset": "IGN_LIDAR_PNOA_3", "record_id": "lidar_784673844", "height_source": "lidar_dtm"}], "update_time": "2024-11-13", "version": 1, "confidence": 0.85, "bbox": {"xmin": -2.1734165, "ymin": 42.8952165, "xmax": -2.1732062, "ymax": 42.895411}}}, {"type": "Feature", "geometry": {"type": "Polygon", "coordinates": [[[-2.173274, 42.895411], [-2.1731723, 42.8954248], [-2.1731408, 42.895409], [-2.1731094, 42.8953393], [-2.173181, 42.8953187], [-2.1731899, 42.8953354], [-2.1732355, 42.8953241], [-2.173274, 42.895411]]]}, "properties": {"id": "overture-31b203565afb7e16", "osm_id": "784673845", "theme": "buildings", "type": "building", "subtype": "building", "class": "yes", "names": null, "height": 6.4, "num_floors": 2, "sources": [{"dataset": "OpenStreetMap", "record_id": "784673845"}], "update_time": "2024-11-13", "version": 1, "confidence": 0.85, "bbox": {"xmin": -2.173274, "ymin": 42.8953187, "xmax": -2.1731094, "ymax": 42.8954248}}}, {"type": "Feature", "geometry": {"type": "Polygon", "coordinates": [[[-2.173164, 42.8953091], [-2.1730908, 42.8953311], [-2.1730258, 42.8951985], [-2.173148, 42.8951619], [-2.1731791, 42.8952253], [-2.1731301, 42.89524], [-2.173164, 42.8953091]]]}, "properties": {"id": "overture-b1646bb0b1242dcc", "osm_id": "784673846", "theme": "buildings", "type": "building", "subtype": "building", "class": "yes", "names": null, "height": 9.411, "num_floors": 2, "sources": [{"dataset": "OpenStreetMap", "record_id": "784673846"}, {"dataset": "IGN_LIDAR_PNOA_3", "record_id": "lidar_784673846", "height_source": "lidar_dtm"}], "update_time": "2024-11-13", "version": 1, "confidence": 0.85, "bbox": {"xmin": -2.1731791, "ymin": 42.8951619, "xmax": -2.1730258, "ymax": 42.8953311}}}, {"type": "Feature", "geometry": {"type": "Polygon", "coordinates": [[[-2.1760038, 42.8952275], [-2.1758929, 42.8951957], [-2.1759265, 42.8951243], [-2.1760374, 42.8951561], [-2.1760038, 42.8952275]]]}, "properties": {"id": "overture-011015f7bd4cd273", "osm_id": "784673847", "theme": "buildings", "type": "building", "subtype": "building", "class": "yes", "names": null, "height": 6.4, "num_floors": 2, "sources": [{"dataset": "OpenStreetMap", "record_id": "784673847"}], "update_time": "2024-11-13", "version": 1, "confidence": 0.85, "bbox": {"xmin": -2.1760374, "ymin": 42.8951243, "xmax": -2.1758929, "ymax": 42.8952275}}}, {"type": "Feature", "geometry": {"type": "Polygon", "coordinates": [[[-2.1765585, 42.8952543], [-2.1763661, 42.8951875], [-2.1764089, 42.8951121], [-2.1766013, 42.8951788], [-2.1765585, 42.8952543]]]}, "properties": {"id": "overture-c4d009989f86d952", "osm_id": "784673848", "theme": "buildings", "type": "building", "subtype": "building", "class": "yes", "names": null, "height": 2.909, "num_floors": 2, "sources": [{"dataset": "OpenStreetMap", "record_id": "784673848"}, {"dataset": "IGN_LIDAR_PNOA_3", "record_id": "lidar_784673848", "height_source": "lidar_dtm"}], "update_time": "2024-11-13", "version": 1, "confidence": 0.85, "bbox": {"xmin": -2.1766013, "ymin": 42.8951121, "xmax": -2.1763661, "ymax": 42.8952543}}}, {"type": "Feature", "geometry": {"type": "Polygon", "coordinates": [[[-2.1764013, 42.8953729], [-2.1762168, 42.8953024], [-2.1762608, 42.8952318], [-2.1764455, 42.8953024], [-2.1764013, 42.8953729]]]}, "properties": {"id": "overture-cd72a0bac8eedfc2", "osm_id": "784673849", "theme": "buildings", "type": "building", "subtype": "building", "class": "yes", "names": null, "height": 4.692, "num_floors": 2, "sources": [{"dataset": "OpenStreetMap", "record_id": "784673849"}, {"dataset": "IGN_LIDAR_PNOA_3", "record_id": "lidar_784673849", "height_source": "lidar_dtm"}], "update_time": "2024-11-13", "version": 1, "confidence": 0.85, "bbox": {"xmin": -2.1764455, "ymin": 42.8952318, "xmax": -2.1762168, "ymax": 42.8953729}}}, {"type": "Feature", "geometry": {"type": "Polygon", "coordinates": [[[-2.1769725, 42.8952665], [-2.1769102, 42.8953404], [-2.176885, 42.8953542], [-2.1768624, 42.8953562], [-2.1767431, 42.8952946], [-2.1768292, 42.8951926], [-2.1769725, 42.8952665]]]}, "properties": {"id": "overture-3d62a30d616d9a9a", "osm_id": "784673850", "theme": "buildings", "type": "building", "subtype": "building", "class": "yes", "names": null, "height": 6.4, "num_floors": 2, "sources": [{"dataset": "OpenStreetMap", "record_id": "784673850"}], "update_time": "2024-11-13", "version": 1, "confidence": 0.85, "bbox": {"xmin": -2.1769725, "ymin": 42.8951926, "xmax": -2.1767431, "ymax": 42.8953562}}}, {"type": "Feature", "geometry": {"type": "Polygon", "coordinates": [[[-2.1769755, 42.8952402], [-2.1768447, 42.8951793], [-2.1768951, 42.8951184], [-2.1770458, 42.8951616], [-2.1769755, 42.8952402]]]}, "properties": {"id": "overture-7b4983aa7902664a", "osm_id": "784673851", "theme": "buildings", "type": "building", "subtype": "building", "class": "yes", "names": null, "height": 7.767, "num_floors": 2, "sources": [{"dataset": "OpenStreetMap", "record_id": "784673851"}, {"dataset": "IGN_LIDAR_PNOA_3", "record_id": "lidar_784673851", "height_source": "lidar_dtm"}], "update_time": "2024-11-13", "version": 1, "confidence": 0.85, "bbox": {"xmin": -2.1770458, "ymin": 42.8951184, "xmax": -2.1768447, "ymax": 42.8952402}}}, {"type": "Feature", "geometry": {"type": "Polygon", "coordinates": [[[-2.1771686, 42.8952332], [-2.177127, 42.8951891], [-2.1772267, 42.8951318], [-2.1772669, 42.8951746], [-2.1772046, 42.8952139], [-2.1771686, 42.8952332]]]}, "properties": {"id": "overture-2a77cb5b1599dbaa", "osm_id": "784673852", "theme": "buildings", "type": "building", "subtype": "building", "class": "yes", "names": null, "height": 10.081, "num_floors": 2, "sources": [{"dataset": "OpenStreetMap", "record_id": "784673852"}, {"dataset": "IGN_LIDAR_PNOA_3", "record_id": "lidar_784673852", "height_source": "lidar_dtm"}], "update_time": "2024-11-13", "version": 1, "confidence": 0.85, "bbox": {"xmin": -2.1772669, "ymin": 42.8951318, "xmax": -2.177127, "ymax": 42.8952332}}}, {"type": "Feature", "geometry": {"type": "Polygon", "coordinates": [[[-2.1772046, 42.8952139], [-2.1772445, 42.8952526], [-2.1772509, 42.895248], [-2.1773541, 42.8951857], [-2.177313, 42.8951457], [-2.1772669, 42.8951746], [-2.1772046, 42.8952139]]]}, "properties": {"id": "overture-6d5e9c9daf133efa", "osm_id": "784673853", "theme": "buildings", "type": "building", "subtype": "building", "class": "yes", "names": null, "height": 6.4, "num_floors": 2, "sources": [{"dataset": "OpenStreetMap", "record_id": "784673853"}], "update_time": "2024-11-13", "version": 1, "confidence": 0.85, "bbox": {"xmin": -2.1773541, "ymin": 42.8951457, "xmax": -2.1772046, "ymax": 42.8952526}}}, {"type": "Feature", "geometry": {"type": "Polygon", "coordinates": [[[-2.1772509, 42.895248], [-2.1772612, 42.8952583], [-2.1772904, 42.8952407], [-2.1773209, 42.8952717], [-2.1773539, 42.8952532], [-2.1774179, 42.8952107], [-2.1773787, 42.8951709], [-2.1773541, 42.8951857], [-2.1772509, 42.895248]]]}, "properties": {"id": "overture-cecfc086d08245ac", "osm_id": "784673854", "theme": "buildings", "type": "building", "subtype": "building", "class": "yes", "names": null, "height": 15.783, "num_floors": 2, "sources": [{"dataset": "OpenStreetMap", "record_id": "784673854"}, {"dataset": "IGN_LIDAR_PNOA_3", "record_id": "lidar_784673854", "height_source": "lidar_dtm"}], "update_time": "2024-11-13", "version": 1, "confidence": 0.85, "bbox": {"xmin": -2.1774179, "ymin": 42.8951709, "xmax": -2.1772509, "ymax": 42.8952717}}}, {"type": "Feature", "geometry": {"type": "Polygon", "coordinates": [[[-2.1773539, 42.8952532], [-2.1773918, 42.8952882], [-2.1774184, 42.8952717], [-2.1774931, 42.8952233], [-2.1774535, 42.895187], [-2.1774179, 42.8952107], [-2.1773539, 42.8952532]]]}, "properties": {"id": "overture-f32a9488ff8a2077", "osm_id": "784673855", "theme": "buildings", "type": "building", "subtype": "building", "class": "yes", "names": null, "height": 6.421, "num_floors": 2, "sources": [{"dataset": "OpenStreetMap", "record_id": "784673855"}, {"dataset": "IGN_LIDAR_PNOA_3", "record_id": "lidar_784673855", "height_source": "lidar_dtm"}], "update_time": "2024-11-13", "version": 1, "confidence": 0.85, "bbox": {"xmin": -2.1774931, "ymin": 42.895187, "xmax": -2.1773539, "ymax": 42.8952882}}}, {"type": "Feature", "geometry": {"type": "Polygon", "coordinates": [[[-2.1774184, 42.8952717], [-2.17746, 42.895311], [-2.1775636, 42.8952439], [-2.177522, 42.8952046], [-2.1774931, 42.8952233], [-2.1774184, 42.8952717]]]}, "properties": {"id": "overture-33f483216d817061", "osm_id": "784673856", "theme": "buildings", "type": "building", "subtype": "building", "class": "yes", "names": null, "height": 5.36, "num_floors": 2, "sources": [{"dataset": "OpenStreetMap", "record_id": "784673856"}, {"dataset": "IGN_LIDAR_PNOA_3", "record_id": "lidar_784673856", "height_source": "lidar_dtm"}], "update_time": "2024-11-13", "version": 1, "confidence": 0.85, "bbox": {"xmin": -2.1775636, "ymin": 42.8952046, "xmax": -2.1774184, "ymax": 42.895311}}}, {"type": "Feature", "geometry": {"type": "Polygon", "coordinates": [[[-2.1773614, 42.8956812], [-2.1771221, 42.8956185], [-2.1771676, 42.8955123], [-2.1774069, 42.8955751], [-2.1773614, 42.8956812]]]}, "properties": {"id": "overture-0834b1b2f7631813", "osm_id": "784673857", "theme": "buildings", "type": "building", "subtype": "building", "class": "yes", "names": null, "height": 14.95, "num_floors": 2, "sources": [{"dataset": "OpenStreetMap", "record_id": "784673857"}, {"dataset": "IGN_LIDAR_PNOA_3", "record_id": "lidar_784673857", "height_source": "lidar_dtm"}], "update_time": "2024-11-13", "version": 1, "confidence": 0.85, "bbox": {"xmin": -2.1774069, "ymin": 42.8955123, "xmax": -2.1771221, "ymax": 42.8956812}}}, {"type": "Feature", "geometry": {"type": "Polygon", "coordinates": [[[-2.1771238, 42.8955778], [-2.1769436, 42.8955301], [-2.1769853, 42.8954337], [-2.1771655, 42.8954814], [-2.1771238, 42.8955778]]]}, "properties": {"id": "overture-50237b93dbaccec2", "osm_id": "784673858", "theme": "buildings", "type": "building", "subtype": "building", "class": "yes", "names": null, "height": 16.43, "num_floors": 2, "sources": [{"dataset": "OpenStreetMap", "record_id": "784673858"}, {"dataset": "IGN_LIDAR_PNOA_3", "record_id": "lidar_784673858", "height_source": "lidar_dtm"}], "update_time": "2024-11-13", "version": 1, "confidence": 0.85, "bbox": {"xmin": -2.1771655, "ymin": 42.8954337, "xmax": -2.1769436, "ymax": 42.8955778}}}, {"type": "Feature", "geometry": {"type": "Polygon", "coordinates": [[[-2.1767911, 42.8955591], [-2.1766637, 42.8955192], [-2.1767331, 42.8953834], [-2.1768607, 42.8954234], [-2.1767911, 42.8955591]]]}, "properties": {"id": "overture-0632c5c2f01830aa", "osm_id": "784673859", "theme": "buildings", "type": "building", "subtype": "building", "class": "yes", "names": null, "height": 0.766, "num_floors": 2, "sources": [{"dataset": "OpenStreetMap", "record_id": "784673859"}, {"dataset": "IGN_LIDAR_PNOA_3", "record_id": "lidar_784673859", "height_source": "lidar_dtm"}], "update_time": "2024-11-13", "version": 1, "confidence": 0.85, "bbox": {"xmin": -2.1768607, "ymin": 42.8953834, "xmax": -2.1766637, "ymax": 42.8955591}}}, {"type": "Feature", "geometry": {"type": "Polygon", "coordinates": [[[-2.1767911, 42.8955591], [-2.1767392, 42.8956748], [-2.1766337, 42.8956425], [-2.1766637, 42.8955192], [-2.1767911, 42.8955591]]]}, "properties": {"id": "overture-23040b26875aa2b4", "osm_id": "784673860", "theme": "buildings", "type": "building", "subtype": "building", "class": "yes", "names": null, "height": 6.4, "num_floors": 2, "sources": [{"dataset": "OpenStreetMap", "record_id": "784673860"}], "update_time": "2024-11-13", "version": 1, "confidence": 0.85, "bbox": {"xmin": -2.1767911, "ymin": 42.8955192, "xmax": -2.1766337, "ymax": 42.8956748}}}, {"type": "Feature", "geometry": {"type": "Polygon", "coordinates": [[[-2.1766337, 42.8956425], [-2.1765819, 42.8957455], [-2.1766874, 42.8957778], [-2.1767392, 42.8956748], [-2.1766337, 42.8956425]]]}, "properties": {"id": "overture-8a990729700646ed", "osm_id": "784673861", "theme": "buildings", "type": "building", "subtype": "building", "class": "yes", "names": null, "height": 6.4, "num_floors": 2, "sources": [{"dataset": "OpenStreetMap", "record_id": "784673861"}], "update_time": "2024-11-13", "version": 1, "confidence": 0.85, "bbox": {"xmin": -2.1767392, "ymin": 42.8956425, "xmax": -2.1765819, "ymax": 42.8957778}}}, {"type": "Feature", "geometry": {"type": "Polygon", "coordinates": [[[-2.1767849, 42.895976], [-2.1766804, 42.8959255], [-2.1768187, 42.895751], [-2.1769231, 42.8958016], [-2.1767849, 42.895976]]]}, "properties": {"id": "overture-3125b3574d73e9a5", "osm_id": "784673862", "theme": "buildings", "type": "building", "subtype": "building", "class": "yes", "names": null, "height": 6.4, "num_floors": 2, "sources": [{"dataset": "OpenStreetMap", "record_id": "784673862"}], "update_time": "2024-11-13", "version": 1, "confidence": 0.85, "bbox": {"xmin": -2.1769231, "ymin": 42.895751, "xmax": -2.1766804, "ymax": 42.895976}}}, {"type": "Feature", "geometry": {"type": "Polygon", "coordinates": [[[-2.1769376, 42.8959734], [-2.1768634, 42.8959082], [-2.1769767, 42.8958296], [-2.1770295, 42.8958761], [-2.1769782, 42.8959117], [-2.1769995, 42.8959305], [-2.1769376, 42.8959734]]]}, "properties": {"id": "overture-db9f9087ffc3a87d", "osm_id": "784673863", "theme": "buildings", "type": "building", "subtype": "building", "class": "yes", "names": null, "height": 6.4, "num_floors": 2, "sources": [{"dataset": "OpenStreetMap", "record_id": "784673863"}], "update_time": "2024-11-13", "version": 1, "confidence": 0.85, "bbox": {"xmin": -2.1770295, "ymin": 42.8958296, "xmax": -2.1768634, "ymax": 42.8959734}}}, {"type": "Feature", "geometry": {"type": "Polygon", "coordinates": [[[-2.1777823, 42.8955802], [-2.1775982, 42.8955076], [-2.1776698, 42.8954028], [-2.177846, 42.8954766], [-2.1777823, 42.8955802]]]}, "properties": {"id": "overture-ae0488086a780702", "osm_id": "784673864", "theme": "buildings", "type": "building", "subtype": "building", "class": "yes", "names": null, "height": 0.152, "num_floors": 2, "sources": [{"dataset": "OpenStreetMap", "record_id": "784673864"}, {"dataset": "IGN_LIDAR_PNOA_3", "record_id": "lidar_784673864", "height_source": "lidar_dtm"}], "update_time": "2024-11-13", "version": 1, "confidence": 0.85, "bbox": {"xmin": -2.177846, "ymin": 42.8954028, "xmax": -2.1775982, "ymax": 42.8955802}}}, {"type": "Feature", "geometry": {"type": "Polygon", "coordinates": [[[-2.1777823, 42.8955802], [-2.1778911, 42.8956211], [-2.17797, 42.8954928], [-2.1778612, 42.8954519], [-2.177846, 42.8954766], [-2.1777823, 42.8955802]]]}, "properties": {"id": "overture-b7745b37c1d4e231", "osm_id": "784673865", "theme": "buildings", "type": "building", "subtype": "building", "class": "yes", "names": null, "height": 1.721, "num_floors": 2, "sources": [{"dataset": "OpenStreetMap", "record_id": "784673865"}, {"dataset": "IGN_LIDAR_PNOA_3", "record_id": "lidar_784673865", "height_source": "lidar_dtm"}], "update_time": "2024-11-13", "version": 1, "confidence": 0.85, "bbox": {"xmin": -2.17797, "ymin": 42.8954519, "xmax": -2.1777823, "ymax": 42.8956211}}}, {"type": "Feature", "geometry": {"type": "Polygon", "coordinates": [[[-2.1783145, 42.8955824], [-2.1782618, 42.8954823], [-2.1785732, 42.895382], [-2.178626, 42.895482], [-2.1783145, 42.8955824]]]}, "properties": {"id": "overture-71fb3a1f5703d822", "osm_id": "784673866", "theme": "buildings", "type": "building", "subtype": "building", "class": "yes", "names": null, "height": 6.4, "num_floors": 2, "sources": [{"dataset": "OpenStreetMap", "record_id": "784673866"}], "update_time": "2024-11-13", "version": 1, "confidence": 0.85, "bbox": {"xmin": -2.178626, "ymin": 42.895382, "xmax": -2.1782618, "ymax": 42.8955824}}}, {"type": "Feature", "geometry": {"type": "Polygon", "coordinates": [[[-2.1787013, 42.8952628], [-2.1784118, 42.8953731], [-2.1784023, 42.895358], [-2.1783583, 42.8952872], [-2.1784144, 42.8952658], [-2.1783552, 42.8951746], [-2.1784795, 42.8951287], [-2.178536, 42.8952255], [-2.1786508, 42.8951818], [-2.1787013, 42.8952628]]]}, "properties": {"id": "overture-2fb64e768388c0df", "osm_id": "784673867", "theme": "buildings", "type": "building", "subtype": "building", "class": "yes", "names": null, "height": 6.4, "num_floors": 2, "sources": [{"dataset": "OpenStreetMap", "record_id": "784673867"}], "update_time": "2024-11-13", "version": 1, "confidence": 0.85, "bbox": {"xmin": -2.1787013, "ymin": 42.8951287, "xmax": -2.1783552, "ymax": 42.8953731}}}, {"type": "Feature", "geometry": {"type": "Polygon", "coordinates": [[[-2.1784023, 42.895358], [-2.1783299, 42.8953835], [-2.1782898, 42.895314], [-2.1783583, 42.8952872], [-2.1784023, 42.895358]]]}, "properties": {"id": "overture-ca56a0bb259679e9", "osm_id": "784673868", "theme": "buildings", "type": "building", "subtype": "building", "class": "yes", "names": null, "height": 6.4, "num_floors": 2, "sources": [{"dataset": "OpenStreetMap", "record_id": "784673868"}], "update_time": "2024-11-13", "version": 1, "confidence": 0.85, "bbox": {"xmin": -2.1784023, "ymin": 42.8952872, "xmax": -2.1782898, "ymax": 42.8953835}}}, {"type": "Feature", "geometry": {"type": "Polygon", "coordinates": [[[-2.1783552, 42.8951746], [-2.1782391, 42.8949823], [-2.1784785, 42.8948938], [-2.1785171, 42.8949577], [-2.1786282, 42.8949167], [-2.1786476, 42.8949488], [-2.1784213, 42.8950324], [-2.1784795, 42.8951287], [-2.1783552, 42.8951746]]]}, "properties": {"id": "overture-9398a3f71c7e85d7", "osm_id": "784673869", "theme": "buildings", "type": "building", "subtype": "building", "class": "yes", "names": null, "height": 6.4, "num_floors": 2, "sources": [{"dataset": "OpenStreetMap", "record_id": "784673869"}], "update_time": "2024-11-13", "version": 1, "confidence": 0.85, "bbox": {"xmin": -2.1786476, "ymin": 42.8948938, "xmax": -2.1782391, "ymax": 42.8951746}}}, {"type": "Feature", "geometry": {"type": "Polygon", "coordinates": [[[-2.1774685, 42.894575], [-2.1773454, 42.8945659], [-2.1773652, 42.8944037], [-2.1774883, 42.8944129], [-2.1774685, 42.894575]]]}, "properties": {"id": "overture-2e642ab6f59ebbe5", "osm_id": "784673870", "theme": "buildings", "type": "building", "subtype": "building", "class": "yes", "names": null, "height": 5.956, "num_floors": 2, "sources": [{"dataset": "OpenStreetMap", "record_id": "784673870"}, {"dataset": "IGN_LIDAR_PNOA_3", "record_id": "lidar_784673870", "height_source": "lidar_dtm"}], "update_time": "2024-11-13", "version": 1, "confidence": 0.85, "bbox": {"xmin": -2.1774883, "ymin": 42.8944037, "xmax": -2.1773454, "ymax": 42.894575}}}, {"type": "Feature", "geometry": {"type": "Polygon", "coordinates": [[[-2.1776229, 42.8939401], [-2.1775216, 42.8938941], [-2.1775935, 42.8937974], [-2.1776947, 42.8938434], [-2.1776229, 42.8939401]]]}, "properties": {"id": "overture-1c55513f8108272d", "osm_id": "784673871", "theme": "buildings", "type": "building", "subtype": "building", "class": "yes", "names": null, "height": 6.4, "num_floors": 2, "sources": [{"dataset": "OpenStreetMap", "record_id": "784673871"}], "update_time": "2024-11-13", "version": 1, "confidence": 0.85, "bbox": {"xmin": -2.1776947, "ymin": 42.8937974, "xmax": -2.1775216, "ymax": 42.8939401}}}, {"type": "Feature", "geometry": {"type": "Polygon", "coordinates": [[[-2.1778098, 42.8938922], [-2.1776609, 42.8938082], [-2.177755, 42.8937062], [-2.1779039, 42.8937902], [-2.1778098, 42.8938922]]]}, "properties": {"id": "overture-6b98e435b18fd7c7", "osm_id": "784673872", "theme": "buildings", "type": "building", "subtype": "building", "class": "yes", "names": null, "height": 6.4, "num_floors": 2, "sources": [{"dataset": "OpenStreetMap", "record_id": "784673872"}], "update_time": "2024-11-13", "version": 1, "confidence": 0.85, "bbox": {"xmin": -2.1779039, "ymin": 42.8937062, "xmax": -2.1776609, "ymax": 42.8938922}}}, {"type": "Feature", "geometry": {"type": "Polygon", "coordinates": [[[-2.1779378, 42.8937495], [-2.1777585, 42.8936458], [-2.1778348, 42.8935653], [-2.1779258, 42.8936179], [-2.1779039, 42.8936412], [-2.1779567, 42.8936718], [-2.1779376, 42.893692], [-2.1779729, 42.8937125], [-2.1779378, 42.8937495]]]}, "properties": {"id": "overture-8f59e41ddcad382d", "osm_id": "784673873", "theme": "buildings", "type": "building", "subtype": "building", "class": "yes", "names": null, "height": 6.4, "num_floors": 2, "sources": [{"dataset": "OpenStreetMap", "record_id": "784673873"}], "update_time": "2024-11-13", "version": 1, "confidence": 0.85, "bbox": {"xmin": -2.1779729, "ymin": 42.8935653, "xmax": -2.1777585, "ymax": 42.8937495}}}, {"type": "Feature", "geometry": {"type": "Polygon", "coordinates": [[[-2.1780197, 42.8936387], [-2.1779075, 42.8935728], [-2.1779264, 42.8935531], [-2.1778532, 42.8935101], [-2.1779333, 42.8934269], [-2.1780204, 42.8934781], [-2.1779821, 42.8935179], [-2.1780804, 42.8935756], [-2.1780197, 42.8936387]]]}, "properties": {"id": "overture-01102543fabbdb30", "osm_id": "784673874", "theme": "buildings", "type": "building", "subtype": "building", "class": "yes", "names": null, "height": 6.4, "num_floors": 2, "sources": [{"dataset": "OpenStreetMap", "record_id": "784673874"}], "update_time": "2024-11-13", "version": 1, "confidence": 0.85, "bbox": {"xmin": -2.1780804, "ymin": 42.8934269, "xmax": -2.1778532, "ymax": 42.8936387}}}, {"type": "Feature", "geometry": {"type": "Polygon", "coordinates": [[[-2.1795011, 42.8929692], [-2.1793155, 42.8926333], [-2.1789603, 42.8927533], [-2.1790398, 42.892897], [-2.1792302, 42.8928327], [-2.1793615, 42.8930703], [-2.1795036, 42.8930222], [-2.1795011, 42.8929692]]]}, "properties": {"id": "overture-2160adf59b0d6b02", "osm_id": "784673876", "theme": "buildings", "type": "building", "subtype": "school", "class": "school", "names": null, "height": 6.847, "num_floors": 2, "sources": [{"dataset": "OpenStreetMap", "record_id": "784673876"}, {"dataset": "IGN_LIDAR_PNOA_3", "record_id": "lidar_784673876", "height_source": "lidar_dtm"}], "update_time": "2024-11-13", "version": 1, "confidence": 0.85, "bbox": {"xmin": -2.1795036, "ymin": 42.8926333, "xmax": -2.1789603, "ymax": 42.8930703}}}, {"type": "Feature", "geometry": {"type": "Polygon", "coordinates": [[[-2.1788586, 42.8933011], [-2.1786839, 42.8933777], [-2.1786211, 42.89329], [-2.1786709, 42.8932683], [-2.1784261, 42.8929263], [-2.1785895, 42.8928548], [-2.1786095, 42.8928828], [-2.1785712, 42.8928995], [-2.1788586, 42.8933011]]]}, "properties": {"id": "overture-4734fa95235f7e0b", "osm_id": "784673877", "theme": "buildings", "type": "building", "subtype": "school", "class": "school", "names": null, "height": 4.435, "num_floors": 2, "sources": [{"dataset": "OpenStreetMap", "record_id": "784673877"}, {"dataset": "IGN_LIDAR_PNOA_3", "record_id": "lidar_784673877", "height_source": "lidar_dtm"}], "update_time": "2024-11-13", "version": 1, "confidence": 0.85, "bbox": {"xmin": -2.1788586, "ymin": 42.8928548, "xmax": -2.1784261, "ymax": 42.8933777}}}, {"type": "Feature", "geometry": {"type": "Polygon", "coordinates": [[[-2.179073, 42.8935988], [-2.1786307, 42.8937977], [-2.1785354, 42.8936681], [-2.1789734, 42.8934712], [-2.1790035, 42.893512], [-2.1790797, 42.8934777], [-2.1791063, 42.8934338], [-2.1791643, 42.8934553], [-2.1793563, 42.8931389], [-2.1794964, 42.8931909], [-2.1792904, 42.8935307], [-2.1791295, 42.893471], [-2.1791123, 42.8934993], [-2.1790277, 42.8935374], [-2.179073, 42.8935988]]]}, "properties": {"id": "overture-e9efe6853794239a", "osm_id": "784673878", "theme": "buildings", "type": "building", "subtype": "school", "class": "school", "names": null, "height": 11.701, "num_floors": 2, "sources": [{"dataset": "OpenStreetMap", "record_id": "784673878"}, {"dataset": "IGN_LIDAR_PNOA_3", "record_id": "lidar_784673878", "height_source": "lidar_dtm"}], "update_time": "2024-11-13", "version": 1, "confidence": 0.85, "bbox": {"xmin": -2.1794964, "ymin": 42.8931389, "xmax": -2.1785354, "ymax": 42.8937977}}}, {"type": "Feature", "geometry": {"type": "Polygon", "coordinates": [[[-2.1786744, 42.8939491], [-2.1786426, 42.8938978], [-2.1790797, 42.8937312], [-2.1791163, 42.8936585], [-2.1791773, 42.8936772], [-2.1791274, 42.8937764], [-2.1786744, 42.8939491]]]}, "properties": {"id": "overture-6e39eb2d6c5efa4d", "osm_id": "784673879", "theme": "buildings", "type": "building", "subtype": "school", "class": "school", "names": null, "height": 11.08, "num_floors": 2, "sources": [{"dataset": "OpenStreetMap", "record_id": "784673879"}, {"dataset": "IGN_LIDAR_PNOA_3", "record_id": "lidar_784673879", "height_source": "lidar_dtm"}], "update_time": "2024-11-13", "version": 1, "confidence": 0.85, "bbox": {"xmin": -2.1791773, "ymin": 42.8936585, "xmax": -2.1786426, "ymax": 42.8939491}}}, {"type": "Feature", "geometry": {"type": "Polygon", "coordinates": [[[-2.1776459, 42.892739], [-2.1774132, 42.8921333], [-2.1772977, 42.8921608], [-2.1775327, 42.8927632], [-2.1775557, 42.8927624], [-2.1776459, 42.892739]]]}, "properties": {"id": "overture-ddf314b4eb988a5d", "osm_id": "784673885", "theme": "buildings", "type": "building", "subtype": "building", "class": "yes", "names": null, "height": 6.4, "num_floors": 2, "sources": [{"dataset": "OpenStreetMap", "record_id": "784673885"}], "update_time": "2024-11-13", "version": 1, "confidence": 0.85, "bbox": {"xmin": -2.1776459, "ymin": 42.8921333, "xmax": -2.1772977, "ymax": 42.8927632}}}, {"type": "Feature", "geometry": {"type": "Polygon", "coordinates": [[[-2.1776785, 42.8930517], [-2.1775557, 42.8927624], [-2.1776459, 42.892739], [-2.1777685, 42.8930283], [-2.1776785, 42.8930517]]]}, "properties": {"id": "overture-785992469b41e02d", "osm_id": "784673886", "theme": "buildings", "type": "building", "subtype": "building", "class": "yes", "names": null, "height": 6.4, "num_floors": 2, "sources": [{"dataset": "OpenStreetMap", "record_id": "784673886"}], "update_time": "2024-11-13", "version": 1, "confidence": 0.85, "bbox": {"xmin": -2.1777685, "ymin": 42.892739, "xmax": -2.1775557, "ymax": 42.8930517}}}, {"type": "Feature", "geometry": {"type": "Polygon", "coordinates": [[[-2.1779901, 42.8961105], [-2.1779045, 42.8960276], [-2.1780725, 42.8959216], [-2.1781579, 42.8960044], [-2.1779901, 42.8961105]]]}, "properties": {"id": "overture-c38d0bb948780811", "osm_id": "784673889", "theme": "buildings", "type": "building", "subtype": "building", "class": "yes", "names": null, "height": 6.4, "num_floors": 2, "sources": [{"dataset": "OpenStreetMap", "record_id": "784673889"}], "update_time": "2024-11-13", "version": 1, "confidence": 0.85, "bbox": {"xmin": -2.1781579, "ymin": 42.8959216, "xmax": -2.1779045, "ymax": 42.8961105}}}, {"type": "Feature", "geometry": {"type": "Polygon", "coordinates": [[[-2.1741093, 42.9020424], [-2.1739711, 42.9020426], [-2.1739707, 42.901939], [-2.1741089, 42.9019388], [-2.1741093, 42.9020424]]]}, "properties": {"id": "overture-da94ddcbcce5ed57", "osm_id": "784797026", "theme": "buildings", "type": "building", "subtype": "building", "class": "yes", "names": null, "height": 6.4, "num_floors": 2, "sources": [{"dataset": "OpenStreetMap", "record_id": "784797026"}], "update_time": "2024-11-13", "version": 1, "confidence": 0.85, "bbox": {"xmin": -2.1741093, "ymin": 42.9019388, "xmax": -2.1739707, "ymax": 42.9020426}}}, {"type": "Feature", "geometry": {"type": "Polygon", "coordinates": [[[-2.1741205, 42.9021319], [-2.1739516, 42.9021274], [-2.1739553, 42.9020427], [-2.1739711, 42.9020426], [-2.1741093, 42.9020424], [-2.1741222, 42.9020424], [-2.1741205, 42.9021319]]]}, "properties": {"id": "overture-67a7c65926cb1165", "osm_id": "784797027", "theme": "buildings", "type": "building", "subtype": "building", "class": "yes", "names": null, "height": 6.4, "num_floors": 2, "sources": [{"dataset": "OpenStreetMap", "record_id": "784797027"}], "update_time": "2024-11-13", "version": 1, "confidence": 0.85, "bbox": {"xmin": -2.1741222, "ymin": 42.9020424, "xmax": -2.1739516, "ymax": 42.9021319}}}, {"type": "Feature", "geometry": {"type": "Polygon", "coordinates": [[[-2.1741205, 42.9021319], [-2.1741126, 42.9023141], [-2.1739438, 42.9023097], [-2.1739516, 42.9021274], [-2.1741205, 42.9021319]]]}, "properties": {"id": "overture-e91bbecb92900760", "osm_id": "784797028", "theme": "buildings", "type": "building", "subtype": "building", "class": "yes", "names": null, "height": 0.363, "num_floors": 2, "sources": [{"dataset": "OpenStreetMap", "record_id": "784797028"}, {"dataset": "IGN_LIDAR_PNOA_3", "record_id": "lidar_784797028", "height_source": "lidar_dtm"}], "update_time": "2024-11-13", "version": 1, "confidence": 0.85, "bbox": {"xmin": -2.1741205, "ymin": 42.9021274, "xmax": -2.1739438, "ymax": 42.9023141}}}, {"type": "Feature", "geometry": {"type": "Polygon", "coordinates": [[[-2.1742665, 42.9022479], [-2.1741912, 42.9021389], [-2.174295, 42.9020964], [-2.1743669, 42.9022064], [-2.1742665, 42.9022479]]]}, "properties": {"id": "overture-0110b7c7c0e89317", "osm_id": "784797029", "theme": "buildings", "type": "building", "subtype": "building", "class": "yes", "names": null, "height": 6.4, "num_floors": 2, "sources": [{"dataset": "OpenStreetMap", "record_id": "784797029"}], "update_time": "2024-11-13", "version": 1, "confidence": 0.85, "bbox": {"xmin": -2.1743669, "ymin": 42.9020964, "xmax": -2.1741912, "ymax": 42.9022479}}}, {"type": "Feature", "geometry": {"type": "Polygon", "coordinates": [[[-2.1742665, 42.9022479], [-2.174331, 42.9023412], [-2.17443, 42.902299], [-2.1743669, 42.9022064], [-2.1742665, 42.9022479]]]}, "properties": {"id": "overture-eadff59c5ead9140", "osm_id": "784797030", "theme": "buildings", "type": "building", "subtype": "building", "class": "yes", "names": null, "height": 6.4, "num_floors": 2, "sources": [{"dataset": "OpenStreetMap", "record_id": "784797030"}], "update_time": "2024-11-13", "version": 1, "confidence": 0.85, "bbox": {"xmin": -2.17443, "ymin": 42.9022064, "xmax": -2.1742665, "ymax": 42.9023412}}}, {"type": "Feature", "geometry": {"type": "Polygon", "coordinates": [[[-2.174331, 42.9023412], [-2.1744018, 42.902438], [-2.1744983, 42.9023973], [-2.17443, 42.902299], [-2.174331, 42.9023412]]]}, "properties": {"id": "overture-cc808a8856e57988", "osm_id": "784797031", "theme": "buildings", "type": "building", "subtype": "building", "class": "yes", "names": null, "height": 6.4, "num_floors": 2, "sources": [{"dataset": "OpenStreetMap", "record_id": "784797031"}], "update_time": "2024-11-13", "version": 1, "confidence": 0.85, "bbox": {"xmin": -2.1744983, "ymin": 42.902299, "xmax": -2.174331, "ymax": 42.902438}}}, {"type": "Feature", "geometry": {"type": "Polygon", "coordinates": [[[-2.1744018, 42.902438], [-2.1745098, 42.9025942], [-2.1746182, 42.9025484], [-2.1745103, 42.9023922], [-2.1744983, 42.9023973], [-2.1744018, 42.902438]]]}, "properties": {"id": "overture-dcade61acfdda8e1", "osm_id": "784797032", "theme": "buildings", "type": "building", "subtype": "building", "class": "yes", "names": null, "height": 6.4, "num_floors": 2, "sources": [{"dataset": "OpenStreetMap", "record_id": "784797032"}], "update_time": "2024-11-13", "version": 1, "confidence": 0.85, "bbox": {"xmin": -2.1746182, "ymin": 42.9023922, "xmax": -2.1744018, "ymax": 42.9025942}}}, {"type": "Feature", "geometry": {"type": "Polygon", "coordinates": [[[-2.1742319, 42.9022778], [-2.1742005, 42.9022877], [-2.1742101, 42.9024224], [-2.1742863, 42.902438], [-2.1742847, 42.9024055], [-2.1743186, 42.9023947], [-2.1742319, 42.9022778]]]}, "properties": {"id": "overture-c700448940ce8136", "osm_id": "784797033", "theme": "buildings", "type": "building", "subtype": "building", "class": "yes", "names": null, "height": 6.4, "num_floors": 2, "sources": [{"dataset": "OpenStreetMap", "record_id": "784797033"}], "update_time": "2024-11-13", "version": 1, "confidence": 0.85, "bbox": {"xmin": -2.1743186, "ymin": 42.9022778, "xmax": -2.1742005, "ymax": 42.902438}}}, {"type": "Feature", "geometry": {"type": "Polygon", "coordinates": [[[-2.1742101, 42.9024224], [-2.1742863, 42.902438], [-2.1743411, 42.9024493], [-2.174318, 42.9025154], [-2.174189, 42.9024893], [-2.1742101, 42.9024224]]]}, "properties": {"id": "overture-38e49269dce0f868", "osm_id": "784797034", "theme": "buildings", "type": "building", "subtype": "building", "class": "yes", "names": null, "height": 6.4, "num_floors": 2, "sources": [{"dataset": "OpenStreetMap", "record_id": "784797034"}], "update_time": "2024-11-13", "version": 1, "confidence": 0.85, "bbox": {"xmin": -2.1743411, "ymin": 42.9024224, "xmax": -2.174189, "ymax": 42.9025154}}}, {"type": "Feature", "geometry": {"type": "Polygon", "coordinates": [[[-2.174318, 42.9025154], [-2.1742854, 42.9026139], [-2.1741565, 42.9025879], [-2.174189, 42.9024893], [-2.174318, 42.9025154]]]}, "properties": {"id": "overture-8a0844bb45524a4a", "osm_id": "784797035", "theme": "buildings", "type": "building", "subtype": "building", "class": "yes", "names": null, "height": 6.4, "num_floors": 2, "sources": [{"dataset": "OpenStreetMap", "record_id": "784797035"}], "update_time": "2024-11-13", "version": 1, "confidence": 0.85, "bbox": {"xmin": -2.174318, "ymin": 42.9024893, "xmax": -2.1741565, "ymax": 42.9026139}}}, {"type": "Feature", "geometry": {"type": "Polygon", "coordinates": [[[-2.1744838, 42.9027471], [-2.1744773, 42.9027078], [-2.174468, 42.9026509], [-2.1742436, 42.9026735], [-2.1742577, 42.9027593], [-2.1742594, 42.9027696], [-2.1744838, 42.9027471]]]}, "properties": {"id": "overture-317a5852fb7bcfbc", "osm_id": "784797036", "theme": "buildings", "type": "building", "subtype": "building", "class": "yes", "names": null, "height": 0.279, "num_floors": 2, "sources": [{"dataset": "OpenStreetMap", "record_id": "784797036"}, {"dataset": "IGN_LIDAR_PNOA_3", "record_id": "lidar_784797036", "height_source": "lidar_dtm"}], "update_time": "2024-11-13", "version": 1, "confidence": 0.85, "bbox": {"xmin": -2.1744838, "ymin": 42.9026509, "xmax": -2.1742436, "ymax": 42.9027696}}}, {"type": "Feature", "geometry": {"type": "Polygon", "coordinates": [[[-2.1744838, 42.9027471], [-2.1745868, 42.9027143], [-2.1745683, 42.9026789], [-2.1744773, 42.9027078], [-2.1744838, 42.9027471]]]}, "properties": {"id": "overture-2140c6d9a377f79e", "osm_id": "784797037", "theme": "buildings", "type": "building", "subtype": "building", "class": "yes", "names": null, "height": 6.4, "num_floors": 2, "sources": [{"dataset": "OpenStreetMap", "record_id": "784797037"}], "update_time": "2024-11-13", "version": 1, "confidence": 0.85, "bbox": {"xmin": -2.1745868, "ymin": 42.9026789, "xmax": -2.1744773, "ymax": 42.9027471}}}, {"type": "Feature", "geometry": {"type": "Polygon", "coordinates": [[[-2.1742577, 42.9027593], [-2.1740905, 42.9027594], [-2.1741069, 42.902675], [-2.1742436, 42.9026735], [-2.1742577, 42.9027593]]]}, "properties": {"id": "overture-0b86ddc6463f382e", "osm_id": "784797038", "theme": "buildings", "type": "building", "subtype": "building", "class": "yes", "names": null, "height": 6.4, "num_floors": 2, "sources": [{"dataset": "OpenStreetMap", "record_id": "784797038"}], "update_time": "2024-11-13", "version": 1, "confidence": 0.85, "bbox": {"xmin": -2.1742577, "ymin": 42.9026735, "xmax": -2.1740905, "ymax": 42.9027594}}}, {"type": "Feature", "geometry": {"type": "Polygon", "coordinates": [[[-2.1743756, 42.9030526], [-2.1742955, 42.9030749], [-2.1742847, 42.9030577], [-2.1742503, 42.9029851], [-2.1743344, 42.9029617], [-2.1743756, 42.9030526]]]}, "properties": {"id": "overture-752f585cb4c89a6f", "osm_id": "784797039", "theme": "buildings", "type": "building", "subtype": "building", "class": "yes", "names": null, "height": 6.4, "num_floors": 2, "sources": [{"dataset": "OpenStreetMap", "record_id": "784797039"}], "update_time": "2024-11-13", "version": 1, "confidence": 0.85, "bbox": {"xmin": -2.1743756, "ymin": 42.9029617, "xmax": -2.1742503, "ymax": 42.9030749}}}, {"type": "Feature", "geometry": {"type": "Polygon", "coordinates": [[[-2.1742847, 42.9030577], [-2.1741812, 42.9030875], [-2.1741223, 42.9029629], [-2.1742258, 42.9029331], [-2.1742503, 42.9029851], [-2.1742847, 42.9030577]]]}, "properties": {"id": "overture-562bef9d869617bd", "osm_id": "784797040", "theme": "buildings", "type": "building", "subtype": "building", "class": "yes", "names": null, "height": 6.4, "num_floors": 2, "sources": [{"dataset": "OpenStreetMap", "record_id": "784797040"}], "update_time": "2024-11-13", "version": 1, "confidence": 0.85, "bbox": {"xmin": -2.1742847, "ymin": 42.9029331, "xmax": -2.1741223, "ymax": 42.9030875}}}, {"type": "Feature", "geometry": {"type": "Polygon", "coordinates": [[[-2.1743084, 42.9029026], [-2.1742157, 42.9029305], [-2.17419, 42.9028783], [-2.1742827, 42.9028504], [-2.1743084, 42.9029026]]]}, "properties": {"id": "overture-bb505b22a4e50901", "osm_id": "784797041", "theme": "buildings", "type": "building", "subtype": "building", "class": "yes", "names": null, "height": 6.4, "num_floors": 2, "sources": [{"dataset": "OpenStreetMap", "record_id": "784797041"}], "update_time": "2024-11-13", "version": 1, "confidence": 0.85, "bbox": {"xmin": -2.1743084, "ymin": 42.9028504, "xmax": -2.17419, "ymax": 42.9029305}}}, {"type": "Feature", "geometry": {"type": "Polygon", "coordinates": [[[-2.1741942, 42.9034924], [-2.1740912, 42.9034781], [-2.1741267, 42.9033213], [-2.1742298, 42.9033356], [-2.1741942, 42.9034924]]]}, "properties": {"id": "overture-068d2c9386bce9bb", "osm_id": "784797042", "theme": "buildings", "type": "building", "subtype": "building", "class": "yes", "names": null, "height": 6.4, "num_floors": 2, "sources": [{"dataset": "OpenStreetMap", "record_id": "784797042"}], "update_time": "2024-11-13", "version": 1, "confidence": 0.85, "bbox": {"xmin": -2.1742298, "ymin": 42.9033213, "xmax": -2.1740912, "ymax": 42.9034924}}}, {"type": "Feature", "geometry": {"type": "Polygon", "coordinates": [[[-2.1743077, 42.9041529], [-2.1742596, 42.9040806], [-2.1742769, 42.9040734], [-2.174308, 42.9040606], [-2.1743272, 42.9040531], [-2.1743354, 42.9040655], [-2.174351, 42.9040591], [-2.174384, 42.9041088], [-2.1743607, 42.9041183], [-2.1743677, 42.9041286], [-2.1743077, 42.9041529]]]}, "properties": {"id": "overture-d77db76521fd9229", "osm_id": "784797046", "theme": "buildings", "type": "building", "subtype": "building", "class": "yes", "names": null, "height": 6.4, "num_floors": 2, "sources": [{"dataset": "OpenStreetMap", "record_id": "784797046"}], "update_time": "2024-11-13", "version": 1, "confidence": 0.85, "bbox": {"xmin": -2.174384, "ymin": 42.9040531, "xmax": -2.1742596, "ymax": 42.9041529}}}, {"type": "Feature", "geometry": {"type": "Polygon", "coordinates": [[[-2.1742769, 42.9040734], [-2.1742561, 42.9040425], [-2.1742871, 42.9040297], [-2.174308, 42.9040606], [-2.1742769, 42.9040734]]]}, "properties": {"id": "overture-3a236f3417aad619", "osm_id": "784797047", "theme": "buildings", "type": "building", "subtype": "building", "class": "yes", "names": null, "height": 6.4, "num_floors": 2, "sources": [{"dataset": "OpenStreetMap", "record_id": "784797047"}], "update_time": "2024-11-13", "version": 1, "confidence": 0.85, "bbox": {"xmin": -2.174308, "ymin": 42.9040297, "xmax": -2.1742561, "ymax": 42.9040734}}}, {"type": "Feature", "geometry": {"type": "Polygon", "coordinates": [[[-2.1737648, 42.9038715], [-2.1736739, 42.9038535], [-2.1736986, 42.9037771], [-2.1737896, 42.9037951], [-2.1737648, 42.9038715]]]}, "properties": {"id": "overture-7423988aa3aba1ab", "osm_id": "784797048", "theme": "buildings", "type": "building", "subtype": "building", "class": "yes", "names": null, "height": 6.4, "num_floors": 2, "sources": [{"dataset": "OpenStreetMap", "record_id": "784797048"}], "update_time": "2024-11-13", "version": 1, "confidence": 0.85, "bbox": {"xmin": -2.1737896, "ymin": 42.9037771, "xmax": -2.1736739, "ymax": 42.9038715}}}, {"type": "Feature", "geometry": {"type": "Polygon", "coordinates": [[[-2.1734456, 42.9038894], [-2.1733147, 42.903866], [-2.1733334, 42.9038016], [-2.1734645, 42.903825], [-2.1734456, 42.9038894]]]}, "properties": {"id": "overture-a444706883d6f573", "osm_id": "784797050", "theme": "buildings", "type": "building", "subtype": "building", "class": "yes", "names": null, "height": 6.4, "num_floors": 2, "sources": [{"dataset": "OpenStreetMap", "record_id": "784797050"}], "update_time": "2024-11-13", "version": 1, "confidence": 0.85, "bbox": {"xmin": -2.1734645, "ymin": 42.9038016, "xmax": -2.1733147, "ymax": 42.9038894}}}, {"type": "Feature", "geometry": {"type": "Polygon", "coordinates": [[[-2.1735332, 42.903949], [-2.1734569, 42.903936], [-2.173485, 42.9038354], [-2.1735614, 42.9038484], [-2.1735332, 42.903949]]]}, "properties": {"id": "overture-e63e9e0e1d593746", "osm_id": "784797051", "theme": "buildings", "type": "building", "subtype": "building", "class": "yes", "names": null, "height": 6.4, "num_floors": 2, "sources": [{"dataset": "OpenStreetMap", "record_id": "784797051"}], "update_time": "2024-11-13", "version": 1, "confidence": 0.85, "bbox": {"xmin": -2.1735614, "ymin": 42.9038354, "xmax": -2.1734569, "ymax": 42.903949}}}, {"type": "Feature", "geometry": {"type": "Polygon", "coordinates": [[[-2.1731177, 42.9040277], [-2.1730552, 42.904014], [-2.173086, 42.9039279], [-2.1731485, 42.9039416], [-2.1731177, 42.9040277]]]}, "properties": {"id": "overture-1290dfaf585512a5", "osm_id": "784797053", "theme": "buildings", "type": "building", "subtype": "building", "class": "yes", "names": null, "height": 5.931, "num_floors": 2, "sources": [{"dataset": "OpenStreetMap", "record_id": "784797053"}, {"dataset": "IGN_LIDAR_PNOA_3", "record_id": "lidar_784797053", "height_source": "lidar_dtm"}], "update_time": "2024-11-13", "version": 1, "confidence": 0.85, "bbox": {"xmin": -2.1731485, "ymin": 42.9039279, "xmax": -2.1730552, "ymax": 42.9040277}}}, {"type": "Feature", "geometry": {"type": "Polygon", "coordinates": [[[-2.1719487, 42.9045451], [-2.1718168, 42.9045043], [-2.1719175, 42.9043055], [-2.1720874, 42.9039699], [-2.1722195, 42.9040107], [-2.1719487, 42.9045451]]]}, "properties": {"id": "overture-24ef6a0272664be9", "osm_id": "784797054", "theme": "buildings", "type": "building", "subtype": "building", "class": "yes", "names": null, "height": 1.948, "num_floors": 2, "sources": [{"dataset": "OpenStreetMap", "record_id": "784797054"}, {"dataset": "IGN_LIDAR_PNOA_3", "record_id": "lidar_784797054", "height_source": "lidar_dtm"}], "update_time": "2024-11-13", "version": 1, "confidence": 0.85, "bbox": {"xmin": -2.1722195, "ymin": 42.9039699, "xmax": -2.1718168, "ymax": 42.9045451}}}, {"type": "Feature", "geometry": {"type": "Polygon", "coordinates": [[[-2.1718168, 42.9045043], [-2.1717126, 42.9044665], [-2.1717502, 42.9042622], [-2.1719175, 42.9043055], [-2.1718168, 42.9045043]]]}, "properties": {"id": "overture-f681000215feb3f7", "osm_id": "784797055", "theme": "buildings", "type": "building", "subtype": "building", "class": "yes", "names": null, "height": 1.77, "num_floors": 2, "sources": [{"dataset": "OpenStreetMap", "record_id": "784797055"}, {"dataset": "IGN_LIDAR_PNOA_3", "record_id": "lidar_784797055", "height_source": "lidar_dtm"}], "update_time": "2024-11-13", "version": 1, "confidence": 0.85, "bbox": {"xmin": -2.1719175, "ymin": 42.9042622, "xmax": -2.1717126, "ymax": 42.9045043}}}, {"type": "Feature", "geometry": {"type": "Polygon", "coordinates": [[[-2.1718066, 42.904265], [-2.1717064, 42.9042541], [-2.1717281, 42.9041325], [-2.1718283, 42.9041434], [-2.1718066, 42.904265]]]}, "properties": {"id": "overture-a752345c8cab5149", "osm_id": "784797056", "theme": "buildings", "type": "building", "subtype": "building", "class": "yes", "names": null, "height": 6.4, "num_floors": 2, "sources": [{"dataset": "OpenStreetMap", "record_id": "784797056"}], "update_time": "2024-11-13", "version": 1, "confidence": 0.85, "bbox": {"xmin": -2.1718283, "ymin": 42.9041325, "xmax": -2.1717064, "ymax": 42.904265}}}, {"type": "Feature", "geometry": {"type": "Polygon", "coordinates": [[[-2.1718667, 42.9041344], [-2.1716695, 42.9041245], [-2.1716746, 42.9040629], [-2.1717273, 42.9040655], [-2.1717301, 42.904032], [-2.1718036, 42.9040357], [-2.1718016, 42.9040586], [-2.1718726, 42.9040622], [-2.1718667, 42.9041344]]]}, "properties": {"id": "overture-105ec74d090c9a52", "osm_id": "784797057", "theme": "buildings", "type": "building", "subtype": "building", "class": "yes", "names": null, "height": 6.4, "num_floors": 2, "sources": [{"dataset": "OpenStreetMap", "record_id": "784797057"}], "update_time": "2024-11-13", "version": 1, "confidence": 0.85, "bbox": {"xmin": -2.1718726, "ymin": 42.904032, "xmax": -2.1716695, "ymax": 42.9041344}}}, {"type": "Feature", "geometry": {"type": "Polygon", "coordinates": [[[-2.1712703, 42.9048691], [-2.1711652, 42.9048733], [-2.1711556, 42.9047251], [-2.1712606, 42.9047209], [-2.1712703, 42.9048691]]]}, "properties": {"id": "overture-efe1eb1de2a32310", "osm_id": "784797058", "theme": "buildings", "type": "building", "subtype": "building", "class": "yes", "names": null, "height": 6.4, "num_floors": 2, "sources": [{"dataset": "OpenStreetMap", "record_id": "784797058"}], "update_time": "2024-11-13", "version": 1, "confidence": 0.85, "bbox": {"xmin": -2.1712703, "ymin": 42.9047209, "xmax": -2.1711556, "ymax": 42.9048733}}}, {"type": "Feature", "geometry": {"type": "Polygon", "coordinates": [[[-2.1705492, 42.9048507], [-2.1700012, 42.9049528], [-2.169934, 42.9047322], [-2.1700811, 42.9047048], [-2.1700575, 42.9046272], [-2.1704202, 42.9045596], [-2.1704428, 42.9046336], [-2.1704809, 42.9046265], [-2.1705492, 42.9048507]]]}, "properties": {"id": "overture-01f055dbb5616c96", "osm_id": "784797059", "theme": "buildings", "type": "building", "subtype": "building", "class": "yes", "names": null, "height": 0.882, "num_floors": 2, "sources": [{"dataset": "OpenStreetMap", "record_id": "784797059"}, {"dataset": "IGN_LIDAR_PNOA_3", "record_id": "lidar_784797059", "height_source": "lidar_dtm"}], "update_time": "2024-11-13", "version": 1, "confidence": 0.85, "bbox": {"xmin": -2.1705492, "ymin": 42.9045596, "xmax": -2.169934, "ymax": 42.9049528}}}, {"type": "Feature", "geometry": {"type": "Polygon", "coordinates": [[[-2.169914, 42.904098], [-2.1701795, 42.9040766], [-2.1701815, 42.9040908], [-2.170248, 42.9040854], [-2.170237, 42.9040014], [-2.1701329, 42.9040098], [-2.1701342, 42.9040202], [-2.1699854, 42.9040321], [-2.1699837, 42.9040191], [-2.1699044, 42.9040255], [-2.169914, 42.904098]]]}, "properties": {"id": "overture-fd4f7af6f61a5ae1", "osm_id": "784797060", "theme": "buildings", "type": "building", "subtype": "building", "class": "yes", "names": null, "height": 6.4, "num_floors": 2, "sources": [{"dataset": "OpenStreetMap", "record_id": "784797060"}], "update_time": "2024-11-13", "version": 1, "confidence": 0.85, "bbox": {"xmin": -2.170248, "ymin": 42.9040014, "xmax": -2.1699044, "ymax": 42.904098}}}, {"type": "Feature", "geometry": {"type": "Polygon", "coordinates": [[[-2.1700538, 42.9053474], [-2.1700631, 42.9051482], [-2.1703463, 42.9051562], [-2.1703418, 42.9052521], [-2.1701183, 42.9052457], [-2.1701134, 42.9053491], [-2.1700538, 42.9053474]]]}, "properties": {"id": "overture-575c4af39867e0d0", "osm_id": "784797062", "theme": "buildings", "type": "building", "subtype": "building", "class": "yes", "names": null, "height": 6.4, "num_floors": 2, "sources": [{"dataset": "OpenStreetMap", "record_id": "784797062"}], "update_time": "2024-11-13", "version": 1, "confidence": 0.85, "bbox": {"xmin": -2.1703463, "ymin": 42.9051482, "xmax": -2.1700538, "ymax": 42.9053491}}}, {"type": "Feature", "geometry": {"type": "Polygon", "coordinates": [[[-2.1703681, 42.9051836], [-2.1703693, 42.9051392], [-2.1704566, 42.9051408], [-2.1704553, 42.9051852], [-2.1703681, 42.9051836]]]}, "properties": {"id": "overture-2ff9ec404b7f1d2f", "osm_id": "784797063", "theme": "buildings", "type": "building", "subtype": "building", "class": "yes", "names": null, "height": 6.4, "num_floors": 2, "sources": [{"dataset": "OpenStreetMap", "record_id": "784797063"}], "update_time": "2024-11-13", "version": 1, "confidence": 0.85, "bbox": {"xmin": -2.1704566, "ymin": 42.9051392, "xmax": -2.1703681, "ymax": 42.9051852}}}, {"type": "Feature", "geometry": {"type": "Polygon", "coordinates": [[[-2.1681828, 42.9025295], [-2.1680867, 42.9025245], [-2.1680926, 42.9024576], [-2.1681885, 42.9024626], [-2.1681828, 42.9025295]]]}, "properties": {"id": "overture-a2f7b7642a017f4b", "osm_id": "784797067", "theme": "buildings", "type": "building", "subtype": "building", "class": "yes", "names": null, "height": 6.4, "num_floors": 2, "sources": [{"dataset": "OpenStreetMap", "record_id": "784797067"}], "update_time": "2024-11-13", "version": 1, "confidence": 0.85, "bbox": {"xmin": -2.1681885, "ymin": 42.9024576, "xmax": -2.1680867, "ymax": 42.9025295}}}, {"type": "Feature", "geometry": {"type": "Polygon", "coordinates": [[[-2.1671776, 42.9019646], [-2.1672929, 42.9019661], [-2.1672945, 42.9018911], [-2.1671792, 42.9018896], [-2.1671776, 42.9019646]]]}, "properties": {"id": "overture-14f570f5e6b64ca3", "osm_id": "784797070", "theme": "buildings", "type": "building", "subtype": "farm_auxiliary", "class": "farm_auxiliary", "names": null, "height": 6.4, "num_floors": 1, "sources": [{"dataset": "OpenStreetMap", "record_id": "784797070"}], "update_time": "2024-11-13", "version": 1, "confidence": 0.85, "bbox": {"xmin": -2.1672945, "ymin": 42.9018896, "xmax": -2.1671776, "ymax": 42.9019661}}}, {"type": "Feature", "geometry": {"type": "Polygon", "coordinates": [[[-2.1668385, 42.9023457], [-2.1667625, 42.9023374], [-2.1667764, 42.9022591], [-2.1668524, 42.9022673], [-2.1668385, 42.9023457]]]}, "properties": {"id": "overture-2ca9c792863a17f2", "osm_id": "784797072", "theme": "buildings", "type": "building", "subtype": "building", "class": "yes", "names": null, "height": 6.4, "num_floors": 2, "sources": [{"dataset": "OpenStreetMap", "record_id": "784797072"}], "update_time": "2024-11-13", "version": 1, "confidence": 0.85, "bbox": {"xmin": -2.1668524, "ymin": 42.9022591, "xmax": -2.1667625, "ymax": 42.9023457}}}, {"type": "Feature", "geometry": {"type": "Polygon", "coordinates": [[[-2.1668514, 42.901953], [-2.1669159, 42.9019593], [-2.1669213, 42.9019247], [-2.1668568, 42.9019184], [-2.1668514, 42.901953]]]}, "properties": {"id": "overture-694d5bcc9ba2cda5", "osm_id": "784797073", "theme": "buildings", "type": "building", "subtype": "farm_auxiliary", "class": "farm_auxiliary", "names": null, "height": 6.4, "num_floors": 1, "sources": [{"dataset": "OpenStreetMap", "record_id": "784797073"}], "update_time": "2024-11-13", "version": 1, "confidence": 0.85, "bbox": {"xmin": -2.1669213, "ymin": 42.9019184, "xmax": -2.1668514, "ymax": 42.9019593}}}, {"type": "Feature", "geometry": {"type": "Polygon", "coordinates": [[[-2.166913, 42.9020603], [-2.1668753, 42.9020547], [-2.166892, 42.9019849], [-2.1669298, 42.9019905], [-2.166913, 42.9020603]]]}, "properties": {"id": "overture-0265c840a2cd22cc", "osm_id": "784797074", "theme": "buildings", "type": "building", "subtype": "farm_auxiliary", "class": "farm_auxiliary", "names": null, "height": 6.4, "num_floors": 1, "sources": [{"dataset": "OpenStreetMap", "record_id": "784797074"}], "update_time": "2024-11-13", "version": 1, "confidence": 0.85, "bbox": {"xmin": -2.1669298, "ymin": 42.9019849, "xmax": -2.1668753, "ymax": 42.9020603}}}, {"type": "Feature", "geometry": {"type": "Polygon", "coordinates": [[[-2.1656258, 42.9020979], [-2.1656956, 42.9021036], [-2.1656819, 42.9022058], [-2.1656119, 42.9022], [-2.1656258, 42.9020979]]]}, "properties": {"id": "overture-583d162972e19180", "osm_id": "784797075", "theme": "buildings", "type": "building", "subtype": "building", "class": "yes", "names": null, "height": 6.4, "num_floors": 2, "sources": [{"dataset": "OpenStreetMap", "record_id": "784797075"}], "update_time": "2024-11-13", "version": 1, "confidence": 0.85, "bbox": {"xmin": -2.1656956, "ymin": 42.9020979, "xmax": -2.1656119, "ymax": 42.9022058}}}, {"type": "Feature", "geometry": {"type": "Polygon", "coordinates": [[[-2.1655935, 42.9022286], [-2.165556, 42.902223], [-2.1655642, 42.9021891], [-2.1656017, 42.9021947], [-2.1655935, 42.9022286]]]}, "properties": {"id": "overture-e1fe6d5f84a988d3", "osm_id": "784797076", "theme": "buildings", "type": "building", "subtype": "building", "class": "yes", "names": null, "height": 6.4, "num_floors": 2, "sources": [{"dataset": "OpenStreetMap", "record_id": "784797076"}], "update_time": "2024-11-13", "version": 1, "confidence": 0.85, "bbox": {"xmin": -2.1656017, "ymin": 42.9021891, "xmax": -2.165556, "ymax": 42.9022286}}}, {"type": "Feature", "geometry": {"type": "Polygon", "coordinates": [[[-2.1656762, 42.9025077], [-2.165611, 42.9025008], [-2.1656343, 42.9023655], [-2.1656996, 42.9023724], [-2.1656762, 42.9025077]]]}, "properties": {"id": "overture-e499a6da6a6bb70d", "osm_id": "784797077", "theme": "buildings", "type": "building", "subtype": "greenhouse", "class": "greenhouse", "names": null, "height": 1.408, "num_floors": 2, "sources": [{"dataset": "OpenStreetMap", "record_id": "784797077"}, {"dataset": "IGN_LIDAR_PNOA_3", "record_id": "lidar_784797077", "height_source": "lidar_dtm"}], "update_time": "2024-11-13", "version": 1, "confidence": 0.85, "bbox": {"xmin": -2.1656996, "ymin": 42.9023655, "xmax": -2.165611, "ymax": 42.9025077}}}, {"type": "Feature", "geometry": {"type": "Polygon", "coordinates": [[[-2.1644599, 42.9026978], [-2.164334, 42.9027139], [-2.1643161, 42.9026316], [-2.1644407, 42.9026195], [-2.1644599, 42.9026978]]]}, "properties": {"id": "overture-caa66e8c37233e2e", "osm_id": "784797078", "theme": "buildings", "type": "building", "subtype": "building", "class": "yes", "names": {"primary": "q"}, "height": 6.4, "num_floors": 2, "sources": [{"dataset": "OpenStreetMap", "record_id": "784797078"}], "update_time": "2024-11-13", "version": 1, "confidence": 0.85, "bbox": {"xmin": -2.1644599, "ymin": 42.9026195, "xmax": -2.1643161, "ymax": 42.9027139}}}, {"type": "Feature", "geometry": {"type": "Polygon", "coordinates": [[[-2.1639685, 42.9019831], [-2.1638207, 42.9019966], [-2.1638054, 42.901894], [-2.163953, 42.9018805], [-2.1639685, 42.9019831]]]}, "properties": {"id": "overture-cae7893762e7fd76", "osm_id": "784797079", "theme": "buildings", "type": "building", "subtype": "farm_auxiliary", "class": "farm_auxiliary", "names": null, "height": 6.4, "num_floors": 1, "sources": [{"dataset": "OpenStreetMap", "record_id": "784797079"}], "update_time": "2024-11-13", "version": 1, "confidence": 0.85, "bbox": {"xmin": -2.1639685, "ymin": 42.9018805, "xmax": -2.1638054, "ymax": 42.9019966}}}, {"type": "Feature", "geometry": {"type": "Polygon", "coordinates": [[[-2.1618915, 42.9022129], [-2.1617393, 42.9022014], [-2.1617944, 42.9017583], [-2.1619851, 42.9017728], [-2.1619422, 42.902118], [-2.1619037, 42.9021151], [-2.1618915, 42.9022129]]]}, "properties": {"id": "overture-b866837f1de92979", "osm_id": "784797084", "theme": "buildings", "type": "building", "subtype": "building", "class": "yes", "names": null, "height": 0.623, "num_floors": 2, "sources": [{"dataset": "OpenStreetMap", "record_id": "784797084"}, {"dataset": "IGN_LIDAR_PNOA_3", "record_id": "lidar_784797084", "height_source": "lidar_dtm"}], "update_time": "2024-11-13", "version": 1, "confidence": 0.85, "bbox": {"xmin": -2.1619851, "ymin": 42.9017583, "xmax": -2.1617393, "ymax": 42.9022129}}}, {"type": "Feature", "geometry": {"type": "Polygon", "coordinates": [[[-2.1610983, 42.9018984], [-2.1606848, 42.9018119], [-2.1607374, 42.901658], [-2.1611509, 42.9017445], [-2.1610983, 42.9018984]]]}, "properties": {"id": "overture-9ce91c87bfa20284", "osm_id": "784797085", "theme": "buildings", "type": "building", "subtype": "building", "class": "yes", "names": null, "height": 6.4, "num_floors": 2, "sources": [{"dataset": "OpenStreetMap", "record_id": "784797085"}], "update_time": "2024-11-13", "version": 1, "confidence": 0.85, "bbox": {"xmin": -2.1611509, "ymin": 42.901658, "xmax": -2.1606848, "ymax": 42.9018984}}}, {"type": "Feature", "geometry": {"type": "Polygon", "coordinates": [[[-2.1606532, 42.9017945], [-2.1604476, 42.9017507], [-2.1605222, 42.9015364], [-2.1607279, 42.9015802], [-2.1606532, 42.9017945]]]}, "properties": {"id": "overture-76c40cdcccad76d4", "osm_id": "784797086", "theme": "buildings", "type": "building", "subtype": "building", "class": "yes", "names": null, "height": 0.551, "num_floors": 2, "sources": [{"dataset": "OpenStreetMap", "record_id": "784797086"}, {"dataset": "IGN_LIDAR_PNOA_3", "record_id": "lidar_784797086", "height_source": "lidar_dtm"}], "update_time": "2024-11-13", "version": 1, "confidence": 0.85, "bbox": {"xmin": -2.1607279, "ymin": 42.9015364, "xmax": -2.1604476, "ymax": 42.9017945}}}, {"type": "Feature", "geometry": {"type": "Polygon", "coordinates": [[[-2.1601787, 42.9017697], [-2.160009, 42.9017419], [-2.1600563, 42.9015643], [-2.1602261, 42.901592], [-2.1601787, 42.9017697]]]}, "properties": {"id": "overture-950dcfa90a6cc3c7", "osm_id": "784797087", "theme": "buildings", "type": "building", "subtype": "building", "class": "yes", "names": null, "height": 6.4, "num_floors": 2, "sources": [{"dataset": "OpenStreetMap", "record_id": "784797087"}], "update_time": "2024-11-13", "version": 1, "confidence": 0.85, "bbox": {"xmin": -2.1602261, "ymin": 42.9015643, "xmax": -2.160009, "ymax": 42.9017697}}}, {"type": "Feature", "geometry": {"type": "Polygon", "coordinates": [[[-2.1598928, 42.9017191], [-2.1597136, 42.901679], [-2.159754, 42.9015687], [-2.1599332, 42.9016088], [-2.1598928, 42.9017191]]]}, "properties": {"id": "overture-07be7600e5791598", "osm_id": "784797088", "theme": "buildings", "type": "building", "subtype": "building", "class": "yes", "names": null, "height": 1.932, "num_floors": 2, "sources": [{"dataset": "OpenStreetMap", "record_id": "784797088"}, {"dataset": "IGN_LIDAR_PNOA_3", "record_id": "lidar_784797088", "height_source": "lidar_dtm"}], "update_time": "2024-11-13", "version": 1, "confidence": 0.85, "bbox": {"xmin": -2.1599332, "ymin": 42.9015687, "xmax": -2.1597136, "ymax": 42.9017191}}}, {"type": "Feature", "geometry": {"type": "Polygon", "coordinates": [[[-2.1613364, 42.9014633], [-2.1614499, 42.9014837], [-2.1614703, 42.9014145], [-2.1613566, 42.9013941], [-2.1613364, 42.9014633]]]}, "properties": {"id": "overture-a102ea2af9b9f876", "osm_id": "784797089", "theme": "buildings", "type": "building", "subtype": "building", "class": "yes", "names": null, "height": 6.4, "num_floors": 2, "sources": [{"dataset": "OpenStreetMap", "record_id": "784797089"}], "update_time": "2024-11-13", "version": 1, "confidence": 0.85, "bbox": {"xmin": -2.1614703, "ymin": 42.9013941, "xmax": -2.1613364, "ymax": 42.9014837}}}, {"type": "Feature", "geometry": {"type": "Polygon", "coordinates": [[[-2.1616935, 42.9015764], [-2.1615973, 42.9015577], [-2.1616175, 42.9014943], [-2.1617136, 42.901513], [-2.1616935, 42.9015764]]]}, "properties": {"id": "overture-fe099f6145358949", "osm_id": "784797090", "theme": "buildings", "type": "building", "subtype": "building", "class": "yes", "names": null, "height": 6.4, "num_floors": 2, "sources": [{"dataset": "OpenStreetMap", "record_id": "784797090"}], "update_time": "2024-11-13", "version": 1, "confidence": 0.85, "bbox": {"xmin": -2.1617136, "ymin": 42.9014943, "xmax": -2.1615973, "ymax": 42.9015764}}}, {"type": "Feature", "geometry": {"type": "Polygon", "coordinates": [[[-2.1619723, 42.9015971], [-2.1618863, 42.9015799], [-2.1619058, 42.9015206], [-2.1619917, 42.9015378], [-2.1619723, 42.9015971]]]}, "properties": {"id": "overture-66c55bd7e6c1be32", "osm_id": "784797091", "theme": "buildings", "type": "building", "subtype": "building", "class": "yes", "names": null, "height": 6.4, "num_floors": 2, "sources": [{"dataset": "OpenStreetMap", "record_id": "784797091"}], "update_time": "2024-11-13", "version": 1, "confidence": 0.85, "bbox": {"xmin": -2.1619917, "ymin": 42.9015206, "xmax": -2.1618863, "ymax": 42.9015971}}}, {"type": "Feature", "geometry": {"type": "Polygon", "coordinates": [[[-2.162815, 42.9004211], [-2.1626695, 42.900417], [-2.1626718, 42.9003659], [-2.1628174, 42.90037], [-2.162815, 42.9004211]]]}, "properties": {"id": "overture-add8531668f88c58", "osm_id": "784797093", "theme": "buildings", "type": "building", "subtype": "building", "class": "yes", "names": null, "height": 6.4, "num_floors": 2, "sources": [{"dataset": "OpenStreetMap", "record_id": "784797093"}], "update_time": "2024-11-13", "version": 1, "confidence": 0.85, "bbox": {"xmin": -2.1628174, "ymin": 42.9003659, "xmax": -2.1626695, "ymax": 42.9004211}}}, {"type": "Feature", "geometry": {"type": "Polygon", "coordinates": [[[-2.1648179, 42.9013006], [-2.1647249, 42.9012703], [-2.1647578, 42.9012086], [-2.1648509, 42.9012388], [-2.1648179, 42.9013006]]]}, "properties": {"id": "overture-3fe55cad71cbdb2a", "osm_id": "784797095", "theme": "buildings", "type": "building", "subtype": "building", "class": "yes", "names": null, "height": 6.4, "num_floors": 2, "sources": [{"dataset": "OpenStreetMap", "record_id": "784797095"}], "update_time": "2024-11-13", "version": 1, "confidence": 0.85, "bbox": {"xmin": -2.1648509, "ymin": 42.9012086, "xmax": -2.1647249, "ymax": 42.9013006}}}, {"type": "Feature", "geometry": {"type": "Polygon", "coordinates": [[[-2.1654418, 42.9009759], [-2.1653973, 42.9009611], [-2.1654283, 42.9009042], [-2.1654728, 42.900919], [-2.1654418, 42.9009759]]]}, "properties": {"id": "overture-703b363e1c05de9b", "osm_id": "784797096", "theme": "buildings", "type": "building", "subtype": "building", "class": "yes", "names": null, "height": 6.4, "num_floors": 2, "sources": [{"dataset": "OpenStreetMap", "record_id": "784797096"}], "update_time": "2024-11-13", "version": 1, "confidence": 0.85, "bbox": {"xmin": -2.1654728, "ymin": 42.9009042, "xmax": -2.1653973, "ymax": 42.9009759}}}, {"type": "Feature", "geometry": {"type": "Polygon", "coordinates": [[[-2.1651247, 42.9005657], [-2.1650613, 42.9005503], [-2.1650882, 42.9004829], [-2.1651514, 42.9004983], [-2.1651247, 42.9005657]]]}, "properties": {"id": "overture-3d200cae72c7a7c2", "osm_id": "784797097", "theme": "buildings", "type": "building", "subtype": "building", "class": "yes", "names": null, "height": 6.4, "num_floors": 2, "sources": [{"dataset": "OpenStreetMap", "record_id": "784797097"}], "update_time": "2024-11-13", "version": 1, "confidence": 0.85, "bbox": {"xmin": -2.1651514, "ymin": 42.9004829, "xmax": -2.1650613, "ymax": 42.9005657}}}, {"type": "Feature", "geometry": {"type": "Polygon", "coordinates": [[[-2.1654915, 42.9007486], [-2.1654039, 42.900732], [-2.1654266, 42.9006581], [-2.1655143, 42.9006747], [-2.1654915, 42.9007486]]]}, "properties": {"id": "overture-288905aa7c0294c2", "osm_id": "784797098", "theme": "buildings", "type": "building", "subtype": "building", "class": "yes", "names": null, "height": 6.4, "num_floors": 2, "sources": [{"dataset": "OpenStreetMap", "record_id": "784797098"}], "update_time": "2024-11-13", "version": 1, "confidence": 0.85, "bbox": {"xmin": -2.1655143, "ymin": 42.9006581, "xmax": -2.1654039, "ymax": 42.9007486}}}, {"type": "Feature", "geometry": {"type": "Polygon", "coordinates": [[[-2.1657631, 42.8991283], [-2.1656997, 42.8990989], [-2.1657611, 42.899018], [-2.1658245, 42.8990474], [-2.1657631, 42.8991283]]]}, "properties": {"id": "overture-53da2cd956227ea6", "osm_id": "784797099", "theme": "buildings", "type": "building", "subtype": "building", "class": "yes", "names": null, "height": 6.4, "num_floors": 2, "sources": [{"dataset": "OpenStreetMap", "record_id": "784797099"}], "update_time": "2024-11-13", "version": 1, "confidence": 0.85, "bbox": {"xmin": -2.1658245, "ymin": 42.899018, "xmax": -2.1656997, "ymax": 42.8991283}}}, {"type": "Feature", "geometry": {"type": "Polygon", "coordinates": [[[-2.1700988, 42.8986752], [-2.1702445, 42.8984846], [-2.1703098, 42.8983667], [-2.1702596, 42.898351], [-2.1701616, 42.8984983], [-2.1700158, 42.8985593], [-2.1700988, 42.8986752]]]}, "properties": {"id": "overture-633686e7ff5eaac1", "osm_id": "784797100", "theme": "buildings", "type": "building", "subtype": "building", "class": "yes", "names": null, "height": 15.052, "num_floors": 2, "sources": [{"dataset": "OpenStreetMap", "record_id": "784797100"}, {"dataset": "IGN_LIDAR_PNOA_3", "record_id": "lidar_784797100", "height_source": "lidar_dtm"}], "update_time": "2024-11-13", "version": 1, "confidence": 0.85, "bbox": {"xmin": -2.1703098, "ymin": 42.898351, "xmax": -2.1700158, "ymax": 42.8986752}}}, {"type": "Feature", "geometry": {"type": "Polygon", "coordinates": [[[-2.1666032, 42.8932334], [-2.166544, 42.8931404], [-2.1665811, 42.893126], [-2.1665952, 42.8931481], [-2.166635, 42.8931325], [-2.1666599, 42.8931716], [-2.1666423, 42.8931784], [-2.166671, 42.8932236], [-2.1666032, 42.8932334]]]}, "properties": {"id": "overture-ab7bd073e88722b7", "osm_id": "784797102", "theme": "buildings", "type": "building", "subtype": "building", "class": "yes", "names": null, "height": 3.38, "num_floors": 2, "sources": [{"dataset": "OpenStreetMap", "record_id": "784797102"}, {"dataset": "IGN_LIDAR_PNOA_3", "record_id": "lidar_784797102", "height_source": "lidar_dtm"}], "update_time": "2024-11-13", "version": 1, "confidence": 0.85, "bbox": {"xmin": -2.166671, "ymin": 42.893126, "xmax": -2.166544, "ymax": 42.8932334}}}, {"type": "Feature", "geometry": {"type": "Polygon", "coordinates": [[[-2.1802999, 42.8886174], [-2.1803492, 42.8885383], [-2.1802178, 42.8884882], [-2.1801059, 42.8886677], [-2.1802372, 42.8887178], [-2.1802999, 42.8886174]]]}, "properties": {"id": "overture-b4ea349a68cbb46a", "osm_id": "882508253", "theme": "buildings", "type": "building", "subtype": "building", "class": "yes", "names": null, "height": 6.4, "num_floors": 2, "sources": [{"dataset": "OpenStreetMap", "record_id": "882508253"}], "update_time": "2024-11-13", "version": 1, "confidence": 0.85, "bbox": {"xmin": -2.1803492, "ymin": 42.8884882, "xmax": -2.1801059, "ymax": 42.8887178}}}, {"type": "Feature", "geometry": {"type": "Polygon", "coordinates": [[[-2.183805, 42.8968387], [-2.183818, 42.8967875], [-2.1838099, 42.8967356], [-2.1837816, 42.8966883], [-2.1837359, 42.8966502], [-2.1836772, 42.8966251], [-2.1836116, 42.8966154], [-2.1835398, 42.8966236], [-2.1834756, 42.8966503], [-2.1834268, 42.8966923], [-2.1833989, 42.8967447], [-2.1833952, 42.8968014], [-2.1834162, 42.8968558], [-2.1834593, 42.8969014], [-2.1835197, 42.896933], [-2.1835902, 42.8969469], [-2.1836624, 42.8969413], [-2.1837232, 42.8969197], [-2.1837724, 42.8968843], [-2.183805, 42.8968387]]]}, "properties": {"id": "overture-f89491b6b65fc00b", "osm_id": "882508262", "theme": "buildings", "type": "building", "subtype": "building", "class": "yes", "names": null, "height": 6.4, "num_floors": 2, "sources": [{"dataset": "OpenStreetMap", "record_id": "882508262"}], "update_time": "2024-11-13", "version": 1, "confidence": 0.85, "bbox": {"xmin": -2.183818, "ymin": 42.8966154, "xmax": -2.1833952, "ymax": 42.8969469}}}, {"type": "Feature", "geometry": {"type": "Polygon", "coordinates": [[[-2.1827547, 42.8836192], [-2.182667, 42.8835065], [-2.1828442, 42.8834221], [-2.182932, 42.8835348], [-2.1827547, 42.8836192]]]}, "properties": {"id": "overture-6fd4e9d39bff80d9", "osm_id": "964907683", "theme": "buildings", "type": "building", "subtype": "building", "class": "yes", "names": null, "height": 6.4, "num_floors": 2, "sources": [{"dataset": "OpenStreetMap", "record_id": "964907683"}], "update_time": "2024-11-13", "version": 1, "confidence": 0.85, "bbox": {"xmin": -2.182932, "ymin": 42.8834221, "xmax": -2.182667, "ymax": 42.8836192}}}, {"type": "Feature", "geometry": {"type": "Polygon", "coordinates": [[[-2.1823536, 42.8836297], [-2.1822734, 42.8835138], [-2.1824997, 42.8834183], [-2.1825797, 42.8835342], [-2.1823536, 42.8836297]]]}, "properties": {"id": "overture-06a68a6ff8157e49", "osm_id": "964907684", "theme": "buildings", "type": "building", "subtype": "building", "class": "yes", "names": null, "height": 6.4, "num_floors": 2, "sources": [{"dataset": "OpenStreetMap", "record_id": "964907684"}], "update_time": "2024-11-13", "version": 1, "confidence": 0.85, "bbox": {"xmin": -2.1825797, "ymin": 42.8834183, "xmax": -2.1822734, "ymax": 42.8836297}}}, {"type": "Feature", "geometry": {"type": "Polygon", "coordinates": [[[-2.182594, 42.8833762], [-2.1825064, 42.8832635], [-2.1826836, 42.8831791], [-2.1827713, 42.8832918], [-2.182594, 42.8833762]]]}, "properties": {"id": "overture-aaa9018d93b22a9c", "osm_id": "964907685", "theme": "buildings", "type": "building", "subtype": "building", "class": "yes", "names": {"primary": "Bar-Restaurante Vista Alegre"}, "height": 6.4, "num_floors": 2, "sources": [{"dataset": "OpenStreetMap", "record_id": "964907685"}], "update_time": "2024-11-13", "version": 1, "confidence": 0.85, "bbox": {"xmin": -2.1827713, "ymin": 42.8831791, "xmax": -2.1825064, "ymax": 42.8833762}}}, {"type": "Feature", "geometry": {"type": "Polygon", "coordinates": [[[-2.179279, 42.8829598], [-2.1793068, 42.883025], [-2.1791978, 42.8830534], [-2.1791701, 42.8829882], [-2.179279, 42.8829598]]]}, "properties": {"id": "overture-079092280cd2781d", "osm_id": "1135661355", "theme": "buildings", "type": "building", "subtype": "house", "class": "house", "names": null, "height": 6.4, "num_floors": 2, "sources": [{"dataset": "OpenStreetMap", "record_id": "1135661355"}], "update_time": "2024-11-13", "version": 1, "confidence": 0.85, "bbox": {"xmin": -2.1793068, "ymin": 42.8829598, "xmax": -2.1791701, "ymax": 42.8830534}}}, {"type": "Feature", "geometry": {"type": "Polygon", "coordinates": [[[-2.1783902, 42.8834504], [-2.1783259, 42.8833467], [-2.1782476, 42.8834536], [-2.1783902, 42.8834504]]]}, "properties": {"id": "overture-f2874b8a0c2d3c48", "osm_id": "1135661357", "theme": "buildings", "type": "building", "subtype": "building", "class": "yes", "names": null, "height": 6.4, "num_floors": 2, "sources": [{"dataset": "OpenStreetMap", "record_id": "1135661357"}], "update_time": "2024-11-13", "version": 1, "confidence": 0.85, "bbox": {"xmin": -2.1783902, "ymin": 42.8833467, "xmax": -2.1782476, "ymax": 42.8834536}}}, {"type": "Feature", "geometry": {"type": "Polygon", "coordinates": [[[-2.1766214, 42.8838484], [-2.1765399, 42.8838713], [-2.1765225, 42.883833], [-2.1765062, 42.8837977], [-2.1765876, 42.8837749], [-2.1766214, 42.8838484]]]}, "properties": {"id": "overture-1a2d375b2ff12d92", "osm_id": "1135661358", "theme": "buildings", "type": "building", "subtype": "house", "class": "house", "names": null, "height": 6.4, "num_floors": 2, "sources": [{"dataset": "OpenStreetMap", "record_id": "1135661358"}], "update_time": "2024-11-13", "version": 1, "confidence": 0.85, "bbox": {"xmin": -2.1766214, "ymin": 42.8837749, "xmax": -2.1765062, "ymax": 42.8838713}}}, {"type": "Feature", "geometry": {"type": "Polygon", "coordinates": [[[-2.1765399, 42.8838713], [-2.1765585, 42.883912], [-2.1764165, 42.883946], [-2.1764009, 42.8839061], [-2.176385, 42.8838656], [-2.1765225, 42.883833], [-2.1765399, 42.8838713]]]}, "properties": {"id": "overture-2903621817b63c28", "osm_id": "1135661359", "theme": "buildings", "type": "building", "subtype": "house", "class": "house", "names": null, "height": 6.4, "num_floors": 2, "sources": [{"dataset": "OpenStreetMap", "record_id": "1135661359"}], "update_time": "2024-11-13", "version": 1, "confidence": 0.85, "bbox": {"xmin": -2.1765585, "ymin": 42.883833, "xmax": -2.176385, "ymax": 42.883946}}}, {"type": "Feature", "geometry": {"type": "Polygon", "coordinates": [[[-2.1764009, 42.8839061], [-2.1763171, 42.8839308], [-2.1762831, 42.8838605], [-2.1763672, 42.8838356], [-2.176385, 42.8838656], [-2.1764009, 42.8839061]]]}, "properties": {"id": "overture-d068b637cc23ad23", "osm_id": "1135661360", "theme": "buildings", "type": "building", "subtype": "house", "class": "house", "names": null, "height": 6.4, "num_floors": 2, "sources": [{"dataset": "OpenStreetMap", "record_id": "1135661360"}], "update_time": "2024-11-13", "version": 1, "confidence": 0.85, "bbox": {"xmin": -2.1764009, "ymin": 42.8838356, "xmax": -2.1762831, "ymax": 42.8839308}}}, {"type": "Feature", "geometry": {"type": "Polygon", "coordinates": [[[-2.1764227, 42.8836788], [-2.1762688, 42.8837249], [-2.1762375, 42.8836612], [-2.1763914, 42.8836151], [-2.1764227, 42.8836788]]]}, "properties": {"id": "overture-13110c57df0ef51c", "osm_id": "1135661361", "theme": "buildings", "type": "building", "subtype": "house", "class": "house", "names": null, "height": 6.4, "num_floors": 2, "sources": [{"dataset": "OpenStreetMap", "record_id": "1135661361"}], "update_time": "2024-11-13", "version": 1, "confidence": 0.85, "bbox": {"xmin": -2.1764227, "ymin": 42.8836151, "xmax": -2.1762375, "ymax": 42.8837249}}}, {"type": "Feature", "geometry": {"type": "Polygon", "coordinates": [[[-2.1787928, 42.9168678], [-2.1788152, 42.9169524], [-2.1787334, 42.9169656], [-2.178711, 42.916881], [-2.1787928, 42.9168678]]]}, "properties": {"id": "overture-956bdd88d8229565", "osm_id": "1165162099", "theme": "buildings", "type": "building", "subtype": "farm_auxiliary", "class": "farm_auxiliary", "names": null, "height": 6.4, "num_floors": 2, "sources": [{"dataset": "OpenStreetMap", "record_id": "1165162099"}], "update_time": "2024-11-13", "version": 1, "confidence": 0.85, "bbox": {"xmin": -2.1788152, "ymin": 42.9168678, "xmax": -2.178711, "ymax": 42.9169656}}}, {"type": "Feature", "geometry": {"type": "Polygon", "coordinates": [[[-2.1794136, 42.9162766], [-2.1794255, 42.916332], [-2.1793482, 42.9163422], [-2.1793361, 42.9162868], [-2.1794136, 42.9162766]]]}, "properties": {"id": "overture-a9fca45973b5f4ad", "osm_id": "1165162100", "theme": "buildings", "type": "building", "subtype": "farm_auxiliary", "class": "farm_auxiliary", "names": null, "height": 6.4, "num_floors": 2, "sources": [{"dataset": "OpenStreetMap", "record_id": "1165162100"}], "update_time": "2024-11-13", "version": 1, "confidence": 0.85, "bbox": {"xmin": -2.1794255, "ymin": 42.9162766, "xmax": -2.1793361, "ymax": 42.9163422}}}, {"type": "Feature", "geometry": {"type": "Polygon", "coordinates": [[[-2.1758587, 42.9148833], [-2.1757659, 42.9149205], [-2.1757225, 42.9148544], [-2.1758154, 42.9148172], [-2.1758587, 42.9148833]]]}, "properties": {"id": "overture-aa22c5a5228ce845", "osm_id": "1165162101", "theme": "buildings", "type": "building", "subtype": "house", "class": "house", "names": null, "height": 6.4, "num_floors": 2, "sources": [{"dataset": "OpenStreetMap", "record_id": "1165162101"}], "update_time": "2024-11-13", "version": 1, "confidence": 0.85, "bbox": {"xmin": -2.1758587, "ymin": 42.9148172, "xmax": -2.1757225, "ymax": 42.9149205}}}, {"type": "Feature", "geometry": {"type": "Polygon", "coordinates": [[[-2.1756355, 42.916597], [-2.1756524, 42.9166891], [-2.175559, 42.9166996], [-2.175542, 42.9166075], [-2.1756355, 42.916597]]]}, "properties": {"id": "overture-2eacc7e3cb5219fa", "osm_id": "1165162102", "theme": "buildings", "type": "building", "subtype": "house", "class": "house", "names": null, "height": 6.4, "num_floors": 2, "sources": [{"dataset": "OpenStreetMap", "record_id": "1165162102"}], "update_time": "2024-11-13", "version": 1, "confidence": 0.85, "bbox": {"xmin": -2.1756524, "ymin": 42.916597, "xmax": -2.175542, "ymax": 42.9166996}}}, {"type": "Feature", "geometry": {"type": "Polygon", "coordinates": [[[-2.1703347, 42.9154495], [-2.1703102, 42.9155307], [-2.170218, 42.9155137], [-2.1702426, 42.9154325], [-2.1703347, 42.9154495]]]}, "properties": {"id": "overture-329f709d28744a00", "osm_id": "1165162103", "theme": "buildings", "type": "building", "subtype": "house", "class": "house", "names": null, "height": 6.4, "num_floors": 2, "sources": [{"dataset": "OpenStreetMap", "record_id": "1165162103"}], "update_time": "2024-11-13", "version": 1, "confidence": 0.85, "bbox": {"xmin": -2.1703347, "ymin": 42.9154325, "xmax": -2.170218, "ymax": 42.9155307}}}, {"type": "Feature", "geometry": {"type": "Polygon", "coordinates": [[[-2.1675754, 42.9131194], [-2.1675628, 42.9131923], [-2.1674862, 42.9131841], [-2.1674989, 42.9131112], [-2.1675754, 42.9131194]]]}, "properties": {"id": "overture-493ae9ab825d5762", "osm_id": "1165162104", "theme": "buildings", "type": "building", "subtype": "house", "class": "house", "names": null, "height": 6.4, "num_floors": 2, "sources": [{"dataset": "OpenStreetMap", "record_id": "1165162104"}], "update_time": "2024-11-13", "version": 1, "confidence": 0.85, "bbox": {"xmin": -2.1675754, "ymin": 42.9131112, "xmax": -2.1674862, "ymax": 42.9131923}}}, {"type": "Feature", "geometry": {"type": "Polygon", "coordinates": [[[-2.1687256, 42.9132818], [-2.1687226, 42.9133129], [-2.1686449, 42.9133082], [-2.1686383, 42.9133754], [-2.1687063, 42.9133795], [-2.1687036, 42.9134064], [-2.1686032, 42.9134003], [-2.1686158, 42.9132751], [-2.1687256, 42.9132818]]]}, "properties": {"id": "overture-fab799d490d664ca", "osm_id": "1165162105", "theme": "buildings", "type": "building", "subtype": "farm_auxiliary", "class": "farm_auxiliary", "names": null, "height": 6.4, "num_floors": 2, "sources": [{"dataset": "OpenStreetMap", "record_id": "1165162105"}], "update_time": "2024-11-13", "version": 1, "confidence": 0.85, "bbox": {"xmin": -2.1687256, "ymin": 42.9132751, "xmax": -2.1686032, "ymax": 42.9134064}}}, {"type": "Feature", "geometry": {"type": "Polygon", "coordinates": [[[-2.1827418, 42.8976777], [-2.1827564, 42.8976053], [-2.1826585, 42.8975932], [-2.1826439, 42.8976656], [-2.1827418, 42.8976777]]]}, "properties": {"id": "overture-2838006c739d0a37", "osm_id": "1188336569", "theme": "buildings", "type": "building", "subtype": "building", "class": "yes", "names": null, "height": 6.4, "num_floors": 2, "sources": [{"dataset": "OpenStreetMap", "record_id": "1188336569"}], "update_time": "2024-11-13", "version": 1, "confidence": 0.85, "bbox": {"xmin": -2.1827564, "ymin": 42.8975932, "xmax": -2.1826439, "ymax": 42.8976777}}}, {"type": "Feature", "geometry": {"type": "Polygon", "coordinates": [[[-2.1945824, 42.9040574], [-2.1944461, 42.9044119], [-2.1929776, 42.9040667], [-2.1931368, 42.9036525], [-2.1938432, 42.9038185], [-2.1938203, 42.9038782], [-2.1945824, 42.9040574]]]}, "properties": {"id": "overture-415ee78dff18cbc5", "osm_id": "1225594651", "theme": "buildings", "type": "building", "subtype": "industrial", "class": "industrial", "names": null, "height": 6.4, "num_floors": 2, "sources": [{"dataset": "OpenStreetMap", "record_id": "1225594651"}], "update_time": "2024-11-13", "version": 1, "confidence": 0.85, "bbox": {"xmin": -2.1945824, "ymin": 42.9036525, "xmax": -2.1929776, "ymax": 42.9044119}}}, {"type": "Feature", "geometry": {"type": "Polygon", "coordinates": [[[-2.1928981, 42.9036294], [-2.1925775, 42.9039673], [-2.1921431, 42.9037154], [-2.192577, 42.9032581], [-2.192917, 42.9034553], [-2.1928037, 42.9035747], [-2.1928981, 42.9036294]]]}, "properties": {"id": "overture-be911bdebc4bb612", "osm_id": "1225594652", "theme": "buildings", "type": "building", "subtype": "industrial", "class": "industrial", "names": null, "height": 6.4, "num_floors": 2, "sources": [{"dataset": "OpenStreetMap", "record_id": "1225594652"}], "update_time": "2024-11-13", "version": 1, "confidence": 0.85, "bbox": {"xmin": -2.192917, "ymin": 42.9032581, "xmax": -2.1921431, "ymax": 42.9039673}}}, {"type": "Feature", "geometry": {"type": "Polygon", "coordinates": [[[-2.1919685, 42.9031634], [-2.1918355, 42.9033217], [-2.1916015, 42.9032014], [-2.1913607, 42.9034877], [-2.1910212, 42.9033132], [-2.1915404, 42.9026958], [-2.1916231, 42.9027382], [-2.1916422, 42.9027155], [-2.191814, 42.9028038], [-2.1917853, 42.9028379], [-2.1918918, 42.9028927], [-2.191756, 42.9030542], [-2.1919685, 42.9031634]]]}, "properties": {"id": "overture-1106037bf99f8ee8", "osm_id": "1225594653", "theme": "buildings", "type": "building", "subtype": "industrial", "class": "industrial", "names": null, "height": 6.4, "num_floors": 2, "sources": [{"dataset": "OpenStreetMap", "record_id": "1225594653"}], "update_time": "2024-11-13", "version": 1, "confidence": 0.85, "bbox": {"xmin": -2.1919685, "ymin": 42.9026958, "xmax": -2.1910212, "ymax": 42.9034877}}}, {"type": "Feature", "geometry": {"type": "Polygon", "coordinates": [[[-2.1911468, 42.9026831], [-2.1906101, 42.9032412], [-2.1903792, 42.9031054], [-2.1903078, 42.9031798], [-2.1901506, 42.9030874], [-2.1907586, 42.9024549], [-2.1911468, 42.9026831]]]}, "properties": {"id": "overture-c7516d8596eba2c1", "osm_id": "1225594654", "theme": "buildings", "type": "building", "subtype": "industrial", "class": "industrial", "names": null, "height": 6.4, "num_floors": 2, "sources": [{"dataset": "OpenStreetMap", "record_id": "1225594654"}], "update_time": "2024-11-13", "version": 1, "confidence": 0.85, "bbox": {"xmin": -2.1911468, "ymin": 42.9024549, "xmax": -2.1901506, "ymax": 42.9032412}}}, {"type": "Feature", "geometry": {"type": "Polygon", "coordinates": [[[-2.1901458, 42.9028446], [-2.1899901, 42.9030146], [-2.1892224, 42.9025851], [-2.1893782, 42.9024149], [-2.1901458, 42.9028446]]]}, "properties": {"id": "overture-da8693c0348d0b4d", "osm_id": "1225594655", "theme": "buildings", "type": "building", "subtype": "industrial", "class": "industrial", "names": null, "height": 6.4, "num_floors": 2, "sources": [{"dataset": "OpenStreetMap", "record_id": "1225594655"}], "update_time": "2024-11-13", "version": 1, "confidence": 0.85, "bbox": {"xmin": -2.1901458, "ymin": 42.9024149, "xmax": -2.1892224, "ymax": 42.9030146}}}, {"type": "Feature", "geometry": {"type": "Polygon", "coordinates": [[[-2.1911197, 42.9037741], [-2.1899843, 42.9050375], [-2.1893609, 42.904695], [-2.1897578, 42.9042535], [-2.1904228, 42.9035137], [-2.1904964, 42.9034317], [-2.1911197, 42.9037741]]]}, "properties": {"id": "overture-dd17e92bb25c7590", "osm_id": "1225594656", "theme": "buildings", "type": "building", "subtype": "industrial", "class": "industrial", "names": null, "height": 6.4, "num_floors": 2, "sources": [{"dataset": "OpenStreetMap", "record_id": "1225594656"}], "update_time": "2024-11-13", "version": 1, "confidence": 0.85, "bbox": {"xmin": -2.1911197, "ymin": 42.9034317, "xmax": -2.1893609, "ymax": 42.9050375}}}, {"type": "Feature", "geometry": {"type": "Polygon", "coordinates": [[[-2.1903805, 42.9035041], [-2.1897041, 42.9042197], [-2.1893189, 42.9039972], [-2.189961, 42.9033177], [-2.1898982, 42.9032814], [-2.1899877, 42.9031866], [-2.190095, 42.9032485], [-2.1900396, 42.9033072], [-2.1903805, 42.9035041]]]}, "properties": {"id": "overture-34423b7dc8fcc721", "osm_id": "1225594657", "theme": "buildings", "type": "building", "subtype": "industrial", "class": "industrial", "names": null, "height": 6.4, "num_floors": 2, "sources": [{"dataset": "OpenStreetMap", "record_id": "1225594657"}], "update_time": "2024-11-13", "version": 1, "confidence": 0.85, "bbox": {"xmin": -2.1903805, "ymin": 42.9031866, "xmax": -2.1893189, "ymax": 42.9042197}}}, {"type": "Feature", "geometry": {"type": "Polygon", "coordinates": [[[-2.188987, 42.902125], [-2.188804, 42.902346], [-2.1884618, 42.9021728], [-2.1885678, 42.9020447], [-2.1887449, 42.9021343], [-2.1888218, 42.9020414], [-2.188987, 42.902125]]]}, "properties": {"id": "overture-5a9245070c06935f", "osm_id": "1225594658", "theme": "buildings", "type": "building", "subtype": "industrial", "class": "industrial", "names": null, "height": 6.4, "num_floors": 2, "sources": [{"dataset": "OpenStreetMap", "record_id": "1225594658"}], "update_time": "2024-11-13", "version": 1, "confidence": 0.85, "bbox": {"xmin": -2.188987, "ymin": 42.9020414, "xmax": -2.1884618, "ymax": 42.902346}}}, {"type": "Feature", "geometry": {"type": "Polygon", "coordinates": [[[-2.1893177, 42.9022862], [-2.1893237, 42.9023386], [-2.1891439, 42.9025387], [-2.1889855, 42.9024577], [-2.1891745, 42.9022457], [-2.1893177, 42.9022862]]]}, "properties": {"id": "overture-5796a4feb8ce7108", "osm_id": "1225594659", "theme": "buildings", "type": "building", "subtype": "industrial", "class": "industrial", "names": null, "height": 6.4, "num_floors": 2, "sources": [{"dataset": "OpenStreetMap", "record_id": "1225594659"}], "update_time": "2024-11-13", "version": 1, "confidence": 0.85, "bbox": {"xmin": -2.1893237, "ymin": 42.9022457, "xmax": -2.1889855, "ymax": 42.9025387}}}, {"type": "Feature", "geometry": {"type": "Polygon", "coordinates": [[[-2.1888311, 42.9028745], [-2.1876738, 42.9041694], [-2.187397, 42.9040182], [-2.1885547, 42.9027235], [-2.1888311, 42.9028745]]]}, "properties": {"id": "overture-faa9f6c56f990788", "osm_id": "1225594660", "theme": "buildings", "type": "building", "subtype": "industrial", "class": "industrial", "names": null, "height": 6.4, "num_floors": 2, "sources": [{"dataset": "OpenStreetMap", "record_id": "1225594660"}], "update_time": "2024-11-13", "version": 1, "confidence": 0.85, "bbox": {"xmin": -2.1888311, "ymin": 42.9027235, "xmax": -2.187397, "ymax": 42.9041694}}}, {"type": "Feature", "geometry": {"type": "Polygon", "coordinates": [[[-2.1857121, 42.9008212], [-2.1851833, 42.9014987], [-2.1844917, 42.9011688], [-2.1850205, 42.9004912], [-2.1857121, 42.9008212]]]}, "properties": {"id": "overture-79ff8bc0461a5d78", "osm_id": "1225594661", "theme": "buildings", "type": "building", "subtype": "industrial", "class": "industrial", "names": null, "height": 6.4, "num_floors": 2, "sources": [{"dataset": "OpenStreetMap", "record_id": "1225594661"}], "update_time": "2024-11-13", "version": 1, "confidence": 0.85, "bbox": {"xmin": -2.1857121, "ymin": 42.9004912, "xmax": -2.1844917, "ymax": 42.9014987}}}, {"type": "Feature", "geometry": {"type": "Polygon", "coordinates": [[[-2.1831594, 42.8997209], [-2.1832934, 42.9004084], [-2.1825057, 42.9005023], [-2.1823718, 42.8998147], [-2.1831594, 42.8997209]]]}, "properties": {"id": "overture-7c6c5367ac1632d1", "osm_id": "1225594662", "theme": "buildings", "type": "building", "subtype": "industrial", "class": "industrial", "names": null, "height": 6.4, "num_floors": 2, "sources": [{"dataset": "OpenStreetMap", "record_id": "1225594662"}], "update_time": "2024-11-13", "version": 1, "confidence": 0.85, "bbox": {"xmin": -2.1832934, "ymin": 42.8997209, "xmax": -2.1823718, "ymax": 42.9005023}}}, {"type": "Feature", "geometry": {"type": "Polygon", "coordinates": [[[-2.1840272, 42.8999046], [-2.1838855, 42.9000886], [-2.1839793, 42.9001327], [-2.1838385, 42.9003154], [-2.1835009, 42.9001565], [-2.183562, 42.9000771], [-2.183539, 42.9000663], [-2.1835183, 42.9000499], [-2.1835052, 42.9000106], [-2.183541, 42.8999642], [-2.1834443, 42.8999187], [-2.1836073, 42.8997069], [-2.1840272, 42.8999046]]]}, "properties": {"id": "overture-44ca07fb9f27a57a", "osm_id": "1225594663", "theme": "buildings", "type": "building", "subtype": "industrial", "class": "industrial", "names": null, "height": 6.4, "num_floors": 2, "sources": [{"dataset": "OpenStreetMap", "record_id": "1225594663"}], "update_time": "2024-11-13", "version": 1, "confidence": 0.85, "bbox": {"xmin": -2.1840272, "ymin": 42.8997069, "xmax": -2.1834443, "ymax": 42.9003154}}}, {"type": "Feature", "geometry": {"type": "Polygon", "coordinates": [[[-2.1834553, 42.8997605], [-2.1834028, 42.899837], [-2.1833425, 42.8998117], [-2.1833948, 42.8997351], [-2.1834553, 42.8997605]]]}, "properties": {"id": "overture-deaf2a09388c8da7", "osm_id": "1225594664", "theme": "buildings", "type": "building", "subtype": "building", "class": "yes", "names": null, "height": 6.4, "num_floors": 2, "sources": [{"dataset": "OpenStreetMap", "record_id": "1225594664"}], "update_time": "2024-11-13", "version": 1, "confidence": 0.85, "bbox": {"xmin": -2.1834553, "ymin": 42.8997351, "xmax": -2.1833425, "ymax": 42.899837}}}, {"type": "Feature", "geometry": {"type": "Polygon", "coordinates": [[[-2.1834348, 42.9025743], [-2.184015, 42.9030961], [-2.1831769, 42.9036657], [-2.1825967, 42.9031438], [-2.1834348, 42.9025743]]]}, "properties": {"id": "overture-e9b3eecb2dfeb561", "osm_id": "1225594665", "theme": "buildings", "type": "building", "subtype": "industrial", "class": "industrial", "names": null, "height": 5.128, "num_floors": 2, "sources": [{"dataset": "OpenStreetMap", "record_id": "1225594665"}, {"dataset": "IGN_LIDAR_PNOA_3", "record_id": "lidar_1225594665", "height_source": "lidar_dtm"}], "update_time": "2024-11-13", "version": 1, "confidence": 0.85, "bbox": {"xmin": -2.184015, "ymin": 42.9025743, "xmax": -2.1825967, "ymax": 42.9036657}}}, {"type": "Feature", "geometry": {"type": "Polygon", "coordinates": [[[-2.1823933, 42.9021969], [-2.182488, 42.9029138], [-2.1819079, 42.9029606], [-2.181813, 42.9022438], [-2.1823933, 42.9021969]]]}, "properties": {"id": "overture-99ee71a17fac66c2", "osm_id": "1225594666", "theme": "buildings", "type": "building", "subtype": "industrial", "class": "industrial", "names": null, "height": 5.075, "num_floors": 2, "sources": [{"dataset": "OpenStreetMap", "record_id": "1225594666"}, {"dataset": "IGN_LIDAR_PNOA_3", "record_id": "lidar_1225594666", "height_source": "lidar_dtm"}], "update_time": "2024-11-13", "version": 1, "confidence": 0.85, "bbox": {"xmin": -2.182488, "ymin": 42.9021969, "xmax": -2.181813, "ymax": 42.9029606}}}, {"type": "Feature", "geometry": {"type": "Polygon", "coordinates": [[[-2.1822789, 42.9012495], [-2.182501, 42.9017765], [-2.1821981, 42.9018546], [-2.1820256, 42.9014454], [-2.1821135, 42.9014227], [-2.1820638, 42.9013049], [-2.1822789, 42.9012495]]]}, "properties": {"id": "overture-ac9bd05f09180c7e", "osm_id": "1225594667", "theme": "buildings", "type": "building", "subtype": "industrial", "class": "industrial", "names": null, "height": 5.421, "num_floors": 2, "sources": [{"dataset": "OpenStreetMap", "record_id": "1225594667"}, {"dataset": "IGN_LIDAR_PNOA_3", "record_id": "lidar_1225594667", "height_source": "lidar_dtm"}], "update_time": "2024-11-13", "version": 1, "confidence": 0.85, "bbox": {"xmin": -2.182501, "ymin": 42.9012495, "xmax": -2.1820256, "ymax": 42.9018546}}}, {"type": "Feature", "geometry": {"type": "Polygon", "coordinates": [[[-2.1826563, 42.8987101], [-2.1826658, 42.8987924], [-2.1825246, 42.8988024], [-2.1825192, 42.8987554], [-2.1824287, 42.8987618], [-2.1824247, 42.8987266], [-2.1826563, 42.8987101]]]}, "properties": {"id": "overture-dc8d4b971c40d747", "osm_id": "1225594668", "theme": "buildings", "type": "building", "subtype": "house", "class": "house", "names": null, "height": 6.4, "num_floors": 2, "sources": [{"dataset": "OpenStreetMap", "record_id": "1225594668"}], "update_time": "2024-11-13", "version": 1, "confidence": 0.85, "bbox": {"xmin": -2.1826658, "ymin": 42.8987101, "xmax": -2.1824247, "ymax": 42.8988024}}}, {"type": "Feature", "geometry": {"type": "Polygon", "coordinates": [[[-2.1886874, 42.9024529], [-2.1883518, 42.9028391], [-2.187668, 42.902476], [-2.1880036, 42.9020897], [-2.1886874, 42.9024529]]]}, "properties": {"id": "overture-72db9b29eda4caf4", "osm_id": "1225594669", "theme": "buildings", "type": "building", "subtype": "industrial", "class": "industrial", "names": null, "height": 6.4, "num_floors": 2, "sources": [{"dataset": "OpenStreetMap", "record_id": "1225594669"}], "update_time": "2024-11-13", "version": 1, "confidence": 0.85, "bbox": {"xmin": -2.1886874, "ymin": 42.9020897, "xmax": -2.187668, "ymax": 42.9028391}}}, {"type": "Feature", "geometry": {"type": "Polygon", "coordinates": [[[-2.1878291, 42.9028855], [-2.1871923, 42.9034619], [-2.1868793, 42.9032505], [-2.1875159, 42.902674], [-2.1878291, 42.9028855]]]}, "properties": {"id": "overture-727d002c6c1706bf", "osm_id": "1225594670", "theme": "buildings", "type": "building", "subtype": "industrial", "class": "industrial", "names": null, "height": 6.4, "num_floors": 2, "sources": [{"dataset": "OpenStreetMap", "record_id": "1225594670"}], "update_time": "2024-11-13", "version": 1, "confidence": 0.85, "bbox": {"xmin": -2.1878291, "ymin": 42.902674, "xmax": -2.1868793, "ymax": 42.9034619}}}, {"type": "Feature", "geometry": {"type": "Polygon", "coordinates": [[[-2.1861474, 42.9018043], [-2.1855306, 42.902369], [-2.1850196, 42.9020278], [-2.1856362, 42.901463], [-2.1861474, 42.9018043]]]}, "properties": {"id": "overture-9f9e90f8f882199b", "osm_id": "1225594671", "theme": "buildings", "type": "building", "subtype": "industrial", "class": "industrial", "names": null, "height": 6.4, "num_floors": 2, "sources": [{"dataset": "OpenStreetMap", "record_id": "1225594671"}], "update_time": "2024-11-13", "version": 1, "confidence": 0.85, "bbox": {"xmin": -2.1861474, "ymin": 42.901463, "xmax": -2.1850196, "ymax": 42.902369}}}, {"type": "Feature", "geometry": {"type": "Polygon", "coordinates": [[[-2.1790952, 42.910274], [-2.179076, 42.9104408], [-2.178928, 42.9104304], [-2.1789472, 42.9102636], [-2.1790952, 42.910274]]]}, "properties": {"id": "overture-af4a5ab78b5aa30f", "osm_id": "1225594672", "theme": "buildings", "type": "building", "subtype": "house", "class": "house", "names": null, "height": 6.4, "num_floors": 2, "sources": [{"dataset": "OpenStreetMap", "record_id": "1225594672"}], "update_time": "2024-11-13", "version": 1, "confidence": 0.85, "bbox": {"xmin": -2.1790952, "ymin": 42.9102636, "xmax": -2.178928, "ymax": 42.9104408}}}, {"type": "Feature", "geometry": {"type": "Polygon", "coordinates": [[[-2.179139, 42.9106757], [-2.1790813, 42.910799], [-2.1791166, 42.9108091], [-2.1790951, 42.9108554], [-2.1789475, 42.9108134], [-2.1789729, 42.9107594], [-2.1789067, 42.9107405], [-2.1789607, 42.9106248], [-2.179139, 42.9106757]]]}, "properties": {"id": "overture-76944214b7c38d4e", "osm_id": "1225594673", "theme": "buildings", "type": "building", "subtype": "house", "class": "house", "names": null, "height": 6.4, "num_floors": 2, "sources": [{"dataset": "OpenStreetMap", "record_id": "1225594673"}], "update_time": "2024-11-13", "version": 1, "confidence": 0.85, "bbox": {"xmin": -2.179139, "ymin": 42.9106248, "xmax": -2.1789067, "ymax": 42.9108554}}}, {"type": "Feature", "geometry": {"type": "Polygon", "coordinates": [[[-2.1783657, 42.9102197], [-2.1784201, 42.9103462], [-2.1783402, 42.9103672], [-2.1783697, 42.910436], [-2.1782511, 42.9104672], [-2.1782032, 42.9103558], [-2.178175, 42.9103632], [-2.1781458, 42.9102956], [-2.178096, 42.9103087], [-2.1780644, 42.9102351], [-2.1782373, 42.9101895], [-2.1782619, 42.910247], [-2.1783657, 42.9102197]]]}, "properties": {"id": "overture-1a1291b3b813ca2a", "osm_id": "1225594674", "theme": "buildings", "type": "building", "subtype": "house", "class": "house", "names": null, "height": 6.4, "num_floors": 2, "sources": [{"dataset": "OpenStreetMap", "record_id": "1225594674"}], "update_time": "2024-11-13", "version": 1, "confidence": 0.85, "bbox": {"xmin": -2.1784201, "ymin": 42.9101895, "xmax": -2.1780644, "ymax": 42.9104672}}}, {"type": "Feature", "geometry": {"type": "Polygon", "coordinates": [[[-2.1790531, 42.9040804], [-2.1788383, 42.9042443], [-2.1788992, 42.9043085], [-2.1787852, 42.9044122], [-2.1784802, 42.9041675], [-2.1786977, 42.903985], [-2.1786738, 42.9039614], [-2.1788377, 42.9039103], [-2.1790531, 42.9040804]]]}, "properties": {"id": "overture-0dfd5e02f1202bfe", "osm_id": "1225594678", "theme": "buildings", "type": "building", "subtype": "farm_auxiliary", "class": "farm_auxiliary", "names": null, "height": 6.4, "num_floors": 2, "sources": [{"dataset": "OpenStreetMap", "record_id": "1225594678"}], "update_time": "2024-11-13", "version": 1, "confidence": 0.85, "bbox": {"xmin": -2.1790531, "ymin": 42.9039103, "xmax": -2.1784802, "ymax": 42.9044122}}}, {"type": "Feature", "geometry": {"type": "Polygon", "coordinates": [[[-2.187299, 42.9017498], [-2.1869927, 42.902034], [-2.1865894, 42.9017682], [-2.1868957, 42.901484], [-2.187299, 42.9017498]]]}, "properties": {"id": "overture-86fdcad44664ce8d", "osm_id": "1225734354", "theme": "buildings", "type": "building", "subtype": "industrial", "class": "industrial", "names": null, "height": 6.4, "num_floors": 2, "sources": [{"dataset": "OpenStreetMap", "record_id": "1225734354"}], "update_time": "2024-11-13", "version": 1, "confidence": 0.85, "bbox": {"xmin": -2.187299, "ymin": 42.901484, "xmax": -2.1865894, "ymax": 42.902034}}}, {"type": "Feature", "geometry": {"type": "Polygon", "coordinates": [[[-2.1879207, 42.9020469], [-2.1878459, 42.9021319], [-2.1875627, 42.9019796], [-2.1876373, 42.9018947], [-2.1879207, 42.9020469]]]}, "properties": {"id": "overture-19a8ca2f4f9298d1", "osm_id": "1225734355", "theme": "buildings", "type": "building", "subtype": "industrial", "class": "industrial", "names": null, "height": 6.4, "num_floors": 2, "sources": [{"dataset": "OpenStreetMap", "record_id": "1225734355"}], "update_time": "2024-11-13", "version": 1, "confidence": 0.85, "bbox": {"xmin": -2.1879207, "ymin": 42.9018947, "xmax": -2.1875627, "ymax": 42.9021319}}}, {"type": "Feature", "geometry": {"type": "Polygon", "coordinates": [[[-2.1863485, 42.9031486], [-2.1862094, 42.9032793], [-2.1861602, 42.9032473], [-2.1861062, 42.9032981], [-2.1859151, 42.9031735], [-2.1861083, 42.9029922], [-2.1863485, 42.9031486]]]}, "properties": {"id": "overture-c30021b06d2ae009", "osm_id": "1225734356", "theme": "buildings", "type": "building", "subtype": "industrial", "class": "industrial", "names": null, "height": 6.4, "num_floors": 2, "sources": [{"dataset": "OpenStreetMap", "record_id": "1225734356"}], "update_time": "2024-11-13", "version": 1, "confidence": 0.85, "bbox": {"xmin": -2.1863485, "ymin": 42.9029922, "xmax": -2.1859151, "ymax": 42.9032981}}}, {"type": "Feature", "geometry": {"type": "Polygon", "coordinates": [[[-2.1860013, 42.9029205], [-2.1858743, 42.9030402], [-2.1856794, 42.9030902], [-2.1852888, 42.9028373], [-2.1856101, 42.902534], [-2.1857231, 42.9026072], [-2.1856395, 42.9026861], [-2.1860013, 42.9029205]]]}, "properties": {"id": "overture-e4025f5b0e9f8f6a", "osm_id": "1225734357", "theme": "buildings", "type": "building", "subtype": "industrial", "class": "industrial", "names": null, "height": 6.4, "num_floors": 2, "sources": [{"dataset": "OpenStreetMap", "record_id": "1225734357"}], "update_time": "2024-11-13", "version": 1, "confidence": 0.85, "bbox": {"xmin": -2.1860013, "ymin": 42.902534, "xmax": -2.1852888, "ymax": 42.9030902}}}, {"type": "Feature", "geometry": {"type": "Polygon", "coordinates": [[[-2.1876674, 42.9033435], [-2.187418, 42.9036254], [-2.1872447, 42.9035317], [-2.1874941, 42.9032498], [-2.1876674, 42.9033435]]]}, "properties": {"id": "overture-5c6eb9bdfe9fd37c", "osm_id": "1225734359", "theme": "buildings", "type": "building", "subtype": "industrial", "class": "industrial", "names": null, "height": 6.4, "num_floors": 2, "sources": [{"dataset": "OpenStreetMap", "record_id": "1225734359"}], "update_time": "2024-11-13", "version": 1, "confidence": 0.85, "bbox": {"xmin": -2.1876674, "ymin": 42.9032498, "xmax": -2.1872447, "ymax": 42.9036254}}}, {"type": "Feature", "geometry": {"type": "Polygon", "coordinates": [[[-2.1873985, 42.9026153], [-2.1867691, 42.9031952], [-2.185716, 42.9024967], [-2.186285, 42.9019724], [-2.1870068, 42.9024511], [-2.1870671, 42.9023955], [-2.1873985, 42.9026153]]]}, "properties": {"id": "overture-a648d1f8de931ec8", "osm_id": "1225734360", "theme": "buildings", "type": "building", "subtype": "industrial", "class": "industrial", "names": null, "height": 6.4, "num_floors": 2, "sources": [{"dataset": "OpenStreetMap", "record_id": "1225734360"}], "update_time": "2024-11-13", "version": 1, "confidence": 0.85, "bbox": {"xmin": -2.1873985, "ymin": 42.9019724, "xmax": -2.185716, "ymax": 42.9031952}}}, {"type": "Feature", "geometry": {"type": "Polygon", "coordinates": [[[-2.1847232, 42.9004301], [-2.1841874, 42.9011397], [-2.1835932, 42.9008653], [-2.1841704, 42.9001012], [-2.1843877, 42.9002016], [-2.1843467, 42.9002562], [-2.1847232, 42.9004301]]]}, "properties": {"id": "overture-54703e9816b55244", "osm_id": "1225734361", "theme": "buildings", "type": "building", "subtype": "industrial", "class": "industrial", "names": null, "height": 6.4, "num_floors": 2, "sources": [{"dataset": "OpenStreetMap", "record_id": "1225734361"}], "update_time": "2024-11-13", "version": 1, "confidence": 0.85, "bbox": {"xmin": -2.1847232, "ymin": 42.9001012, "xmax": -2.1835932, "ymax": 42.9011397}}}, {"type": "Feature", "geometry": {"type": "Polygon", "coordinates": [[[-2.18488, 42.8996765], [-2.1846354, 42.8999982], [-2.1837312, 42.899578], [-2.1839219, 42.899327], [-2.1840757, 42.8993984], [-2.1841328, 42.8993233], [-2.1844353, 42.8994637], [-2.1843056, 42.8996344], [-2.1844527, 42.8997027], [-2.1845789, 42.8995366], [-2.18488, 42.8996765]]]}, "properties": {"id": "overture-6940695ca7e5877e", "osm_id": "1225734362", "theme": "buildings", "type": "building", "subtype": "industrial", "class": "industrial", "names": null, "height": 6.4, "num_floors": 2, "sources": [{"dataset": "OpenStreetMap", "record_id": "1225734362"}], "update_time": "2024-11-13", "version": 1, "confidence": 0.85, "bbox": {"xmin": -2.18488, "ymin": 42.8993233, "xmax": -2.1837312, "ymax": 42.8999982}}}, {"type": "Feature", "geometry": {"type": "Polygon", "coordinates": [[[-2.183885, 42.899275], [-2.1836899, 42.8995478], [-2.1835787, 42.8994992], [-2.1837736, 42.8992263], [-2.183885, 42.899275]]]}, "properties": {"id": "overture-6b2f02758f99256b", "osm_id": "1225734363", "theme": "buildings", "type": "building", "subtype": "industrial", "class": "industrial", "names": null, "height": 6.4, "num_floors": 2, "sources": [{"dataset": "OpenStreetMap", "record_id": "1225734363"}], "update_time": "2024-11-13", "version": 1, "confidence": 0.85, "bbox": {"xmin": -2.183885, "ymin": 42.8992263, "xmax": -2.1835787, "ymax": 42.8995478}}}, {"type": "Feature", "geometry": {"type": "Polygon", "coordinates": [[[-2.1868007, 42.9007139], [-2.1868882, 42.900889], [-2.186637, 42.9011772], [-2.1864742, 42.9010905], [-2.1865482, 42.9010057], [-2.1863629, 42.900907], [-2.1866166, 42.9006158], [-2.1868007, 42.9007139]]]}, "properties": {"id": "overture-d33533eda63e716a", "osm_id": "1225734364", "theme": "buildings", "type": "building", "subtype": "industrial", "class": "industrial", "names": null, "height": 6.4, "num_floors": 2, "sources": [{"dataset": "OpenStreetMap", "record_id": "1225734364"}], "update_time": "2024-11-13", "version": 1, "confidence": 0.85, "bbox": {"xmin": -2.1868882, "ymin": 42.9006158, "xmax": -2.1863629, "ymax": 42.9011772}}}, {"type": "Feature", "geometry": {"type": "Polygon", "coordinates": [[[-2.1866983, 42.9004607], [-2.1866229, 42.9005585], [-2.1865016, 42.9005013], [-2.186219, 42.9008678], [-2.1862769, 42.900895], [-2.1862384, 42.9009449], [-2.1860217, 42.9008428], [-2.1860485, 42.9008082], [-2.1859346, 42.9007545], [-2.1863044, 42.900275], [-2.1866983, 42.9004607]]]}, "properties": {"id": "overture-3b042a7c2db32cfc", "osm_id": "1225734365", "theme": "buildings", "type": "building", "subtype": "industrial", "class": "industrial", "names": null, "height": 6.4, "num_floors": 2, "sources": [{"dataset": "OpenStreetMap", "record_id": "1225734365"}], "update_time": "2024-11-13", "version": 1, "confidence": 0.85, "bbox": {"xmin": -2.1866983, "ymin": 42.900275, "xmax": -2.1859346, "ymax": 42.9009449}}}, {"type": "Feature", "geometry": {"type": "Polygon", "coordinates": [[[-2.1863246, 42.9001829], [-2.1858976, 42.9007522], [-2.1856037, 42.9006044], [-2.1860481, 42.9001583], [-2.1858172, 42.9000461], [-2.1854322, 42.9004895], [-2.184753, 42.9001145], [-2.1851591, 42.8996575], [-2.1855231, 42.8998463], [-2.1855721, 42.8997861], [-2.1863246, 42.9001829]]]}, "properties": {"id": "overture-b55120dffae79248", "osm_id": "1225734366", "theme": "buildings", "type": "building", "subtype": "industrial", "class": "industrial", "names": null, "height": 6.4, "num_floors": 2, "sources": [{"dataset": "OpenStreetMap", "record_id": "1225734366"}], "update_time": "2024-11-13", "version": 1, "confidence": 0.85, "bbox": {"xmin": -2.1863246, "ymin": 42.8996575, "xmax": -2.184753, "ymax": 42.9007522}}}, {"type": "Feature", "geometry": {"type": "Polygon", "coordinates": [[[-2.1830425, 42.9022023], [-2.1831875, 42.9024197], [-2.1830488, 42.9024762], [-2.1829943, 42.9023944], [-2.1829407, 42.9024162], [-2.1828504, 42.9022806], [-2.1830425, 42.9022023]]]}, "properties": {"id": "overture-4d015882079310a1", "osm_id": "1225734367", "theme": "buildings", "type": "building", "subtype": "building", "class": "yes", "names": null, "height": 1.348, "num_floors": 2, "sources": [{"dataset": "OpenStreetMap", "record_id": "1225734367"}, {"dataset": "IGN_LIDAR_PNOA_3", "record_id": "lidar_1225734367", "height_source": "lidar_dtm"}], "update_time": "2024-11-13", "version": 1, "confidence": 0.85, "bbox": {"xmin": -2.1831875, "ymin": 42.9022023, "xmax": -2.1828504, "ymax": 42.9024762}}}, {"type": "Feature", "geometry": {"type": "Polygon", "coordinates": [[[-2.1831996, 42.9024435], [-2.1832501, 42.9025167], [-2.1831308, 42.9025671], [-2.1830802, 42.902494], [-2.1831996, 42.9024435]]]}, "properties": {"id": "overture-83467578bedfe918", "osm_id": "1225734368", "theme": "buildings", "type": "building", "subtype": "building", "class": "yes", "names": null, "height": 1.002, "num_floors": 2, "sources": [{"dataset": "OpenStreetMap", "record_id": "1225734368"}, {"dataset": "IGN_LIDAR_PNOA_3", "record_id": "lidar_1225734368", "height_source": "lidar_dtm"}], "update_time": "2024-11-13", "version": 1, "confidence": 0.85, "bbox": {"xmin": -2.1832501, "ymin": 42.9024435, "xmax": -2.1830802, "ymax": 42.9025671}}}, {"type": "Feature", "geometry": {"type": "Polygon", "coordinates": [[[-2.1829969, 42.9020669], [-2.1830214, 42.9021505], [-2.1828154, 42.9021874], [-2.1827909, 42.9021037], [-2.1829969, 42.9020669]]]}, "properties": {"id": "overture-df90e0f53fcf6a2c", "osm_id": "1225734369", "theme": "buildings", "type": "building", "subtype": "building", "class": "yes", "names": null, "height": 0.484, "num_floors": 2, "sources": [{"dataset": "OpenStreetMap", "record_id": "1225734369"}, {"dataset": "IGN_LIDAR_PNOA_3", "record_id": "lidar_1225734369", "height_source": "lidar_dtm"}], "update_time": "2024-11-13", "version": 1, "confidence": 0.85, "bbox": {"xmin": -2.1830214, "ymin": 42.9020669, "xmax": -2.1827909, "ymax": 42.9021874}}}, {"type": "Feature", "geometry": {"type": "Polygon", "coordinates": [[[-2.182825, 42.9018536], [-2.1828733, 42.9020242], [-2.1827682, 42.9020424], [-2.18272, 42.9018718], [-2.182825, 42.9018536]]]}, "properties": {"id": "overture-5536891b0ad7c6cf", "osm_id": "1225734370", "theme": "buildings", "type": "building", "subtype": "building", "class": "yes", "names": null, "height": 0.817, "num_floors": 2, "sources": [{"dataset": "OpenStreetMap", "record_id": "1225734370"}, {"dataset": "IGN_LIDAR_PNOA_3", "record_id": "lidar_1225734370", "height_source": "lidar_dtm"}], "update_time": "2024-11-13", "version": 1, "confidence": 0.85, "bbox": {"xmin": -2.1828733, "ymin": 42.9018536, "xmax": -2.18272, "ymax": 42.9020424}}}, {"type": "Feature", "geometry": {"type": "Polygon", "coordinates": [[[-2.1820177, 42.9017915], [-2.1820338, 42.9020901], [-2.1819118, 42.9020942], [-2.1818957, 42.9017955], [-2.1820177, 42.9017915]]]}, "properties": {"id": "overture-f7b4be08902269d3", "osm_id": "1225734371", "theme": "buildings", "type": "building", "subtype": "building", "class": "yes", "names": null, "height": 1.335, "num_floors": 2, "sources": [{"dataset": "OpenStreetMap", "record_id": "1225734371"}, {"dataset": "IGN_LIDAR_PNOA_3", "record_id": "lidar_1225734371", "height_source": "lidar_dtm"}], "update_time": "2024-11-13", "version": 1, "confidence": 0.85, "bbox": {"xmin": -2.1820338, "ymin": 42.9017915, "xmax": -2.1818957, "ymax": 42.9020942}}}, {"type": "Feature", "geometry": {"type": "Polygon", "coordinates": [[[-2.1876918, 42.901551], [-2.1875925, 42.90166], [-2.1869809, 42.9013198], [-2.1870804, 42.9012107], [-2.1876918, 42.901551]]]}, "properties": {"id": "overture-bffb905f2dfe2da0", "osm_id": "1225734372", "theme": "buildings", "type": "building", "subtype": "industrial", "class": "industrial", "names": null, "height": 6.4, "num_floors": 2, "sources": [{"dataset": "OpenStreetMap", "record_id": "1225734372"}], "update_time": "2024-11-13", "version": 1, "confidence": 0.85, "bbox": {"xmin": -2.1876918, "ymin": 42.9012107, "xmax": -2.1869809, "ymax": 42.90166}}}, {"type": "Feature", "geometry": {"type": "Polygon", "coordinates": [[[-2.1871499, 42.9010847], [-2.1869634, 42.9012617], [-2.1868531, 42.9011907], [-2.1870395, 42.9010137], [-2.1871499, 42.9010847]]]}, "properties": {"id": "overture-588f9614f42a371d", "osm_id": "1225734373", "theme": "buildings", "type": "building", "subtype": "industrial", "class": "industrial", "names": null, "height": 6.4, "num_floors": 2, "sources": [{"dataset": "OpenStreetMap", "record_id": "1225734373"}], "update_time": "2024-11-13", "version": 1, "confidence": 0.85, "bbox": {"xmin": -2.1871499, "ymin": 42.9010137, "xmax": -2.1868531, "ymax": 42.9012617}}}, {"type": "Feature", "geometry": {"type": "Polygon", "coordinates": [[[-2.1881264, 42.9010236], [-2.1881488, 42.9010472], [-2.1882392, 42.9009945], [-2.1883162, 42.9010753], [-2.1882318, 42.9011245], [-2.1882603, 42.9011544], [-2.1878588, 42.9013888], [-2.1878011, 42.9013284], [-2.1880816, 42.9011646], [-2.1880111, 42.9010909], [-2.1881264, 42.9010236]]]}, "properties": {"id": "overture-5c25a980385f5b75", "osm_id": "1225734374", "theme": "buildings", "type": "building", "subtype": "building", "class": "yes", "names": null, "height": 6.4, "num_floors": 2, "sources": [{"dataset": "OpenStreetMap", "record_id": "1225734374"}], "update_time": "2024-11-13", "version": 1, "confidence": 0.85, "bbox": {"xmin": -2.1883162, "ymin": 42.9009945, "xmax": -2.1878011, "ymax": 42.9013888}}}, {"type": "Feature", "geometry": {"type": "Polygon", "coordinates": [[[-2.1880844, 42.9008831], [-2.1879953, 42.9009743], [-2.1879196, 42.9009291], [-2.1880087, 42.9008379], [-2.1880844, 42.9008831]]]}, "properties": {"id": "overture-c8a2263967393974", "osm_id": "1225734375", "theme": "buildings", "type": "building", "subtype": "building", "class": "yes", "names": null, "height": 6.4, "num_floors": 2, "sources": [{"dataset": "OpenStreetMap", "record_id": "1225734375"}], "update_time": "2024-11-13", "version": 1, "confidence": 0.85, "bbox": {"xmin": -2.1880844, "ymin": 42.9008379, "xmax": -2.1879196, "ymax": 42.9009743}}}, {"type": "Feature", "geometry": {"type": "Polygon", "coordinates": [[[-2.1879362, 42.9014454], [-2.1878854, 42.9015768], [-2.1877471, 42.901533], [-2.1878118, 42.9014673], [-2.1878907, 42.9014057], [-2.1879362, 42.9014454]]]}, "properties": {"id": "overture-4a2e58355fdfe848", "osm_id": "1225734376", "theme": "buildings", "type": "building", "subtype": "building", "class": "yes", "names": null, "height": 6.4, "num_floors": 2, "sources": [{"dataset": "OpenStreetMap", "record_id": "1225734376"}], "update_time": "2024-11-13", "version": 1, "confidence": 0.85, "bbox": {"xmin": -2.1879362, "ymin": 42.9014057, "xmax": -2.1877471, "ymax": 42.9015768}}}, {"type": "Feature", "geometry": {"type": "Polygon", "coordinates": [[[-2.188332, 42.9018195], [-2.1882293, 42.9019429], [-2.188137, 42.901896], [-2.1882397, 42.9017726], [-2.188332, 42.9018195]]]}, "properties": {"id": "overture-c69993000de846a5", "osm_id": "1225734377", "theme": "buildings", "type": "building", "subtype": "building", "class": "yes", "names": null, "height": 6.4, "num_floors": 2, "sources": [{"dataset": "OpenStreetMap", "record_id": "1225734377"}], "update_time": "2024-11-13", "version": 1, "confidence": 0.85, "bbox": {"xmin": -2.188332, "ymin": 42.9017726, "xmax": -2.188137, "ymax": 42.9019429}}}, {"type": "Feature", "geometry": {"type": "Polygon", "coordinates": [[[-2.1885838, 42.9019227], [-2.1884136, 42.9021143], [-2.1883868, 42.9020998], [-2.1884304, 42.902051], [-2.1883039, 42.9019823], [-2.1884307, 42.9018396], [-2.1885838, 42.9019227]]]}, "properties": {"id": "overture-e6abb2500aa78be6", "osm_id": "1225734378", "theme": "buildings", "type": "building", "subtype": "building", "class": "yes", "names": null, "height": 6.4, "num_floors": 2, "sources": [{"dataset": "OpenStreetMap", "record_id": "1225734378"}], "update_time": "2024-11-13", "version": 1, "confidence": 0.85, "bbox": {"xmin": -2.1885838, "ymin": 42.9018396, "xmax": -2.1883039, "ymax": 42.9021143}}}, {"type": "Feature", "geometry": {"type": "Polygon", "coordinates": [[[-2.1839847, 42.9014506], [-2.1838833, 42.901532], [-2.1838153, 42.9014803], [-2.1839167, 42.9013989], [-2.1839847, 42.9014506]]]}, "properties": {"id": "overture-f7941e144da8a1fb", "osm_id": "1225734379", "theme": "buildings", "type": "building", "subtype": "building", "class": "yes", "names": null, "height": 6.4, "num_floors": 2, "sources": [{"dataset": "OpenStreetMap", "record_id": "1225734379"}], "update_time": "2024-11-13", "version": 1, "confidence": 0.85, "bbox": {"xmin": -2.1839847, "ymin": 42.9013989, "xmax": -2.1838153, "ymax": 42.901532}}}, {"type": "Feature", "geometry": {"type": "Polygon", "coordinates": [[[-2.1830148, 42.9011933], [-2.1829296, 42.9012707], [-2.1827845, 42.9010758], [-2.1828912, 42.9010273], [-2.1830148, 42.9011933]]]}, "properties": {"id": "overture-38d33ed48115deab", "osm_id": "1225734380", "theme": "buildings", "type": "building", "subtype": "building", "class": "yes", "names": null, "height": 6.4, "num_floors": 2, "sources": [{"dataset": "OpenStreetMap", "record_id": "1225734380"}], "update_time": "2024-11-13", "version": 1, "confidence": 0.85, "bbox": {"xmin": -2.1830148, "ymin": 42.9010273, "xmax": -2.1827845, "ymax": 42.9012707}}}, {"type": "Feature", "geometry": {"type": "Polygon", "coordinates": [[[-2.1820635, 42.9008463], [-2.1821068, 42.900963], [-2.1819884, 42.9009897], [-2.1819683, 42.9009355], [-2.1819952, 42.9009294], [-2.181972, 42.900867], [-2.1820635, 42.9008463]]]}, "properties": {"id": "overture-294b61846349b9f1", "osm_id": "1225734381", "theme": "buildings", "type": "building", "subtype": "building", "class": "yes", "names": null, "height": 6.4, "num_floors": 2, "sources": [{"dataset": "OpenStreetMap", "record_id": "1225734381"}], "update_time": "2024-11-13", "version": 1, "confidence": 0.85, "bbox": {"xmin": -2.1821068, "ymin": 42.9008463, "xmax": -2.1819683, "ymax": 42.9009897}}}, {"type": "Feature", "geometry": {"type": "Polygon", "coordinates": [[[-2.1814754, 42.9002751], [-2.1815053, 42.9003777], [-2.1813006, 42.900414], [-2.1812708, 42.9003115], [-2.1814754, 42.9002751]]]}, "properties": {"id": "overture-cf1a87ab0f9ab02f", "osm_id": "1225734382", "theme": "buildings", "type": "building", "subtype": "house", "class": "house", "names": null, "height": 6.4, "num_floors": 2, "sources": [{"dataset": "OpenStreetMap", "record_id": "1225734382"}], "update_time": "2024-11-13", "version": 1, "confidence": 0.85, "bbox": {"xmin": -2.1815053, "ymin": 42.9002751, "xmax": -2.1812708, "ymax": 42.900414}}}, {"type": "Feature", "geometry": {"type": "Polygon", "coordinates": [[[-2.1809694, 42.9001266], [-2.1808677, 42.9001826], [-2.1807287, 42.9000285], [-2.1808305, 42.8999724], [-2.1809694, 42.9001266]]]}, "properties": {"id": "overture-d91fd90d34a92aae", "osm_id": "1225734383", "theme": "buildings", "type": "building", "subtype": "house", "class": "house", "names": null, "height": 6.4, "num_floors": 2, "sources": [{"dataset": "OpenStreetMap", "record_id": "1225734383"}], "update_time": "2024-11-13", "version": 1, "confidence": 0.85, "bbox": {"xmin": -2.1809694, "ymin": 42.8999724, "xmax": -2.1807287, "ymax": 42.9001826}}}, {"type": "Feature", "geometry": {"type": "Polygon", "coordinates": [[[-2.1813342, 42.9004958], [-2.1813522, 42.900521], [-2.1811291, 42.9005713], [-2.1811331, 42.9004675], [-2.1811612, 42.9004675], [-2.1812115, 42.9005037], [-2.1813342, 42.9004958]]]}, "properties": {"id": "overture-e68178d60fd2ca6c", "osm_id": "1225734384", "theme": "buildings", "type": "building", "subtype": "building", "class": "yes", "names": null, "height": 6.4, "num_floors": 2, "sources": [{"dataset": "OpenStreetMap", "record_id": "1225734384"}], "update_time": "2024-11-13", "version": 1, "confidence": 0.85, "bbox": {"xmin": -2.1813522, "ymin": 42.9004675, "xmax": -2.1811291, "ymax": 42.9005713}}}, {"type": "Feature", "geometry": {"type": "Polygon", "coordinates": [[[-2.1818806, 42.9019345], [-2.1818982, 42.9021093], [-2.1818245, 42.9021138], [-2.1818268, 42.9021363], [-2.1817666, 42.9021399], [-2.181747, 42.9019426], [-2.1818806, 42.9019345]]]}, "properties": {"id": "overture-8a7f1d3810bb7b21", "osm_id": "1225734385", "theme": "buildings", "type": "building", "subtype": "building", "class": "yes", "names": null, "height": 1.246, "num_floors": 2, "sources": [{"dataset": "OpenStreetMap", "record_id": "1225734385"}, {"dataset": "IGN_LIDAR_PNOA_3", "record_id": "lidar_1225734385", "height_source": "lidar_dtm"}], "update_time": "2024-11-13", "version": 1, "confidence": 0.85, "bbox": {"xmin": -2.1818982, "ymin": 42.9019345, "xmax": -2.181747, "ymax": 42.9021399}}}, {"type": "Feature", "geometry": {"type": "Polygon", "coordinates": [[[-2.1808362, 42.8990807], [-2.1808198, 42.8991786], [-2.1806312, 42.8991593], [-2.1806476, 42.8990614], [-2.1808362, 42.8990807]]]}, "properties": {"id": "overture-93097e9a18c0ef3c", "osm_id": "1225734386", "theme": "buildings", "type": "building", "subtype": "house", "class": "house", "names": null, "height": 6.4, "num_floors": 2, "sources": [{"dataset": "OpenStreetMap", "record_id": "1225734386"}], "update_time": "2024-11-13", "version": 1, "confidence": 0.85, "bbox": {"xmin": -2.1808362, "ymin": 42.8990614, "xmax": -2.1806312, "ymax": 42.8991786}}}, {"type": "Feature", "geometry": {"type": "Polygon", "coordinates": [[[-2.1806004, 42.8990679], [-2.1805885, 42.8991577], [-2.1804401, 42.8991456], [-2.1804522, 42.8990558], [-2.1806004, 42.8990679]]]}, "properties": {"id": "overture-e24ae6be9407abd7", "osm_id": "1225734387", "theme": "buildings", "type": "building", "subtype": "house", "class": "house", "names": null, "height": 8.173, "num_floors": 2, "sources": [{"dataset": "OpenStreetMap", "record_id": "1225734387"}, {"dataset": "IGN_LIDAR_PNOA_3", "record_id": "lidar_1225734387", "height_source": "lidar_dtm"}], "update_time": "2024-11-13", "version": 1, "confidence": 0.85, "bbox": {"xmin": -2.1806004, "ymin": 42.8990558, "xmax": -2.1804401, "ymax": 42.8991577}}}, {"type": "Feature", "geometry": {"type": "Polygon", "coordinates": [[[-2.1804267, 42.8990552], [-2.1804183, 42.899145], [-2.1802577, 42.899136], [-2.1802659, 42.8990462], [-2.1804267, 42.8990552]]]}, "properties": {"id": "overture-c0fb04f35403d5d7", "osm_id": "1225734388", "theme": "buildings", "type": "building", "subtype": "house", "class": "house", "names": null, "height": 17.162, "num_floors": 2, "sources": [{"dataset": "OpenStreetMap", "record_id": "1225734388"}, {"dataset": "IGN_LIDAR_PNOA_3", "record_id": "lidar_1225734388", "height_source": "lidar_dtm"}], "update_time": "2024-11-13", "version": 1, "confidence": 0.85, "bbox": {"xmin": -2.1804267, "ymin": 42.8990462, "xmax": -2.1802577, "ymax": 42.899145}}}, {"type": "Feature", "geometry": {"type": "Polygon", "coordinates": [[[-2.1798626, 42.8986232], [-2.1798292, 42.8987305], [-2.1796161, 42.89869], [-2.1796495, 42.8985826], [-2.1798626, 42.8986232]]]}, "properties": {"id": "overture-ec732e5661a5491d", "osm_id": "1225734389", "theme": "buildings", "type": "building", "subtype": "building", "class": "yes", "names": null, "height": 6.4, "num_floors": 2, "sources": [{"dataset": "OpenStreetMap", "record_id": "1225734389"}], "update_time": "2024-11-13", "version": 1, "confidence": 0.85, "bbox": {"xmin": -2.1798626, "ymin": 42.8985826, "xmax": -2.1796161, "ymax": 42.8987305}}}, {"type": "Feature", "geometry": {"type": "Polygon", "coordinates": [[[-2.1803809, 42.8987191], [-2.1803628, 42.8988335], [-2.180164, 42.8988141], [-2.1801726, 42.89876], [-2.1802341, 42.8987659], [-2.1802437, 42.8987058], [-2.1803809, 42.8987191]]]}, "properties": {"id": "overture-4b92824da5d9723c", "osm_id": "1225734391", "theme": "buildings", "type": "building", "subtype": "building", "class": "yes", "names": null, "height": 18.18, "num_floors": 2, "sources": [{"dataset": "OpenStreetMap", "record_id": "1225734391"}, {"dataset": "IGN_LIDAR_PNOA_3", "record_id": "lidar_1225734391", "height_source": "lidar_dtm"}], "update_time": "2024-11-13", "version": 1, "confidence": 0.85, "bbox": {"xmin": -2.1803809, "ymin": 42.8987058, "xmax": -2.180164, "ymax": 42.8988335}}}, {"type": "Feature", "geometry": {"type": "Polygon", "coordinates": [[[-2.178218, 42.8983868], [-2.1781064, 42.8984687], [-2.1780481, 42.89842], [-2.1781595, 42.8983381], [-2.178218, 42.8983868]]]}, "properties": {"id": "overture-356ad26f2669690b", "osm_id": "1225734392", "theme": "buildings", "type": "building", "subtype": "building", "class": "yes", "names": null, "height": 6.4, "num_floors": 2, "sources": [{"dataset": "OpenStreetMap", "record_id": "1225734392"}], "update_time": "2024-11-13", "version": 1, "confidence": 0.85, "bbox": {"xmin": -2.178218, "ymin": 42.8983381, "xmax": -2.1780481, "ymax": 42.8984687}}}, {"type": "Feature", "geometry": {"type": "Polygon", "coordinates": [[[-2.1782981, 42.8967581], [-2.1785062, 42.8969814], [-2.1784152, 42.8970332], [-2.178484, 42.8971071], [-2.1777967, 42.8974988], [-2.1775198, 42.8972017], [-2.1782981, 42.8967581]]]}, "properties": {"id": "overture-aee088e0028c9a97", "osm_id": "1225734393", "theme": "buildings", "type": "building", "subtype": "industrial", "class": "industrial", "names": null, "height": 4.172, "num_floors": 2, "sources": [{"dataset": "OpenStreetMap", "record_id": "1225734393"}, {"dataset": "IGN_LIDAR_PNOA_3", "record_id": "lidar_1225734393", "height_source": "lidar_dtm"}], "update_time": "2024-11-13", "version": 1, "confidence": 0.85, "bbox": {"xmin": -2.1785062, "ymin": 42.8967581, "xmax": -2.1775198, "ymax": 42.8974988}}}, {"type": "Feature", "geometry": {"type": "Polygon", "coordinates": [[[-2.1795426, 42.8953118], [-2.1795816, 42.8954633], [-2.1794531, 42.8954835], [-2.179414, 42.8953321], [-2.1795426, 42.8953118]]]}, "properties": {"id": "overture-54c2dc4b8c38de38", "osm_id": "1225734394", "theme": "buildings", "type": "building", "subtype": "building", "class": "yes", "names": null, "height": 6.4, "num_floors": 2, "sources": [{"dataset": "OpenStreetMap", "record_id": "1225734394"}], "update_time": "2024-11-13", "version": 1, "confidence": 0.85, "bbox": {"xmin": -2.1795816, "ymin": 42.8953118, "xmax": -2.179414, "ymax": 42.8954835}}}, {"type": "Feature", "geometry": {"type": "Polygon", "coordinates": [[[-2.1797225, 42.8961005], [-2.1797506, 42.8961977], [-2.1796379, 42.8962177], [-2.1795258, 42.8958311], [-2.1796637, 42.8958067], [-2.1797474, 42.8960961], [-2.1797225, 42.8961005]]]}, "properties": {"id": "overture-24539f5b756fc12d", "osm_id": "1225734395", "theme": "buildings", "type": "building", "subtype": "building", "class": "yes", "names": null, "height": 4.771, "num_floors": 2, "sources": [{"dataset": "OpenStreetMap", "record_id": "1225734395"}, {"dataset": "IGN_LIDAR_PNOA_3", "record_id": "lidar_1225734395", "height_source": "lidar_dtm"}], "update_time": "2024-11-13", "version": 1, "confidence": 0.85, "bbox": {"xmin": -2.1797506, "ymin": 42.8958067, "xmax": -2.1795258, "ymax": 42.8962177}}}, {"type": "Feature", "geometry": {"type": "Polygon", "coordinates": [[[-2.179228, 42.8974636], [-2.1791968, 42.8975741], [-2.1788526, 42.8975147], [-2.1788838, 42.8974041], [-2.179228, 42.8974636]]]}, "properties": {"id": "overture-efbcfec805a116fc", "osm_id": "1225734397", "theme": "buildings", "type": "building", "subtype": "building", "class": "yes", "names": null, "height": 2.086, "num_floors": 2, "sources": [{"dataset": "OpenStreetMap", "record_id": "1225734397"}, {"dataset": "IGN_LIDAR_PNOA_3", "record_id": "lidar_1225734397", "height_source": "lidar_dtm"}], "update_time": "2024-11-13", "version": 1, "confidence": 0.85, "bbox": {"xmin": -2.179228, "ymin": 42.8974041, "xmax": -2.1788526, "ymax": 42.8975741}}}, {"type": "Feature", "geometry": {"type": "Polygon", "coordinates": [[[-2.1787031, 42.8973184], [-2.1786619, 42.8974328], [-2.1784833, 42.8973934], [-2.1785117, 42.8973148], [-2.1785827, 42.8973304], [-2.1785956, 42.8972947], [-2.1787031, 42.8973184]]]}, "properties": {"id": "overture-396bdbb9371c3fca", "osm_id": "1225734398", "theme": "buildings", "type": "building", "subtype": "building", "class": "yes", "names": null, "height": 1.818, "num_floors": 2, "sources": [{"dataset": "OpenStreetMap", "record_id": "1225734398"}, {"dataset": "IGN_LIDAR_PNOA_3", "record_id": "lidar_1225734398", "height_source": "lidar_dtm"}], "update_time": "2024-11-13", "version": 1, "confidence": 0.85, "bbox": {"xmin": -2.1787031, "ymin": 42.8972947, "xmax": -2.1784833, "ymax": 42.8974328}}}, {"type": "Feature", "geometry": {"type": "Polygon", "coordinates": [[[-2.1774071, 42.8979591], [-2.1773386, 42.8980302], [-2.1769805, 42.8978193], [-2.1770489, 42.8977482], [-2.1774071, 42.8979591]]]}, "properties": {"id": "overture-aab2e88549089d0b", "osm_id": "1225734399", "theme": "buildings", "type": "building", "subtype": "house", "class": "house", "names": null, "height": 6.4, "num_floors": 2, "sources": [{"dataset": "OpenStreetMap", "record_id": "1225734399"}], "update_time": "2024-11-13", "version": 1, "confidence": 0.85, "bbox": {"xmin": -2.1774071, "ymin": 42.8977482, "xmax": -2.1769805, "ymax": 42.8980302}}}, {"type": "Feature", "geometry": {"type": "Polygon", "coordinates": [[[-2.1764426, 42.8975457], [-2.1767302, 42.8978891], [-2.1766122, 42.8979494], [-2.1763248, 42.897606], [-2.1764426, 42.8975457]]]}, "properties": {"id": "overture-8e4d51c356040663", "osm_id": "1225734400", "theme": "buildings", "type": "building", "subtype": "farm_auxiliary", "class": "farm_auxiliary", "names": null, "height": 2.079, "num_floors": 2, "sources": [{"dataset": "OpenStreetMap", "record_id": "1225734400"}, {"dataset": "IGN_LIDAR_PNOA_3", "record_id": "lidar_1225734400", "height_source": "lidar_dtm"}], "update_time": "2024-11-13", "version": 1, "confidence": 0.85, "bbox": {"xmin": -2.1767302, "ymin": 42.8975457, "xmax": -2.1763248, "ymax": 42.8979494}}}, {"type": "Feature", "geometry": {"type": "Polygon", "coordinates": [[[-2.1764689, 42.8978267], [-2.176425, 42.8978482], [-2.1765448, 42.8979982], [-2.176443, 42.8980478], [-2.1761405, 42.8976687], [-2.176286, 42.8975977], [-2.1764689, 42.8978267]]]}, "properties": {"id": "overture-268f4dfb10d38b76", "osm_id": "1225734401", "theme": "buildings", "type": "building", "subtype": "farm_auxiliary", "class": "farm_auxiliary", "names": null, "height": 2.079, "num_floors": 2, "sources": [{"dataset": "OpenStreetMap", "record_id": "1225734401"}, {"dataset": "IGN_LIDAR_PNOA_3", "record_id": "lidar_1225734401", "height_source": "lidar_dtm"}], "update_time": "2024-11-13", "version": 1, "confidence": 0.85, "bbox": {"xmin": -2.1765448, "ymin": 42.8975977, "xmax": -2.1761405, "ymax": 42.8980478}}}, {"type": "Feature", "geometry": {"type": "Polygon", "coordinates": [[[-2.177915, 42.8995282], [-2.1777789, 42.8996396], [-2.1776878, 42.8995715], [-2.1778238, 42.8994601], [-2.177915, 42.8995282]]]}, "properties": {"id": "overture-55b8d56cc31ffbe1", "osm_id": "1225734402", "theme": "buildings", "type": "building", "subtype": "house", "class": "house", "names": null, "height": 6.4, "num_floors": 2, "sources": [{"dataset": "OpenStreetMap", "record_id": "1225734402"}], "update_time": "2024-11-13", "version": 1, "confidence": 0.85, "bbox": {"xmin": -2.177915, "ymin": 42.8994601, "xmax": -2.1776878, "ymax": 42.8996396}}}, {"type": "Feature", "geometry": {"type": "Polygon", "coordinates": [[[-2.1784075, 42.8994436], [-2.1783922, 42.8995054], [-2.1782545, 42.8994846], [-2.1782699, 42.8994227], [-2.1784075, 42.8994436]]]}, "properties": {"id": "overture-165e5a392606cd08", "osm_id": "1225734403", "theme": "buildings", "type": "building", "subtype": "building", "class": "yes", "names": null, "height": 6.4, "num_floors": 2, "sources": [{"dataset": "OpenStreetMap", "record_id": "1225734403"}], "update_time": "2024-11-13", "version": 1, "confidence": 0.85, "bbox": {"xmin": -2.1784075, "ymin": 42.8994227, "xmax": -2.1782545, "ymax": 42.8995054}}}, {"type": "Feature", "geometry": {"type": "Polygon", "coordinates": [[[-2.1795945, 42.8992095], [-2.1796301, 42.899295], [-2.1794372, 42.8993441], [-2.1794016, 42.8992586], [-2.1795945, 42.8992095]]]}, "properties": {"id": "overture-783a03b3bd3b8c29", "osm_id": "1225734404", "theme": "buildings", "type": "building", "subtype": "house", "class": "house", "names": null, "height": 6.4, "num_floors": 2, "sources": [{"dataset": "OpenStreetMap", "record_id": "1225734404"}], "update_time": "2024-11-13", "version": 1, "confidence": 0.85, "bbox": {"xmin": -2.1796301, "ymin": 42.8992095, "xmax": -2.1794016, "ymax": 42.8993441}}}, {"type": "Feature", "geometry": {"type": "Polygon", "coordinates": [[[-2.1802371, 42.8979486], [-2.1804921, 42.8982553], [-2.1803351, 42.8983351], [-2.18008, 42.8980285], [-2.1802371, 42.8979486]]]}, "properties": {"id": "overture-0aecb84fb6d99053", "osm_id": "1225734405", "theme": "buildings", "type": "building", "subtype": "building", "class": "yes", "names": null, "height": 6.4, "num_floors": 2, "sources": [{"dataset": "OpenStreetMap", "record_id": "1225734405"}], "update_time": "2024-11-13", "version": 1, "confidence": 0.85, "bbox": {"xmin": -2.1804921, "ymin": 42.8979486, "xmax": -2.18008, "ymax": 42.8983351}}}, {"type": "Feature", "geometry": {"type": "Polygon", "coordinates": [[[-2.1758918, 42.9009815], [-2.1758549, 42.9010535], [-2.1757513, 42.901021], [-2.1757882, 42.900949], [-2.1758918, 42.9009815]]]}, "properties": {"id": "overture-110160c02f79e42e", "osm_id": "1225734406", "theme": "buildings", "type": "building", "subtype": "house", "class": "house", "names": null, "height": 6.4, "num_floors": 2, "sources": [{"dataset": "OpenStreetMap", "record_id": "1225734406"}], "update_time": "2024-11-13", "version": 1, "confidence": 0.85, "bbox": {"xmin": -2.1758918, "ymin": 42.900949, "xmax": -2.1757513, "ymax": 42.9010535}}}, {"type": "Feature", "geometry": {"type": "Polygon", "coordinates": [[[-2.1767629, 42.9036051], [-2.1768152, 42.9036929], [-2.1766894, 42.9037386], [-2.1766371, 42.9036509], [-2.1767629, 42.9036051]]]}, "properties": {"id": "overture-ada3be4e967f1982", "osm_id": "1225734407", "theme": "buildings", "type": "building", "subtype": "house", "class": "house", "names": null, "height": 6.4, "num_floors": 2, "sources": [{"dataset": "OpenStreetMap", "record_id": "1225734407"}], "update_time": "2024-11-13", "version": 1, "confidence": 0.85, "bbox": {"xmin": -2.1768152, "ymin": 42.9036051, "xmax": -2.1766371, "ymax": 42.9037386}}}, {"type": "Feature", "geometry": {"type": "Polygon", "coordinates": [[[-2.1766419, 42.9033266], [-2.1766743, 42.9034151], [-2.176541, 42.9034449], [-2.1765085, 42.9033563], [-2.1766419, 42.9033266]]]}, "properties": {"id": "overture-7afea46e2d55c6d2", "osm_id": "1225734408", "theme": "buildings", "type": "building", "subtype": "house", "class": "house", "names": null, "height": 6.4, "num_floors": 2, "sources": [{"dataset": "OpenStreetMap", "record_id": "1225734408"}], "update_time": "2024-11-13", "version": 1, "confidence": 0.85, "bbox": {"xmin": -2.1766743, "ymin": 42.9033266, "xmax": -2.1765085, "ymax": 42.9034449}}}, {"type": "Feature", "geometry": {"type": "Polygon", "coordinates": [[[-2.1758455, 42.9033224], [-2.1758611, 42.9034111], [-2.1756578, 42.9034331], [-2.175642, 42.9033444], [-2.1758455, 42.9033224]]]}, "properties": {"id": "overture-fa070c63bc76554b", "osm_id": "1225734409", "theme": "buildings", "type": "building", "subtype": "house", "class": "house", "names": null, "height": 6.4, "num_floors": 2, "sources": [{"dataset": "OpenStreetMap", "record_id": "1225734409"}], "update_time": "2024-11-13", "version": 1, "confidence": 0.85, "bbox": {"xmin": -2.1758611, "ymin": 42.9033224, "xmax": -2.175642, "ymax": 42.9034331}}}, {"type": "Feature", "geometry": {"type": "Polygon", "coordinates": [[[-2.1764753, 42.9038977], [-2.1765986, 42.9039952], [-2.1766782, 42.9041145], [-2.1763734, 42.904271], [-2.1761891, 42.9040363], [-2.1764753, 42.9038977]]]}, "properties": {"id": "overture-474801261490b860", "osm_id": "1225734410", "theme": "buildings", "type": "building", "subtype": "industrial", "class": "industrial", "names": null, "height": 6.4, "num_floors": 2, "sources": [{"dataset": "OpenStreetMap", "record_id": "1225734410"}], "update_time": "2024-11-13", "version": 1, "confidence": 0.85, "bbox": {"xmin": -2.1766782, "ymin": 42.9038977, "xmax": -2.1761891, "ymax": 42.904271}}}, {"type": "Feature", "geometry": {"type": "Polygon", "coordinates": [[[-2.1758295, 42.9044493], [-2.1758846, 42.904526], [-2.1757361, 42.9045913], [-2.1756809, 42.9045146], [-2.1758295, 42.9044493]]]}, "properties": {"id": "overture-e42f50696f6d854b", "osm_id": "1225734412", "theme": "buildings", "type": "building", "subtype": "house", "class": "house", "names": null, "height": 6.4, "num_floors": 2, "sources": [{"dataset": "OpenStreetMap", "record_id": "1225734412"}], "update_time": "2024-11-13", "version": 1, "confidence": 0.85, "bbox": {"xmin": -2.1758846, "ymin": 42.9044493, "xmax": -2.1756809, "ymax": 42.9045913}}}, {"type": "Feature", "geometry": {"type": "Polygon", "coordinates": [[[-2.1787196, 42.9051596], [-2.1787784, 42.90542], [-2.1784823, 42.905461], [-2.1784724, 42.9054167], [-2.1781671, 42.9054589], [-2.1781182, 42.9052427], [-2.1787196, 42.9051596]]]}, "properties": {"id": "overture-c782814890e25c91", "osm_id": "1225734413", "theme": "buildings", "type": "building", "subtype": "industrial", "class": "industrial", "names": null, "height": 2.014, "num_floors": 2, "sources": [{"dataset": "OpenStreetMap", "record_id": "1225734413"}, {"dataset": "IGN_LIDAR_PNOA_3", "record_id": "lidar_1225734413", "height_source": "lidar_dtm"}], "update_time": "2024-11-13", "version": 1, "confidence": 0.85, "bbox": {"xmin": -2.1787784, "ymin": 42.9051596, "xmax": -2.1781182, "ymax": 42.905461}}}, {"type": "Feature", "geometry": {"type": "Polygon", "coordinates": [[[-2.1757811, 42.9052064], [-2.1756533, 42.9052941], [-2.1755916, 42.9052392], [-2.1757194, 42.9051515], [-2.1757811, 42.9052064]]]}, "properties": {"id": "overture-3f7820244fcc7f6b", "osm_id": "1225734414", "theme": "buildings", "type": "building", "subtype": "house", "class": "house", "names": null, "height": 6.4, "num_floors": 2, "sources": [{"dataset": "OpenStreetMap", "record_id": "1225734414"}], "update_time": "2024-11-13", "version": 1, "confidence": 0.85, "bbox": {"xmin": -2.1757811, "ymin": 42.9051515, "xmax": -2.1755916, "ymax": 42.9052941}}}, {"type": "Feature", "geometry": {"type": "Polygon", "coordinates": [[[-2.1770391, 42.9043158], [-2.1770544, 42.9043935], [-2.1769346, 42.9044078], [-2.1769447, 42.9044589], [-2.1768222, 42.9044735], [-2.176797, 42.9043448], [-2.1770391, 42.9043158]]]}, "properties": {"id": "overture-738b185d176d384d", "osm_id": "1225734416", "theme": "buildings", "type": "building", "subtype": "house", "class": "house", "names": null, "height": 6.4, "num_floors": 2, "sources": [{"dataset": "OpenStreetMap", "record_id": "1225734416"}], "update_time": "2024-11-13", "version": 1, "confidence": 0.85, "bbox": {"xmin": -2.1770544, "ymin": 42.9043158, "xmax": -2.176797, "ymax": 42.9044735}}}, {"type": "Feature", "geometry": {"type": "Polygon", "coordinates": [[[-2.177846, 42.9049926], [-2.1778918, 42.9050771], [-2.1777364, 42.9051286], [-2.1776905, 42.9050441], [-2.177846, 42.9049926]]]}, "properties": {"id": "overture-f02b0c5486ad054b", "osm_id": "1225734417", "theme": "buildings", "type": "building", "subtype": "house", "class": "house", "names": null, "height": 6.4, "num_floors": 2, "sources": [{"dataset": "OpenStreetMap", "record_id": "1225734417"}], "update_time": "2024-11-13", "version": 1, "confidence": 0.85, "bbox": {"xmin": -2.1778918, "ymin": 42.9049926, "xmax": -2.1776905, "ymax": 42.9051286}}}, {"type": "Feature", "geometry": {"type": "Polygon", "coordinates": [[[-2.177851, 42.9048385], [-2.1778835, 42.904903], [-2.1776993, 42.9049597], [-2.1776668, 42.9048953], [-2.177851, 42.9048385]]]}, "properties": {"id": "overture-e0751db9dbe44cf5", "osm_id": "1225734418", "theme": "buildings", "type": "building", "subtype": "house", "class": "house", "names": null, "height": 6.4, "num_floors": 2, "sources": [{"dataset": "OpenStreetMap", "record_id": "1225734418"}], "update_time": "2024-11-13", "version": 1, "confidence": 0.85, "bbox": {"xmin": -2.1778835, "ymin": 42.9048385, "xmax": -2.1776668, "ymax": 42.9049597}}}, {"type": "Feature", "geometry": {"type": "Polygon", "coordinates": [[[-2.1776474, 42.904898], [-2.1776959, 42.9049897], [-2.1775149, 42.9050482], [-2.1774663, 42.9049565], [-2.1776474, 42.904898]]]}, "properties": {"id": "overture-d909e5ce560603b2", "osm_id": "1225734419", "theme": "buildings", "type": "building", "subtype": "house", "class": "house", "names": null, "height": 6.4, "num_floors": 2, "sources": [{"dataset": "OpenStreetMap", "record_id": "1225734419"}], "update_time": "2024-11-13", "version": 1, "confidence": 0.85, "bbox": {"xmin": -2.1776959, "ymin": 42.904898, "xmax": -2.1774663, "ymax": 42.9050482}}}, {"type": "Feature", "geometry": {"type": "Polygon", "coordinates": [[[-2.1775457, 42.9050963], [-2.1776005, 42.9052238], [-2.1775091, 42.9052547], [-2.1775258, 42.9052821], [-2.1772044, 42.9053322], [-2.1771603, 42.9052452], [-2.1774466, 42.9051618], [-2.1774314, 42.9051344], [-2.1775457, 42.9050963]]]}, "properties": {"id": "overture-2d0f62d0861c1385", "osm_id": "1225734420", "theme": "buildings", "type": "building", "subtype": "building", "class": "yes", "names": null, "height": 6.4, "num_floors": 2, "sources": [{"dataset": "OpenStreetMap", "record_id": "1225734420"}], "update_time": "2024-11-13", "version": 1, "confidence": 0.85, "bbox": {"xmin": -2.1776005, "ymin": 42.9050963, "xmax": -2.1771603, "ymax": 42.9053322}}}, {"type": "Feature", "geometry": {"type": "Polygon", "coordinates": [[[-2.1774013, 42.9050884], [-2.177432, 42.9051556], [-2.177096, 42.9052495], [-2.1770653, 42.9051822], [-2.1774013, 42.9050884]]]}, "properties": {"id": "overture-67b0213a84e77e8b", "osm_id": "1225734421", "theme": "buildings", "type": "building", "subtype": "building", "class": "yes", "names": null, "height": 6.4, "num_floors": 2, "sources": [{"dataset": "OpenStreetMap", "record_id": "1225734421"}], "update_time": "2024-11-13", "version": 1, "confidence": 0.85, "bbox": {"xmin": -2.177432, "ymin": 42.9050884, "xmax": -2.1770653, "ymax": 42.9052495}}}, {"type": "Feature", "geometry": {"type": "Polygon", "coordinates": [[[-2.1780703, 42.9056554], [-2.1780477, 42.9057736], [-2.1778533, 42.9057509], [-2.1778759, 42.9056327], [-2.1780703, 42.9056554]]]}, "properties": {"id": "overture-5191f56ec14e6f3f", "osm_id": "1225734422", "theme": "buildings", "type": "building", "subtype": "building", "class": "yes", "names": null, "height": 6.4, "num_floors": 2, "sources": [{"dataset": "OpenStreetMap", "record_id": "1225734422"}], "update_time": "2024-11-13", "version": 1, "confidence": 0.85, "bbox": {"xmin": -2.1780703, "ymin": 42.9056327, "xmax": -2.1778533, "ymax": 42.9057736}}}, {"type": "Feature", "geometry": {"type": "Polygon", "coordinates": [[[-2.1777909, 42.9055939], [-2.1778145, 42.9057037], [-2.1774841, 42.9057469], [-2.1774606, 42.905637], [-2.1777909, 42.9055939]]]}, "properties": {"id": "overture-fa304da54229a131", "osm_id": "1225734423", "theme": "buildings", "type": "building", "subtype": "building", "class": "yes", "names": null, "height": 6.4, "num_floors": 2, "sources": [{"dataset": "OpenStreetMap", "record_id": "1225734423"}], "update_time": "2024-11-13", "version": 1, "confidence": 0.85, "bbox": {"xmin": -2.1778145, "ymin": 42.9055939, "xmax": -2.1774606, "ymax": 42.9057469}}}, {"type": "Feature", "geometry": {"type": "Polygon", "coordinates": [[[-2.1774105, 42.9056408], [-2.1774319, 42.9057237], [-2.177368, 42.9057338], [-2.1773758, 42.9057643], [-2.1772553, 42.9057832], [-2.1772262, 42.9056698], [-2.1774105, 42.9056408]]]}, "properties": {"id": "overture-b8a91254d58db694", "osm_id": "1225734424", "theme": "buildings", "type": "building", "subtype": "building", "class": "yes", "names": null, "height": 3.755, "num_floors": 2, "sources": [{"dataset": "OpenStreetMap", "record_id": "1225734424"}, {"dataset": "IGN_LIDAR_PNOA_3", "record_id": "lidar_1225734424", "height_source": "lidar_dtm"}], "update_time": "2024-11-13", "version": 1, "confidence": 0.85, "bbox": {"xmin": -2.1774319, "ymin": 42.9056408, "xmax": -2.1772262, "ymax": 42.9057832}}}, {"type": "Feature", "geometry": {"type": "Polygon", "coordinates": [[[-2.1773578, 42.9054489], [-2.1773985, 42.9055689], [-2.1773139, 42.9055864], [-2.1772733, 42.9054664], [-2.1773578, 42.9054489]]]}, "properties": {"id": "overture-bd21e38277ab508e", "osm_id": "1225734425", "theme": "buildings", "type": "building", "subtype": "building", "class": "yes", "names": null, "height": 6.4, "num_floors": 2, "sources": [{"dataset": "OpenStreetMap", "record_id": "1225734425"}], "update_time": "2024-11-13", "version": 1, "confidence": 0.85, "bbox": {"xmin": -2.1773985, "ymin": 42.9054489, "xmax": -2.1772733, "ymax": 42.9055864}}}, {"type": "Feature", "geometry": {"type": "Polygon", "coordinates": [[[-2.1766173, 42.9052967], [-2.1766423, 42.9053621], [-2.1764872, 42.9053985], [-2.1764621, 42.9053331], [-2.1766173, 42.9052967]]]}, "properties": {"id": "overture-d412346baec57f41", "osm_id": "1225734429", "theme": "buildings", "type": "building", "subtype": "building", "class": "yes", "names": null, "height": 6.4, "num_floors": 2, "sources": [{"dataset": "OpenStreetMap", "record_id": "1225734429"}], "update_time": "2024-11-13", "version": 1, "confidence": 0.85, "bbox": {"xmin": -2.1766423, "ymin": 42.9052967, "xmax": -2.1764621, "ymax": 42.9053985}}}, {"type": "Feature", "geometry": {"type": "Polygon", "coordinates": [[[-2.1790249, 42.9113453], [-2.1791588, 42.9116348], [-2.1790146, 42.9116756], [-2.1789052, 42.9114394], [-2.178961, 42.9114236], [-2.1789365, 42.9113703], [-2.1790249, 42.9113453]]]}, "properties": {"id": "overture-7854ea8889673163", "osm_id": "1225734430", "theme": "buildings", "type": "building", "subtype": "building", "class": "yes", "names": null, "height": 6.4, "num_floors": 2, "sources": [{"dataset": "OpenStreetMap", "record_id": "1225734430"}], "update_time": "2024-11-13", "version": 1, "confidence": 0.85, "bbox": {"xmin": -2.1791588, "ymin": 42.9113453, "xmax": -2.1789052, "ymax": 42.9116756}}}, {"type": "Feature", "geometry": {"type": "Polygon", "coordinates": [[[-2.1783176, 42.9125734], [-2.178343, 42.9126718], [-2.1781532, 42.9127018], [-2.1781278, 42.9126034], [-2.1783176, 42.9125734]]]}, "properties": {"id": "overture-da605ee5cfd19fda", "osm_id": "1225734431", "theme": "buildings", "type": "building", "subtype": "house", "class": "house", "names": null, "height": 6.4, "num_floors": 2, "sources": [{"dataset": "OpenStreetMap", "record_id": "1225734431"}], "update_time": "2024-11-13", "version": 1, "confidence": 0.85, "bbox": {"xmin": -2.178343, "ymin": 42.9125734, "xmax": -2.1781278, "ymax": 42.9127018}}}, {"type": "Feature", "geometry": {"type": "Polygon", "coordinates": [[[-2.1776806, 42.9122429], [-2.1777126, 42.9123276], [-2.1775131, 42.9123737], [-2.177481, 42.912289], [-2.1776806, 42.9122429]]]}, "properties": {"id": "overture-2131262d04ed5c20", "osm_id": "1225734432", "theme": "buildings", "type": "building", "subtype": "house", "class": "house", "names": null, "height": 1.794, "num_floors": 2, "sources": [{"dataset": "OpenStreetMap", "record_id": "1225734432"}, {"dataset": "IGN_LIDAR_PNOA_3", "record_id": "lidar_1225734432", "height_source": "lidar_dtm"}], "update_time": "2024-11-13", "version": 1, "confidence": 0.85, "bbox": {"xmin": -2.1777126, "ymin": 42.9122429, "xmax": -2.177481, "ymax": 42.9123737}}}, {"type": "Feature", "geometry": {"type": "Polygon", "coordinates": [[[-2.1733092, 42.9010425], [-2.1733255, 42.901088], [-2.1730672, 42.9011447], [-2.1730926, 42.901211], [-2.1731045, 42.9012439], [-2.1730163, 42.9012646], [-2.1729638, 42.9011183], [-2.1733092, 42.9010425]]]}, "properties": {"id": "overture-16f596e3ee091a30", "osm_id": "1225734433", "theme": "buildings", "type": "building", "subtype": "house", "class": "house", "names": null, "height": 6.4, "num_floors": 2, "sources": [{"dataset": "OpenStreetMap", "record_id": "1225734433"}], "update_time": "2024-11-13", "version": 1, "confidence": 0.85, "bbox": {"xmin": -2.1733255, "ymin": 42.9010425, "xmax": -2.1729638, "ymax": 42.9012646}}}, {"type": "Feature", "geometry": {"type": "Polygon", "coordinates": [[[-2.1740604, 42.9012838], [-2.1741111, 42.9013557], [-2.1740003, 42.9014036], [-2.1739495, 42.9013316], [-2.1740604, 42.9012838]]]}, "properties": {"id": "overture-87878596182ecef0", "osm_id": "1225734435", "theme": "buildings", "type": "building", "subtype": "house", "class": "house", "names": null, "height": 6.4, "num_floors": 2, "sources": [{"dataset": "OpenStreetMap", "record_id": "1225734435"}], "update_time": "2024-11-13", "version": 1, "confidence": 0.85, "bbox": {"xmin": -2.1741111, "ymin": 42.9012838, "xmax": -2.1739495, "ymax": 42.9014036}}}, {"type": "Feature", "geometry": {"type": "Polygon", "coordinates": [[[-2.1736199, 42.9011325], [-2.173722, 42.9012847], [-2.1736122, 42.9013297], [-2.1735102, 42.9011775], [-2.1736199, 42.9011325]]]}, "properties": {"id": "overture-1edcc19c08fc790d", "osm_id": "1225734436", "theme": "buildings", "type": "building", "subtype": "house", "class": "house", "names": null, "height": 6.4, "num_floors": 2, "sources": [{"dataset": "OpenStreetMap", "record_id": "1225734436"}], "update_time": "2024-11-13", "version": 1, "confidence": 0.85, "bbox": {"xmin": -2.173722, "ymin": 42.9011325, "xmax": -2.1735102, "ymax": 42.9013297}}}, {"type": "Feature", "geometry": {"type": "Polygon", "coordinates": [[[-2.1730415, 42.9052939], [-2.1729883, 42.9053939], [-2.1725922, 42.9052652], [-2.1726454, 42.9051651], [-2.1730415, 42.9052939]]]}, "properties": {"id": "overture-ac66c24740ed614b", "osm_id": "1225734437", "theme": "buildings", "type": "building", "subtype": "building", "class": "yes", "names": null, "height": 4.882, "num_floors": 2, "sources": [{"dataset": "OpenStreetMap", "record_id": "1225734437"}, {"dataset": "IGN_LIDAR_PNOA_3", "record_id": "lidar_1225734437", "height_source": "lidar_dtm"}], "update_time": "2024-11-13", "version": 1, "confidence": 0.85, "bbox": {"xmin": -2.1730415, "ymin": 42.9051651, "xmax": -2.1725922, "ymax": 42.9053939}}}, {"type": "Feature", "geometry": {"type": "Polygon", "coordinates": [[[-2.172717, 42.9053477], [-2.1726657, 42.9054401], [-2.1721692, 42.9052713], [-2.1722206, 42.9051789], [-2.172717, 42.9053477]]]}, "properties": {"id": "overture-6ea324276cdad188", "osm_id": "1225734438", "theme": "buildings", "type": "building", "subtype": "building", "class": "yes", "names": null, "height": 6.4, "num_floors": 2, "sources": [{"dataset": "OpenStreetMap", "record_id": "1225734438"}], "update_time": "2024-11-13", "version": 1, "confidence": 0.85, "bbox": {"xmin": -2.172717, "ymin": 42.9051789, "xmax": -2.1721692, "ymax": 42.9054401}}}, {"type": "Feature", "geometry": {"type": "Polygon", "coordinates": [[[-2.1737706, 42.9055197], [-2.1737292, 42.9056067], [-2.1732935, 42.9054796], [-2.173335, 42.9053926], [-2.1737706, 42.9055197]]]}, "properties": {"id": "overture-d9b085a32ef6be56", "osm_id": "1225734439", "theme": "buildings", "type": "building", "subtype": "building", "class": "yes", "names": null, "height": 6.4, "num_floors": 2, "sources": [{"dataset": "OpenStreetMap", "record_id": "1225734439"}], "update_time": "2024-11-13", "version": 1, "confidence": 0.85, "bbox": {"xmin": -2.1737706, "ymin": 42.9053926, "xmax": -2.1732935, "ymax": 42.9056067}}}, {"type": "Feature", "geometry": {"type": "Polygon", "coordinates": [[[-2.168053, 42.900899], [-2.168024, 42.9009716], [-2.167929, 42.9009483], [-2.167958, 42.9008758], [-2.168053, 42.900899]]]}, "properties": {"id": "overture-4bdaccfbbcde40e8", "osm_id": "1227104495", "theme": "buildings", "type": "building", "subtype": "house", "class": "house", "names": null, "height": 6.4, "num_floors": 2, "sources": [{"dataset": "OpenStreetMap", "record_id": "1227104495"}], "update_time": "2024-11-13", "version": 1, "confidence": 0.85, "bbox": {"xmin": -2.168053, "ymin": 42.9008758, "xmax": -2.167929, "ymax": 42.9009716}}}, {"type": "Feature", "geometry": {"type": "Polygon", "coordinates": [[[-2.173239, 42.9045221], [-2.1731415, 42.9046474], [-2.1732781, 42.9047123], [-2.1733756, 42.904587], [-2.173239, 42.9045221]]]}, "properties": {"id": "overture-5886c0b0c98f36e8", "osm_id": "1227104496", "theme": "buildings", "type": "building", "subtype": "house", "class": "house", "names": null, "height": 7.63, "num_floors": 2, "sources": [{"dataset": "OpenStreetMap", "record_id": "1227104496"}, {"dataset": "IGN_LIDAR_PNOA_3", "record_id": "lidar_1227104496", "height_source": "lidar_dtm"}], "update_time": "2024-11-13", "version": 1, "confidence": 0.85, "bbox": {"xmin": -2.1733756, "ymin": 42.9045221, "xmax": -2.1731415, "ymax": 42.9047123}}}, {"type": "Feature", "geometry": {"type": "Polygon", "coordinates": [[[-2.1737614, 42.9050117], [-2.1737159, 42.9051134], [-2.1735262, 42.9050615], [-2.1735717, 42.9049598], [-2.1737614, 42.9050117]]]}, "properties": {"id": "overture-80c014efa8cc919e", "osm_id": "1227104497", "theme": "buildings", "type": "building", "subtype": "house", "class": "house", "names": null, "height": 6.4, "num_floors": 2, "sources": [{"dataset": "OpenStreetMap", "record_id": "1227104497"}], "update_time": "2024-11-13", "version": 1, "confidence": 0.85, "bbox": {"xmin": -2.1737614, "ymin": 42.9049598, "xmax": -2.1735262, "ymax": 42.9051134}}}, {"type": "Feature", "geometry": {"type": "Polygon", "coordinates": [[[-2.1742352, 42.9051364], [-2.1741877, 42.905233], [-2.1740179, 42.9051818], [-2.1740655, 42.9050852], [-2.1742352, 42.9051364]]]}, "properties": {"id": "overture-e3b73c7d01adc38b", "osm_id": "1227104498", "theme": "buildings", "type": "building", "subtype": "house", "class": "house", "names": null, "height": 6.4, "num_floors": 2, "sources": [{"dataset": "OpenStreetMap", "record_id": "1227104498"}], "update_time": "2024-11-13", "version": 1, "confidence": 0.85, "bbox": {"xmin": -2.1742352, "ymin": 42.9050852, "xmax": -2.1740179, "ymax": 42.905233}}}, {"type": "Feature", "geometry": {"type": "Polygon", "coordinates": [[[-2.174565, 42.9055548], [-2.1745466, 42.9056452], [-2.1742706, 42.9056108], [-2.1742791, 42.9055689], [-2.1743857, 42.9055822], [-2.1743955, 42.9055337], [-2.174565, 42.9055548]]]}, "properties": {"id": "overture-578ee00e72c561b9", "osm_id": "1227104499", "theme": "buildings", "type": "building", "subtype": "house", "class": "house", "names": null, "height": 6.4, "num_floors": 2, "sources": [{"dataset": "OpenStreetMap", "record_id": "1227104499"}], "update_time": "2024-11-13", "version": 1, "confidence": 0.85, "bbox": {"xmin": -2.174565, "ymin": 42.9055337, "xmax": -2.1742706, "ymax": 42.9056452}}}, {"type": "Feature", "geometry": {"type": "Polygon", "coordinates": [[[-2.1730752, 42.9047832], [-2.1730291, 42.9048882], [-2.1727829, 42.9048222], [-2.1728288, 42.9047172], [-2.1730752, 42.9047832]]]}, "properties": {"id": "overture-e85f0ef20bb05d55", "osm_id": "1227104501", "theme": "buildings", "type": "building", "subtype": "house", "class": "house", "names": null, "height": 5.456, "num_floors": 2, "sources": [{"dataset": "OpenStreetMap", "record_id": "1227104501"}, {"dataset": "IGN_LIDAR_PNOA_3", "record_id": "lidar_1227104501", "height_source": "lidar_dtm"}], "update_time": "2024-11-13", "version": 1, "confidence": 0.85, "bbox": {"xmin": -2.1730752, "ymin": 42.9047172, "xmax": -2.1727829, "ymax": 42.9048882}}}, {"type": "Feature", "geometry": {"type": "Polygon", "coordinates": [[[-2.1728439, 42.9042927], [-2.1727944, 42.9043694], [-2.1727019, 42.9043329], [-2.1727513, 42.9042561], [-2.1728439, 42.9042927]]]}, "properties": {"id": "overture-5d2666b2e9535a36", "osm_id": "1227104502", "theme": "buildings", "type": "building", "subtype": "house", "class": "house", "names": null, "height": 6.4, "num_floors": 2, "sources": [{"dataset": "OpenStreetMap", "record_id": "1227104502"}], "update_time": "2024-11-13", "version": 1, "confidence": 0.85, "bbox": {"xmin": -2.1728439, "ymin": 42.9042561, "xmax": -2.1727019, "ymax": 42.9043694}}}, {"type": "Feature", "geometry": {"type": "Polygon", "coordinates": [[[-2.1678708, 42.9051613], [-2.1678957, 42.9054527], [-2.1676816, 42.9054639], [-2.1676566, 42.9051725], [-2.1678708, 42.9051613]]]}, "properties": {"id": "overture-5cdec76113a113dd", "osm_id": "1227104504", "theme": "buildings", "type": "building", "subtype": "farm_auxiliary", "class": "farm_auxiliary", "names": null, "height": 6.4, "num_floors": 2, "sources": [{"dataset": "OpenStreetMap", "record_id": "1227104504"}], "update_time": "2024-11-13", "version": 1, "confidence": 0.85, "bbox": {"xmin": -2.1678957, "ymin": 42.9051613, "xmax": -2.1676566, "ymax": 42.9054639}}}, {"type": "Feature", "geometry": {"type": "Polygon", "coordinates": [[[-2.1667659, 42.9031288], [-2.1667847, 42.9032109], [-2.1666938, 42.9032236], [-2.1666751, 42.9031415], [-2.1667659, 42.9031288]]]}, "properties": {"id": "overture-62aaa205e3c54a75", "osm_id": "1227104505", "theme": "buildings", "type": "building", "subtype": "house", "class": "house", "names": null, "height": 6.4, "num_floors": 2, "sources": [{"dataset": "OpenStreetMap", "record_id": "1227104505"}], "update_time": "2024-11-13", "version": 1, "confidence": 0.85, "bbox": {"xmin": -2.1667847, "ymin": 42.9031288, "xmax": -2.1666751, "ymax": 42.9032236}}}, {"type": "Feature", "geometry": {"type": "Polygon", "coordinates": [[[-2.1695989, 42.8895216], [-2.1697295, 42.889633], [-2.1693854, 42.8898798], [-2.1692548, 42.8897685], [-2.1695989, 42.8895216]]]}, "properties": {"id": "overture-d82574d5778584c5", "osm_id": "1227104508", "theme": "buildings", "type": "building", "subtype": "building", "class": "yes", "names": null, "height": 6.4, "num_floors": 2, "sources": [{"dataset": "OpenStreetMap", "record_id": "1227104508"}], "update_time": "2024-11-13", "version": 1, "confidence": 0.85, "bbox": {"xmin": -2.1697295, "ymin": 42.8895216, "xmax": -2.1692548, "ymax": 42.8898798}}}, {"type": "Feature", "geometry": {"type": "Polygon", "coordinates": [[[-2.1643876, 42.8863959], [-2.1644138, 42.8864823], [-2.164326, 42.8864985], [-2.1642999, 42.8864122], [-2.1643876, 42.8863959]]]}, "properties": {"id": "overture-9b34cbb4cf7d3bd8", "osm_id": "1227104509", "theme": "buildings", "type": "building", "subtype": "house", "class": "house", "names": null, "height": 6.4, "num_floors": 2, "sources": [{"dataset": "OpenStreetMap", "record_id": "1227104509"}], "update_time": "2024-11-13", "version": 1, "confidence": 0.85, "bbox": {"xmin": -2.1644138, "ymin": 42.8863959, "xmax": -2.1642999, "ymax": 42.8864985}}}, {"type": "Feature", "geometry": {"type": "Polygon", "coordinates": [[[-2.1719079, 42.8846897], [-2.1719389, 42.8847412], [-2.1718078, 42.8847892], [-2.1717769, 42.8847377], [-2.1719079, 42.8846897]]]}, "properties": {"id": "overture-9085a96fb0fa1784", "osm_id": "1227104511", "theme": "buildings", "type": "building", "subtype": "house", "class": "house", "names": null, "height": 6.4, "num_floors": 2, "sources": [{"dataset": "OpenStreetMap", "record_id": "1227104511"}], "update_time": "2024-11-13", "version": 1, "confidence": 0.85, "bbox": {"xmin": -2.1719389, "ymin": 42.8846897, "xmax": -2.1717769, "ymax": 42.8847892}}}, {"type": "Feature", "geometry": {"type": "Polygon", "coordinates": [[[-2.1689123, 42.8899325], [-2.1689979, 42.8900068], [-2.1689237, 42.8900591], [-2.1688381, 42.8899847], [-2.1689123, 42.8899325]]]}, "properties": {"id": "overture-57d5b8295f358296", "osm_id": "1227104512", "theme": "buildings", "type": "building", "subtype": "roof", "class": "roof", "names": null, "height": 6.4, "num_floors": 2, "sources": [{"dataset": "OpenStreetMap", "record_id": "1227104512"}], "update_time": "2024-11-13", "version": 1, "confidence": 0.85, "bbox": {"xmin": -2.1689979, "ymin": 42.8899325, "xmax": -2.1688381, "ymax": 42.8900591}}}, {"type": "Feature", "geometry": {"type": "Polygon", "coordinates": [[[-2.1683356, 42.8903408], [-2.1684773, 42.8904689], [-2.1682558, 42.8906188], [-2.1682195, 42.8905859], [-2.1681363, 42.8905107], [-2.1681141, 42.8904907], [-2.1683356, 42.8903408]]]}, "properties": {"id": "overture-3bd37a8ef3abf232", "osm_id": "1227104519", "theme": "buildings", "type": "building", "subtype": "industrial", "class": "industrial", "names": null, "height": 6.4, "num_floors": 2, "sources": [{"dataset": "OpenStreetMap", "record_id": "1227104519"}], "update_time": "2024-11-13", "version": 1, "confidence": 0.85, "bbox": {"xmin": -2.1684773, "ymin": 42.8903408, "xmax": -2.1681141, "ymax": 42.8906188}}}, {"type": "Feature", "geometry": {"type": "Polygon", "coordinates": [[[-2.1682195, 42.8905859], [-2.1681129, 42.8906573], [-2.168139, 42.8906812], [-2.1680934, 42.8907702], [-2.1680283, 42.8908137], [-2.1678826, 42.8906804], [-2.1681363, 42.8905107], [-2.1682195, 42.8905859]]]}, "properties": {"id": "overture-35c05c195e007779", "osm_id": "1227104520", "theme": "buildings", "type": "building", "subtype": "industrial", "class": "industrial", "names": null, "height": 6.4, "num_floors": 2, "sources": [{"dataset": "OpenStreetMap", "record_id": "1227104520"}], "update_time": "2024-11-13", "version": 1, "confidence": 0.85, "bbox": {"xmin": -2.1682195, "ymin": 42.8905107, "xmax": -2.1678826, "ymax": 42.8908137}}}, {"type": "Feature", "geometry": {"type": "Polygon", "coordinates": [[[-2.1679125, 42.8909788], [-2.167755, 42.891102], [-2.1678233, 42.8912197], [-2.1676728, 42.8913374], [-2.1676063, 42.8912402], [-2.1674872, 42.8912868], [-2.1673316, 42.8910445], [-2.167629, 42.8909077], [-2.167615, 42.8908529], [-2.167804, 42.8907297], [-2.1679125, 42.8909788]]]}, "properties": {"id": "overture-9f3635f9f754aaeb", "osm_id": "1227121259", "theme": "buildings", "type": "building", "subtype": "industrial", "class": "industrial", "names": null, "height": 7.43, "num_floors": 2, "sources": [{"dataset": "OpenStreetMap", "record_id": "1227121259"}, {"dataset": "IGN_LIDAR_PNOA_3", "record_id": "lidar_1227121259", "height_source": "lidar_dtm"}], "update_time": "2024-11-13", "version": 1, "confidence": 0.85, "bbox": {"xmin": -2.1679125, "ymin": 42.8907297, "xmax": -2.1673316, "ymax": 42.8913374}}}, {"type": "Feature", "geometry": {"type": "Polygon", "coordinates": [[[-2.1674174, 42.8918202], [-2.16728, 42.891961], [-2.1671891, 42.8919067], [-2.1672125, 42.8918827], [-2.1671245, 42.8918302], [-2.167183, 42.8917704], [-2.1672853, 42.8918315], [-2.1673408, 42.8917746], [-2.1674174, 42.8918202]]]}, "properties": {"id": "overture-977abc6dbff8f9bf", "osm_id": "1227121260", "theme": "buildings", "type": "building", "subtype": "building", "class": "yes", "names": null, "height": 5.212, "num_floors": 2, "sources": [{"dataset": "OpenStreetMap", "record_id": "1227121260"}, {"dataset": "IGN_LIDAR_PNOA_3", "record_id": "lidar_1227121260", "height_source": "lidar_dtm"}], "update_time": "2024-11-13", "version": 1, "confidence": 0.85, "bbox": {"xmin": -2.1674174, "ymin": 42.8917704, "xmax": -2.1671245, "ymax": 42.891961}}}, {"type": "Feature", "geometry": {"type": "Polygon", "coordinates": [[[-2.1686933, 42.8889592], [-2.168912, 42.8893703], [-2.1691298, 42.8892995], [-2.168911, 42.8888883], [-2.1686933, 42.8889592]]]}, "properties": {"id": "overture-22750f7df9c339cb", "osm_id": "1227121262", "theme": "buildings", "type": "building", "subtype": "industrial", "class": "industrial", "names": null, "height": 6.4, "num_floors": 2, "sources": [{"dataset": "OpenStreetMap", "record_id": "1227121262"}], "update_time": "2024-11-13", "version": 1, "confidence": 0.85, "bbox": {"xmin": -2.1691298, "ymin": 42.8888883, "xmax": -2.1686933, "ymax": 42.8893703}}}, {"type": "Feature", "geometry": {"type": "Polygon", "coordinates": [[[-2.168912, 42.8893703], [-2.1689218, 42.8893963], [-2.1689288, 42.8894486], [-2.168818, 42.8895371], [-2.1686333, 42.8896762], [-2.1685732, 42.8896852], [-2.1685131, 42.8894757], [-2.1685986, 42.8894558], [-2.1685154, 42.8891832], [-2.1687141, 42.889147], [-2.1686124, 42.8889737], [-2.1686841, 42.8889394], [-2.1686933, 42.8889592], [-2.168912, 42.8893703]]]}, "properties": {"id": "overture-63665a00d655ae49", "osm_id": "1227121263", "theme": "buildings", "type": "building", "subtype": "industrial", "class": "industrial", "names": null, "height": 6.4, "num_floors": 2, "sources": [{"dataset": "OpenStreetMap", "record_id": "1227121263"}], "update_time": "2024-11-13", "version": 1, "confidence": 0.85, "bbox": {"xmin": -2.1689288, "ymin": 42.8889394, "xmax": -2.1685131, "ymax": 42.8896852}}}, {"type": "Feature", "geometry": {"type": "Polygon", "coordinates": [[[-2.1683682, 42.8894657], [-2.1683826, 42.8894996], [-2.1682232, 42.8895412], [-2.1683492, 42.8898369], [-2.168429, 42.8899069], [-2.1682506, 42.8900313], [-2.1681692, 42.8899597], [-2.1679994, 42.8895619], [-2.1683682, 42.8894657]]]}, "properties": {"id": "overture-a490cfd9216a1903", "osm_id": "1227121264", "theme": "buildings", "type": "building", "subtype": "industrial", "class": "industrial", "names": null, "height": 6.4, "num_floors": 2, "sources": [{"dataset": "OpenStreetMap", "record_id": "1227121264"}], "update_time": "2024-11-13", "version": 1, "confidence": 0.85, "bbox": {"xmin": -2.168429, "ymin": 42.8894657, "xmax": -2.1679994, "ymax": 42.8900313}}}, {"type": "Feature", "geometry": {"type": "Polygon", "coordinates": [[[-2.1681419, 42.8893946], [-2.1679537, 42.8894413], [-2.1678872, 42.8892777], [-2.1679149, 42.8892708], [-2.167887, 42.889202], [-2.1680475, 42.8891621], [-2.1681419, 42.8893946]]]}, "properties": {"id": "overture-765562d71c4b7674", "osm_id": "1227121265", "theme": "buildings", "type": "building", "subtype": "industrial", "class": "industrial", "names": null, "height": 6.4, "num_floors": 2, "sources": [{"dataset": "OpenStreetMap", "record_id": "1227121265"}], "update_time": "2024-11-13", "version": 1, "confidence": 0.85, "bbox": {"xmin": -2.1681419, "ymin": 42.8891621, "xmax": -2.167887, "ymax": 42.8894413}}}, {"type": "Feature", "geometry": {"type": "Polygon", "coordinates": [[[-2.1685703, 42.8888132], [-2.1685838, 42.8888642], [-2.1678834, 42.8889773], [-2.1678699, 42.8889262], [-2.1685703, 42.8888132]]]}, "properties": {"id": "overture-b8eb9d2a22a37757", "osm_id": "1227121266", "theme": "buildings", "type": "building", "subtype": "industrial", "class": "industrial", "names": null, "height": 6.4, "num_floors": 2, "sources": [{"dataset": "OpenStreetMap", "record_id": "1227121266"}], "update_time": "2024-11-13", "version": 1, "confidence": 0.85, "bbox": {"xmin": -2.1685838, "ymin": 42.8888132, "xmax": -2.1678699, "ymax": 42.8889773}}}, {"type": "Feature", "geometry": {"type": "Polygon", "coordinates": [[[-2.1658099, 42.8913687], [-2.1658434, 42.8914727], [-2.165677, 42.8915056], [-2.1656434, 42.8914016], [-2.1658099, 42.8913687]]]}, "properties": {"id": "overture-ef0373ca54909038", "osm_id": "1227121267", "theme": "buildings", "type": "building", "subtype": "house", "class": "house", "names": null, "height": 6.4, "num_floors": 2, "sources": [{"dataset": "OpenStreetMap", "record_id": "1227121267"}], "update_time": "2024-11-13", "version": 1, "confidence": 0.85, "bbox": {"xmin": -2.1658434, "ymin": 42.8913687, "xmax": -2.1656434, "ymax": 42.8915056}}}, {"type": "Feature", "geometry": {"type": "Polygon", "coordinates": [[[-2.1654416, 42.891465], [-2.1654841, 42.891583], [-2.1653181, 42.8916198], [-2.1652883, 42.8915374], [-2.165369, 42.8915195], [-2.1653561, 42.8914839], [-2.1654416, 42.891465]]]}, "properties": {"id": "overture-1731d25f2c46c0fe", "osm_id": "1227121268", "theme": "buildings", "type": "building", "subtype": "house", "class": "house", "names": null, "height": 6.4, "num_floors": 2, "sources": [{"dataset": "OpenStreetMap", "record_id": "1227121268"}], "update_time": "2024-11-13", "version": 1, "confidence": 0.85, "bbox": {"xmin": -2.1654841, "ymin": 42.891465, "xmax": -2.1652883, "ymax": 42.8916198}}}, {"type": "Feature", "geometry": {"type": "Polygon", "coordinates": [[[-2.165359, 42.8905124], [-2.1654028, 42.8906191], [-2.1652156, 42.8906661], [-2.1651718, 42.8905594], [-2.165359, 42.8905124]]]}, "properties": {"id": "overture-76e361d00cdd45c3", "osm_id": "1227121269", "theme": "buildings", "type": "building", "subtype": "house", "class": "house", "names": null, "height": 6.4, "num_floors": 2, "sources": [{"dataset": "OpenStreetMap", "record_id": "1227121269"}], "update_time": "2024-11-13", "version": 1, "confidence": 0.85, "bbox": {"xmin": -2.1654028, "ymin": 42.8905124, "xmax": -2.1651718, "ymax": 42.8906661}}}, {"type": "Feature", "geometry": {"type": "Polygon", "coordinates": [[[-2.1667044, 42.890868], [-2.1667647, 42.8909495], [-2.1668991, 42.8909069], [-2.1669848, 42.8910021], [-2.1668145, 42.8911207], [-2.1666581, 42.8908861], [-2.1667044, 42.890868]]]}, "properties": {"id": "overture-907f680fe6aad0b2", "osm_id": "1227121270", "theme": "buildings", "type": "building", "subtype": "building", "class": "yes", "names": null, "height": 1.828, "num_floors": 2, "sources": [{"dataset": "OpenStreetMap", "record_id": "1227121270"}, {"dataset": "IGN_LIDAR_PNOA_3", "record_id": "lidar_1227121270", "height_source": "lidar_dtm"}], "update_time": "2024-11-13", "version": 1, "confidence": 0.85, "bbox": {"xmin": -2.1669848, "ymin": 42.890868, "xmax": -2.1666581, "ymax": 42.8911207}}}, {"type": "Feature", "geometry": {"type": "Polygon", "coordinates": [[[-2.166739, 42.8898433], [-2.1668623, 42.8900285], [-2.1666769, 42.890104], [-2.1665535, 42.8899187], [-2.166739, 42.8898433]]]}, "properties": {"id": "overture-eed37e6d4b7cd17b", "osm_id": "1227121271", "theme": "buildings", "type": "building", "subtype": "building", "class": "yes", "names": null, "height": 6.4, "num_floors": 2, "sources": [{"dataset": "OpenStreetMap", "record_id": "1227121271"}], "update_time": "2024-11-13", "version": 1, "confidence": 0.85, "bbox": {"xmin": -2.1668623, "ymin": 42.8898433, "xmax": -2.1665535, "ymax": 42.890104}}}, {"type": "Feature", "geometry": {"type": "Polygon", "coordinates": [[[-2.1671467, 42.8902083], [-2.1673548, 42.8906696], [-2.1672056, 42.8907437], [-2.1670523, 42.8905671], [-2.1671289, 42.8905181], [-2.1670098, 42.8902405], [-2.1671467, 42.8902083]]]}, "properties": {"id": "overture-637cbda2f5114216", "osm_id": "1227121273", "theme": "buildings", "type": "building", "subtype": "industrial", "class": "industrial", "names": null, "height": 0.478, "num_floors": 2, "sources": [{"dataset": "OpenStreetMap", "record_id": "1227121273"}, {"dataset": "IGN_LIDAR_PNOA_3", "record_id": "lidar_1227121273", "height_source": "lidar_dtm"}], "update_time": "2024-11-13", "version": 1, "confidence": 0.85, "bbox": {"xmin": -2.1673548, "ymin": 42.8902083, "xmax": -2.1670098, "ymax": 42.8907437}}}, {"type": "Feature", "geometry": {"type": "Polygon", "coordinates": [[[-2.1653952, 42.8885313], [-2.1654456, 42.888698], [-2.1652917, 42.8887265], [-2.1652413, 42.8885598], [-2.1653952, 42.8885313]]]}, "properties": {"id": "overture-6f9b28fba86b40d5", "osm_id": "1227121274", "theme": "buildings", "type": "building", "subtype": "house", "class": "house", "names": null, "height": 6.4, "num_floors": 2, "sources": [{"dataset": "OpenStreetMap", "record_id": "1227121274"}], "update_time": "2024-11-13", "version": 1, "confidence": 0.85, "bbox": {"xmin": -2.1654456, "ymin": 42.8885313, "xmax": -2.1652413, "ymax": 42.8887265}}}, {"type": "Feature", "geometry": {"type": "Polygon", "coordinates": [[[-2.1668184, 42.8904155], [-2.1669757, 42.8905764], [-2.1669166, 42.8906026], [-2.1669653, 42.8906769], [-2.1670209, 42.8906642], [-2.1670626, 42.8907349], [-2.1667166, 42.8908623], [-2.1664857, 42.8905204], [-2.1668184, 42.8904155]]]}, "properties": {"id": "overture-5c73f795075cb448", "osm_id": "1227121276", "theme": "buildings", "type": "building", "subtype": "industrial", "class": "industrial", "names": null, "height": 0.998, "num_floors": 2, "sources": [{"dataset": "OpenStreetMap", "record_id": "1227121276"}, {"dataset": "IGN_LIDAR_PNOA_3", "record_id": "lidar_1227121276", "height_source": "lidar_dtm"}], "update_time": "2024-11-13", "version": 1, "confidence": 0.85, "bbox": {"xmin": -2.1670626, "ymin": 42.8904155, "xmax": -2.1664857, "ymax": 42.8908623}}}, {"type": "Feature", "geometry": {"type": "Polygon", "coordinates": [[[-2.1667207, 42.8911267], [-2.166645, 42.8911774], [-2.1666596, 42.8911907], [-2.1665543, 42.8912614], [-2.1664302, 42.8911482], [-2.1666111, 42.8910269], [-2.1667207, 42.8911267]]]}, "properties": {"id": "overture-3f930c565be62da9", "osm_id": "1227121277", "theme": "buildings", "type": "building", "subtype": "house", "class": "house", "names": null, "height": 6.4, "num_floors": 2, "sources": [{"dataset": "OpenStreetMap", "record_id": "1227121277"}], "update_time": "2024-11-13", "version": 1, "confidence": 0.85, "bbox": {"xmin": -2.1667207, "ymin": 42.8910269, "xmax": -2.1664302, "ymax": 42.8912614}}}, {"type": "Feature", "geometry": {"type": "Polygon", "coordinates": [[[-2.1664871, 42.8912366], [-2.1665702, 42.8913105], [-2.1664552, 42.8913895], [-2.1663951, 42.891336], [-2.1663722, 42.8913156], [-2.1663871, 42.8913053], [-2.1664871, 42.8912366]]]}, "properties": {"id": "overture-3d6db546dfd1dc7d", "osm_id": "1227121278", "theme": "buildings", "type": "building", "subtype": "house", "class": "house", "names": null, "height": 6.4, "num_floors": 2, "sources": [{"dataset": "OpenStreetMap", "record_id": "1227121278"}], "update_time": "2024-11-13", "version": 1, "confidence": 0.85, "bbox": {"xmin": -2.1665702, "ymin": 42.8912366, "xmax": -2.1663722, "ymax": 42.8913895}}}, {"type": "Feature", "geometry": {"type": "Polygon", "coordinates": [[[-2.1663546, 42.8912318], [-2.1663871, 42.8913053], [-2.1663722, 42.8913156], [-2.1663951, 42.891336], [-2.1664155, 42.891382], [-2.1663118, 42.8914101], [-2.1663288, 42.8914482], [-2.1662216, 42.8914773], [-2.166153, 42.8913228], [-2.1662448, 42.8912979], [-2.1662304, 42.8912654], [-2.1663546, 42.8912318]]]}, "properties": {"id": "overture-5f2eea2bb14a22a5", "osm_id": "1227121279", "theme": "buildings", "type": "building", "subtype": "house", "class": "house", "names": null, "height": 6.4, "num_floors": 2, "sources": [{"dataset": "OpenStreetMap", "record_id": "1227121279"}], "update_time": "2024-11-13", "version": 1, "confidence": 0.85, "bbox": {"xmin": -2.1664155, "ymin": 42.8912318, "xmax": -2.166153, "ymax": 42.8914773}}}, {"type": "Feature", "geometry": {"type": "Polygon", "coordinates": [[[-2.1656406, 42.8910697], [-2.16568, 42.8911703], [-2.1655386, 42.8912041], [-2.1654992, 42.8911034], [-2.1656406, 42.8910697]]]}, "properties": {"id": "overture-b526e7d842d0b799", "osm_id": "1227121280", "theme": "buildings", "type": "building", "subtype": "house", "class": "house", "names": null, "height": 0.462, "num_floors": 2, "sources": [{"dataset": "OpenStreetMap", "record_id": "1227121280"}, {"dataset": "IGN_LIDAR_PNOA_3", "record_id": "lidar_1227121280", "height_source": "lidar_dtm"}], "update_time": "2024-11-13", "version": 1, "confidence": 0.85, "bbox": {"xmin": -2.16568, "ymin": 42.8910697, "xmax": -2.1654992, "ymax": 42.8912041}}}, {"type": "Feature", "geometry": {"type": "Polygon", "coordinates": [[[-2.1655592, 42.8913326], [-2.1655978, 42.8914428], [-2.1656291, 42.8914361], [-2.1656492, 42.8914933], [-2.1656293, 42.8914976], [-2.1656391, 42.8915253], [-2.1655241, 42.89155], [-2.165467, 42.8913871], [-2.165492, 42.8913817], [-2.1654807, 42.8913494], [-2.1655592, 42.8913326]]]}, "properties": {"id": "overture-1eee30a127840d91", "osm_id": "1227121281", "theme": "buildings", "type": "building", "subtype": "house", "class": "house", "names": null, "height": 6.4, "num_floors": 2, "sources": [{"dataset": "OpenStreetMap", "record_id": "1227121281"}], "update_time": "2024-11-13", "version": 1, "confidence": 0.85, "bbox": {"xmin": -2.1656492, "ymin": 42.8913326, "xmax": -2.165467, "ymax": 42.89155}}}, {"type": "Feature", "geometry": {"type": "Polygon", "coordinates": [[[-2.1651355, 42.8908652], [-2.1651872, 42.8910089], [-2.165026, 42.8910445], [-2.1649741, 42.8909009], [-2.1651355, 42.8908652]]]}, "properties": {"id": "overture-a9ccd7a4a4219198", "osm_id": "1227121282", "theme": "buildings", "type": "building", "subtype": "house", "class": "house", "names": null, "height": 6.4, "num_floors": 2, "sources": [{"dataset": "OpenStreetMap", "record_id": "1227121282"}], "update_time": "2024-11-13", "version": 1, "confidence": 0.85, "bbox": {"xmin": -2.1651872, "ymin": 42.8908652, "xmax": -2.1649741, "ymax": 42.8910445}}}, {"type": "Feature", "geometry": {"type": "Polygon", "coordinates": [[[-2.1651502, 42.8907115], [-2.1649778, 42.8907534], [-2.1649336, 42.8906425], [-2.1650739, 42.8906084], [-2.1650885, 42.8906448], [-2.1651207, 42.8906369], [-2.1651502, 42.8907115]]]}, "properties": {"id": "overture-3fbcb3c20b7e78de", "osm_id": "1227121283", "theme": "buildings", "type": "building", "subtype": "house", "class": "house", "names": null, "height": 6.4, "num_floors": 2, "sources": [{"dataset": "OpenStreetMap", "record_id": "1227121283"}], "update_time": "2024-11-13", "version": 1, "confidence": 0.85, "bbox": {"xmin": -2.1651502, "ymin": 42.8906084, "xmax": -2.1649336, "ymax": 42.8907534}}}, {"type": "Feature", "geometry": {"type": "Polygon", "coordinates": [[[-2.165522, 42.8902186], [-2.1654262, 42.8902683], [-2.1653371, 42.8901633], [-2.1654329, 42.8901136], [-2.165522, 42.8902186]]]}, "properties": {"id": "overture-e96d0206481791a9", "osm_id": "1227121284", "theme": "buildings", "type": "building", "subtype": "house", "class": "house", "names": null, "height": 6.4, "num_floors": 2, "sources": [{"dataset": "OpenStreetMap", "record_id": "1227121284"}], "update_time": "2024-11-13", "version": 1, "confidence": 0.85, "bbox": {"xmin": -2.165522, "ymin": 42.8901136, "xmax": -2.1653371, "ymax": 42.8902683}}}, {"type": "Feature", "geometry": {"type": "Polygon", "coordinates": [[[-2.165964, 42.8906143], [-2.1659917, 42.8906791], [-2.165915, 42.8906991], [-2.1658874, 42.8906343], [-2.165964, 42.8906143]]]}, "properties": {"id": "overture-c37f282d46fd62ec", "osm_id": "1227121285", "theme": "buildings", "type": "building", "subtype": "house", "class": "house", "names": null, "height": 6.4, "num_floors": 2, "sources": [{"dataset": "OpenStreetMap", "record_id": "1227121285"}], "update_time": "2024-11-13", "version": 1, "confidence": 0.85, "bbox": {"xmin": -2.1659917, "ymin": 42.8906143, "xmax": -2.1658874, "ymax": 42.8906991}}}, {"type": "Feature", "geometry": {"type": "Polygon", "coordinates": [[[-2.1462917, 42.8885403], [-2.1462958, 42.8886933], [-2.145919, 42.8886993], [-2.1459151, 42.8885462], [-2.1462917, 42.8885403]]]}, "properties": {"id": "overture-2f6c3a9f2d23d9b6", "osm_id": "1227121290", "theme": "buildings", "type": "building", "subtype": "farm_auxiliary", "class": "farm_auxiliary", "names": null, "height": 6.4, "num_floors": 2, "sources": [{"dataset": "OpenStreetMap", "record_id": "1227121290"}], "update_time": "2024-11-13", "version": 1, "confidence": 0.85, "bbox": {"xmin": -2.1462958, "ymin": 42.8885403, "xmax": -2.1459151, "ymax": 42.8886993}}}, {"type": "Feature", "geometry": {"type": "Polygon", "coordinates": [[[-2.1829808, 42.9158723], [-2.1830723, 42.915748], [-2.182953, 42.9156941], [-2.1825486, 42.9155113], [-2.1824601, 42.9156334], [-2.1828419, 42.9158085], [-2.1829808, 42.9158723]]]}, "properties": {"id": "overture-95c86b01cd9fcded", "osm_id": "1252371625", "theme": "buildings", "type": "building", "subtype": "roof", "class": "roof", "names": {"primary": "IDS Alsasua"}, "height": 6.4, "num_floors": 2, "sources": [{"dataset": "OpenStreetMap", "record_id": "1252371625"}], "update_time": "2024-11-13", "version": 1, "confidence": 0.85, "bbox": {"xmin": -2.1830723, "ymin": 42.9155113, "xmax": -2.1824601, "ymax": 42.9158723}}}, {"type": "Feature", "geometry": {"type": "Polygon", "coordinates": [[[-2.1833636, 42.915845], [-2.1834985, 42.9156718], [-2.1832899, 42.9155816], [-2.18316, 42.9157581], [-2.1833636, 42.915845]]]}, "properties": {"id": "overture-638d5d61b24d7e42", "osm_id": "1252371631", "theme": "buildings", "type": "building", "subtype": "building", "class": "yes", "names": null, "height": 6.4, "num_floors": 2, "sources": [{"dataset": "OpenStreetMap", "record_id": "1252371631"}], "update_time": "2024-11-13", "version": 1, "confidence": 0.85, "bbox": {"xmin": -2.1834985, "ymin": 42.9155816, "xmax": -2.18316, "ymax": 42.915845}}}, {"type": "Feature", "geometry": {"type": "Polygon", "coordinates": [[[-2.1934778, 42.9177581], [-2.1935385, 42.9176014], [-2.1931696, 42.9175141], [-2.1931091, 42.9176708], [-2.1934778, 42.9177581]]]}, "properties": {"id": "overture-cf35a983113b9c49", "osm_id": "1252371633", "theme": "buildings", "type": "building", "subtype": "building", "class": "yes", "names": null, "height": 6.4, "num_floors": 2, "sources": [{"dataset": "OpenStreetMap", "record_id": "1252371633"}], "update_time": "2024-11-13", "version": 1, "confidence": 0.85, "bbox": {"xmin": -2.1935385, "ymin": 42.9175141, "xmax": -2.1931091, "ymax": 42.9177581}}}, {"type": "Feature", "geometry": {"type": "Polygon", "coordinates": [[[-2.1936666, 42.9178028], [-2.1934778, 42.9177581], [-2.1935385, 42.9176014], [-2.1935852, 42.9176124], [-2.1936463, 42.9174547], [-2.1937885, 42.9174884], [-2.1936666, 42.9178028]]]}, "properties": {"id": "overture-4e775e24aaf98fb7", "osm_id": "1252371634", "theme": "buildings", "type": "building", "subtype": "roof", "class": "roof", "names": null, "height": 6.4, "num_floors": 2, "sources": [{"dataset": "OpenStreetMap", "record_id": "1252371634"}], "update_time": "2024-11-13", "version": 1, "confidence": 0.85, "bbox": {"xmin": -2.1937885, "ymin": 42.9174547, "xmax": -2.1934778, "ymax": 42.9178028}}}, {"type": "Feature", "geometry": {"type": "Polygon", "coordinates": [[[-2.1690175, 42.8899841], [-2.169081, 42.8900391], [-2.1689754, 42.8901137], [-2.1689119, 42.8900587], [-2.1690175, 42.8899841]]]}, "properties": {"id": "overture-02aaa67adc861792", "osm_id": "1257117434", "theme": "buildings", "type": "building", "subtype": "building", "class": "yes", "names": null, "height": 6.4, "num_floors": 1, "sources": [{"dataset": "OpenStreetMap", "record_id": "1257117434"}], "update_time": "2024-11-13", "version": 1, "confidence": 0.85, "bbox": {"xmin": -2.169081, "ymin": 42.8899841, "xmax": -2.1689119, "ymax": 42.8901137}}}, {"type": "Feature", "geometry": {"type": "Polygon", "coordinates": [[[-2.1418751, 42.8990512], [-2.1415708, 42.898946], [-2.1416174, 42.8988634], [-2.1417694, 42.8989159], [-2.141802, 42.8988582], [-2.1419544, 42.8989109], [-2.1418751, 42.8990512]]]}, "properties": {"id": "overture-2fcd845649ca188e", "osm_id": "1313606523", "theme": "buildings", "type": "building", "subtype": "building", "class": "yes", "names": null, "height": 6.4, "num_floors": 2, "sources": [{"dataset": "OpenStreetMap", "record_id": "1313606523"}], "update_time": "2024-11-13", "version": 1, "confidence": 0.85, "bbox": {"xmin": -2.1419544, "ymin": 42.8988582, "xmax": -2.1415708, "ymax": 42.8990512}}}, {"type": "Feature", "geometry": {"type": "Polygon", "coordinates": [[[-2.1419647, 42.8991551], [-2.1418628, 42.8991241], [-2.1418985, 42.8990525], [-2.1420004, 42.8990835], [-2.1419647, 42.8991551]]]}, "properties": {"id": "overture-dd73edea32b616ae", "osm_id": "1313606524", "theme": "buildings", "type": "building", "subtype": "building", "class": "yes", "names": null, "height": 6.4, "num_floors": 2, "sources": [{"dataset": "OpenStreetMap", "record_id": "1313606524"}], "update_time": "2024-11-13", "version": 1, "confidence": 0.85, "bbox": {"xmin": -2.1420004, "ymin": 42.8990525, "xmax": -2.1418628, "ymax": 42.8991551}}}, {"type": "Feature", "geometry": {"type": "Polygon", "coordinates": [[[-2.1424037, 42.8991571], [-2.1422986, 42.8990349], [-2.1423728, 42.8989959], [-2.142478, 42.899118], [-2.1424037, 42.8991571]]]}, "properties": {"id": "overture-b24f23591f3887d4", "osm_id": "1313606526", "theme": "buildings", "type": "building", "subtype": "building", "class": "yes", "names": null, "height": 6.4, "num_floors": 2, "sources": [{"dataset": "OpenStreetMap", "record_id": "1313606526"}], "update_time": "2024-11-13", "version": 1, "confidence": 0.85, "bbox": {"xmin": -2.142478, "ymin": 42.8989959, "xmax": -2.1422986, "ymax": 42.8991571}}}, {"type": "Feature", "geometry": {"type": "Polygon", "coordinates": [[[-2.1426092, 42.8991869], [-2.1425397, 42.8990727], [-2.1428515, 42.8989566], [-2.1429211, 42.8990709], [-2.1426092, 42.8991869]]]}, "properties": {"id": "overture-7808e59a79790abc", "osm_id": "1313606527", "theme": "buildings", "type": "building", "subtype": "building", "class": "yes", "names": null, "height": 6.4, "num_floors": 2, "sources": [{"dataset": "OpenStreetMap", "record_id": "1313606527"}], "update_time": "2024-11-13", "version": 1, "confidence": 0.85, "bbox": {"xmin": -2.1429211, "ymin": 42.8989566, "xmax": -2.1425397, "ymax": 42.8991869}}}, {"type": "Feature", "geometry": {"type": "Polygon", "coordinates": [[[-2.1443115, 42.8988396], [-2.1437065, 42.8988421], [-2.1437047, 42.8985863], [-2.1443097, 42.8985837], [-2.1443115, 42.8988396]]]}, "properties": {"id": "overture-89248e1e67699b83", "osm_id": "1313606529", "theme": "buildings", "type": "building", "subtype": "building", "class": "yes", "names": null, "height": 6.4, "num_floors": 2, "sources": [{"dataset": "OpenStreetMap", "record_id": "1313606529"}], "update_time": "2024-11-13", "version": 1, "confidence": 0.85, "bbox": {"xmin": -2.1443115, "ymin": 42.8985837, "xmax": -2.1437047, "ymax": 42.8988421}}}, {"type": "Feature", "geometry": {"type": "Polygon", "coordinates": [[[-2.1440512, 42.8985439], [-2.1437113, 42.8985428], [-2.1437123, 42.8983533], [-2.143875, 42.8983538], [-2.1438751, 42.8983079], [-2.1440524, 42.8983085], [-2.1440512, 42.8985439]]]}, "properties": {"id": "overture-d364117897d914bf", "osm_id": "1313606530", "theme": "buildings", "type": "building", "subtype": "building", "class": "yes", "names": null, "height": 6.4, "num_floors": 2, "sources": [{"dataset": "OpenStreetMap", "record_id": "1313606530"}], "update_time": "2024-11-13", "version": 1, "confidence": 0.85, "bbox": {"xmin": -2.1440524, "ymin": 42.8983079, "xmax": -2.1437113, "ymax": 42.8985439}}}, {"type": "Feature", "geometry": {"type": "Polygon", "coordinates": [[[-2.1454326, 42.8980626], [-2.1453499, 42.8980519], [-2.1453796, 42.8979109], [-2.1454621, 42.8979216], [-2.1454326, 42.8980626]]]}, "properties": {"id": "overture-437ab73d05060d26", "osm_id": "1313606531", "theme": "buildings", "type": "building", "subtype": "building", "class": "yes", "names": null, "height": 6.4, "num_floors": 2, "sources": [{"dataset": "OpenStreetMap", "record_id": "1313606531"}], "update_time": "2024-11-13", "version": 1, "confidence": 0.85, "bbox": {"xmin": -2.1454621, "ymin": 42.8979109, "xmax": -2.1453499, "ymax": 42.8980626}}}, {"type": "Feature", "geometry": {"type": "Polygon", "coordinates": [[[-2.1459502, 42.89833], [-2.1457817, 42.8982871], [-2.145823, 42.8981878], [-2.1457349, 42.8981653], [-2.145782, 42.8980521], [-2.1458877, 42.898079], [-2.1458705, 42.8981202], [-2.1460552, 42.8981672], [-2.146006, 42.8982856], [-2.1459723, 42.898277], [-2.1459502, 42.89833]]]}, "properties": {"id": "overture-61588c240d52ea8d", "osm_id": "1313606532", "theme": "buildings", "type": "building", "subtype": "building", "class": "yes", "names": null, "height": 6.4, "num_floors": 2, "sources": [{"dataset": "OpenStreetMap", "record_id": "1313606532"}], "update_time": "2024-11-13", "version": 1, "confidence": 0.85, "bbox": {"xmin": -2.1460552, "ymin": 42.8980521, "xmax": -2.1457349, "ymax": 42.89833}}}, {"type": "Feature", "geometry": {"type": "Polygon", "coordinates": [[[-2.1455466, 42.898318], [-2.1453355, 42.8983157], [-2.1453369, 42.8982395], [-2.145548, 42.8982419], [-2.1455466, 42.898318]]]}, "properties": {"id": "overture-d629a508e50b0262", "osm_id": "1313606533", "theme": "buildings", "type": "building", "subtype": "greenhouse", "class": "greenhouse", "names": null, "height": 6.4, "num_floors": 2, "sources": [{"dataset": "OpenStreetMap", "record_id": "1313606533"}], "update_time": "2024-11-13", "version": 1, "confidence": 0.85, "bbox": {"xmin": -2.145548, "ymin": 42.8982395, "xmax": -2.1453355, "ymax": 42.898318}}}, {"type": "Feature", "geometry": {"type": "Polygon", "coordinates": [[[-2.1457396, 42.8994509], [-2.1458624, 42.8992818], [-2.1459004, 42.8992986], [-2.1459381, 42.8992467], [-2.146087, 42.8993127], [-2.1459268, 42.8995338], [-2.1457396, 42.8994509]]]}, "properties": {"id": "overture-a990b9599c0b51e6", "osm_id": "1313606534", "theme": "buildings", "type": "building", "subtype": "building", "class": "yes", "names": null, "height": 6.4, "num_floors": 2, "sources": [{"dataset": "OpenStreetMap", "record_id": "1313606534"}], "update_time": "2024-11-13", "version": 1, "confidence": 0.85, "bbox": {"xmin": -2.146087, "ymin": 42.8992467, "xmax": -2.1457396, "ymax": 42.8995338}}}, {"type": "Feature", "geometry": {"type": "Polygon", "coordinates": [[[-2.1460481, 42.8995967], [-2.1459644, 42.8995614], [-2.146075, 42.8994011], [-2.1461587, 42.8994363], [-2.1460481, 42.8995967]]]}, "properties": {"id": "overture-ce2d11e89052dd3f", "osm_id": "1313606535", "theme": "buildings", "type": "building", "subtype": "building", "class": "yes", "names": null, "height": 6.4, "num_floors": 2, "sources": [{"dataset": "OpenStreetMap", "record_id": "1313606535"}], "update_time": "2024-11-13", "version": 1, "confidence": 0.85, "bbox": {"xmin": -2.1461587, "ymin": 42.8994011, "xmax": -2.1459644, "ymax": 42.8995967}}}, {"type": "Feature", "geometry": {"type": "Polygon", "coordinates": [[[-2.1473502, 42.9003811], [-2.1471178, 42.9001948], [-2.147104, 42.9002053], [-2.146994, 42.9001172], [-2.1470928, 42.9000419], [-2.1472785, 42.9001907], [-2.1472537, 42.9002096], [-2.1474104, 42.9003352], [-2.1473502, 42.9003811]]]}, "properties": {"id": "overture-f1a0200da876b1b3", "osm_id": "1313606540", "theme": "buildings", "type": "building", "subtype": "building", "class": "yes", "names": null, "height": 6.4, "num_floors": 2, "sources": [{"dataset": "OpenStreetMap", "record_id": "1313606540"}], "update_time": "2024-11-13", "version": 1, "confidence": 0.85, "bbox": {"xmin": -2.1474104, "ymin": 42.9000419, "xmax": -2.146994, "ymax": 42.9003811}}}, {"type": "Feature", "geometry": {"type": "Polygon", "coordinates": [[[-2.1477161, 42.9006032], [-2.1475497, 42.9005242], [-2.1476215, 42.9004318], [-2.1477879, 42.9005108], [-2.1477161, 42.9006032]]]}, "properties": {"id": "overture-24197bf822d998b5", "osm_id": "1313606541", "theme": "buildings", "type": "building", "subtype": "building", "class": "yes", "names": null, "height": 6.4, "num_floors": 2, "sources": [{"dataset": "OpenStreetMap", "record_id": "1313606541"}], "update_time": "2024-11-13", "version": 1, "confidence": 0.85, "bbox": {"xmin": -2.1477879, "ymin": 42.9004318, "xmax": -2.1475497, "ymax": 42.9006032}}}, {"type": "Feature", "geometry": {"type": "Polygon", "coordinates": [[[-2.1495259, 42.9005183], [-2.1493477, 42.9004938], [-2.1493733, 42.9003792], [-2.1494642, 42.9003917], [-2.1494592, 42.900414], [-2.1495466, 42.900426], [-2.1495259, 42.9005183]]]}, "properties": {"id": "overture-b388fdaa6adc2641", "osm_id": "1313606542", "theme": "buildings", "type": "building", "subtype": "building", "class": "yes", "names": null, "height": 6.4, "num_floors": 2, "sources": [{"dataset": "OpenStreetMap", "record_id": "1313606542"}], "update_time": "2024-11-13", "version": 1, "confidence": 0.85, "bbox": {"xmin": -2.1495466, "ymin": 42.9003792, "xmax": -2.1493477, "ymax": 42.9005183}}}, {"type": "Feature", "geometry": {"type": "Polygon", "coordinates": [[[-2.1516288, 42.9011435], [-2.1514133, 42.9010706], [-2.1514625, 42.9009815], [-2.1516781, 42.9010544], [-2.1516288, 42.9011435]]]}, "properties": {"id": "overture-94ac76550694ef9a", "osm_id": "1313606543", "theme": "buildings", "type": "building", "subtype": "building", "class": "yes", "names": null, "height": 6.4, "num_floors": 2, "sources": [{"dataset": "OpenStreetMap", "record_id": "1313606543"}], "update_time": "2024-11-13", "version": 1, "confidence": 0.85, "bbox": {"xmin": -2.1516781, "ymin": 42.9009815, "xmax": -2.1514133, "ymax": 42.9011435}}}, {"type": "Feature", "geometry": {"type": "Polygon", "coordinates": [[[-2.1520888, 42.9012243], [-2.1519978, 42.9012028], [-2.1520211, 42.9011428], [-2.1521119, 42.9011644], [-2.1520888, 42.9012243]]]}, "properties": {"id": "overture-960d42d3d5908b39", "osm_id": "1313606544", "theme": "buildings", "type": "building", "subtype": "building", "class": "yes", "names": null, "height": 6.4, "num_floors": 2, "sources": [{"dataset": "OpenStreetMap", "record_id": "1313606544"}], "update_time": "2024-11-13", "version": 1, "confidence": 0.85, "bbox": {"xmin": -2.1521119, "ymin": 42.9011428, "xmax": -2.1519978, "ymax": 42.9012243}}}, {"type": "Feature", "geometry": {"type": "Polygon", "coordinates": [[[-2.1518981, 42.9012565], [-2.151824, 42.9012363], [-2.1518803, 42.9011104], [-2.1519772, 42.9011368], [-2.1519459, 42.9012068], [-2.151923, 42.9012006], [-2.1518981, 42.9012565]]]}, "properties": {"id": "overture-7ba615666bb6e4f9", "osm_id": "1313606545", "theme": "buildings", "type": "building", "subtype": "building", "class": "yes", "names": null, "height": 6.4, "num_floors": 2, "sources": [{"dataset": "OpenStreetMap", "record_id": "1313606545"}], "update_time": "2024-11-13", "version": 1, "confidence": 0.85, "bbox": {"xmin": -2.1519772, "ymin": 42.9011104, "xmax": -2.151824, "ymax": 42.9012565}}}, {"type": "Feature", "geometry": {"type": "Polygon", "coordinates": [[[-2.1523354, 42.9014201], [-2.152274, 42.9014104], [-2.1522961, 42.9013252], [-2.1523574, 42.9013349], [-2.1523354, 42.9014201]]]}, "properties": {"id": "overture-45c302b864303fc9", "osm_id": "1313606546", "theme": "buildings", "type": "building", "subtype": "building", "class": "yes", "names": null, "height": 6.4, "num_floors": 2, "sources": [{"dataset": "OpenStreetMap", "record_id": "1313606546"}], "update_time": "2024-11-13", "version": 1, "confidence": 0.85, "bbox": {"xmin": -2.1523574, "ymin": 42.9013252, "xmax": -2.152274, "ymax": 42.9014201}}}, {"type": "Feature", "geometry": {"type": "Polygon", "coordinates": [[[-2.1521767, 42.8995084], [-2.1520821, 42.899507], [-2.1520853, 42.8993683], [-2.1521084, 42.8993686], [-2.1521091, 42.8993386], [-2.1521807, 42.8993397], [-2.1521767, 42.8995084]]]}, "properties": {"id": "overture-066b6313cc63851e", "osm_id": "1313606548", "theme": "buildings", "type": "building", "subtype": "building", "class": "yes", "names": null, "height": 6.4, "num_floors": 2, "sources": [{"dataset": "OpenStreetMap", "record_id": "1313606548"}], "update_time": "2024-11-13", "version": 1, "confidence": 0.85, "bbox": {"xmin": -2.1521807, "ymin": 42.8993386, "xmax": -2.1520821, "ymax": 42.8995084}}}, {"type": "Feature", "geometry": {"type": "Polygon", "coordinates": [[[-2.1791659, 42.8925401], [-2.1790493, 42.89258], [-2.1790245, 42.8925356], [-2.1790058, 42.892502], [-2.1791223, 42.8924622], [-2.1791659, 42.8925401]]]}, "properties": {"id": "overture-96201e0dfed4f206", "osm_id": "1313628217", "theme": "buildings", "type": "building", "subtype": "building", "class": "yes", "names": null, "height": 2.99, "num_floors": 2, "sources": [{"dataset": "OpenStreetMap", "record_id": "1313628217"}, {"dataset": "IGN_LIDAR_PNOA_3", "record_id": "lidar_1313628217", "height_source": "lidar_dtm"}], "update_time": "2024-11-13", "version": 1, "confidence": 0.85, "bbox": {"xmin": -2.1791659, "ymin": 42.8924622, "xmax": -2.1790058, "ymax": 42.89258}}}, {"type": "Feature", "geometry": {"type": "Polygon", "coordinates": [[[-2.1790245, 42.8925356], [-2.1789, 42.8925815], [-2.1788288, 42.8924635], [-2.1789528, 42.8924178], [-2.1790058, 42.892502], [-2.1790245, 42.8925356]]]}, "properties": {"id": "overture-f7d97bd6e4b62f91", "osm_id": "1313628218", "theme": "buildings", "type": "building", "subtype": "building", "class": "yes", "names": null, "height": 8.911, "num_floors": 2, "sources": [{"dataset": "OpenStreetMap", "record_id": "1313628218"}, {"dataset": "IGN_LIDAR_PNOA_3", "record_id": "lidar_1313628218", "height_source": "lidar_dtm"}], "update_time": "2024-11-13", "version": 1, "confidence": 0.85, "bbox": {"xmin": -2.1790245, "ymin": 42.8924178, "xmax": -2.1788288, "ymax": 42.8925815}}}, {"type": "Feature", "geometry": {"type": "Polygon", "coordinates": [[[-2.1788222, 42.8926771], [-2.17848, 42.8928039], [-2.1784227, 42.8927095], [-2.1787651, 42.8925827], [-2.1788222, 42.8926771]]]}, "properties": {"id": "overture-55f3a07683b09c91", "osm_id": "1313628219", "theme": "buildings", "type": "building", "subtype": "building", "class": "yes", "names": null, "height": 8.168, "num_floors": 2, "sources": [{"dataset": "OpenStreetMap", "record_id": "1313628219"}, {"dataset": "IGN_LIDAR_PNOA_3", "record_id": "lidar_1313628219", "height_source": "lidar_dtm"}], "update_time": "2024-11-13", "version": 1, "confidence": 0.85, "bbox": {"xmin": -2.1788222, "ymin": 42.8925827, "xmax": -2.1784227, "ymax": 42.8928039}}}, {"type": "Feature", "geometry": {"type": "Polygon", "coordinates": [[[-2.1780186, 42.8930161], [-2.1779366, 42.8929496], [-2.1780587, 42.8928575], [-2.1781409, 42.8929241], [-2.1780186, 42.8930161]]]}, "properties": {"id": "overture-2d2d94cab4c07de3", "osm_id": "1313628220", "theme": "buildings", "type": "building", "subtype": "building", "class": "yes", "names": null, "height": 6.4, "num_floors": 2, "sources": [{"dataset": "OpenStreetMap", "record_id": "1313628220"}], "update_time": "2024-11-13", "version": 1, "confidence": 0.85, "bbox": {"xmin": -2.1781409, "ymin": 42.8928575, "xmax": -2.1779366, "ymax": 42.8930161}}}, {"type": "Feature", "geometry": {"type": "Polygon", "coordinates": [[[-2.1781858, 42.8928851], [-2.1781056, 42.892821], [-2.1782319, 42.8927246], [-2.178312, 42.8927887], [-2.1781858, 42.8928851]]]}, "properties": {"id": "overture-6ce3f23c9192982b", "osm_id": "1313628221", "theme": "buildings", "type": "building", "subtype": "building", "class": "yes", "names": null, "height": 6.4, "num_floors": 2, "sources": [{"dataset": "OpenStreetMap", "record_id": "1313628221"}], "update_time": "2024-11-13", "version": 1, "confidence": 0.85, "bbox": {"xmin": -2.178312, "ymin": 42.8927246, "xmax": -2.1781056, "ymax": 42.8928851}}}, {"type": "Feature", "geometry": {"type": "Polygon", "coordinates": [[[-2.178393, 42.8928563], [-2.1783479, 42.8928047], [-2.1784042, 42.8927746], [-2.1784493, 42.8928263], [-2.178393, 42.8928563]]]}, "properties": {"id": "overture-d50a79c656e544de", "osm_id": "1313628222", "theme": "buildings", "type": "building", "subtype": "building", "class": "yes", "names": null, "height": 6.4, "num_floors": 2, "sources": [{"dataset": "OpenStreetMap", "record_id": "1313628222"}], "update_time": "2024-11-13", "version": 1, "confidence": 0.85, "bbox": {"xmin": -2.1784493, "ymin": 42.8927746, "xmax": -2.1783479, "ymax": 42.8928563}}}, {"type": "Feature", "geometry": {"type": "Polygon", "coordinates": [[[-2.1779432, 42.8931776], [-2.1778628, 42.8931501], [-2.1778302, 42.8930852], [-2.177878, 42.8930387], [-2.1780043, 42.8931181], [-2.1779432, 42.8931776]]]}, "properties": {"id": "overture-d72a3508f984e1fc", "osm_id": "1313628223", "theme": "buildings", "type": "building", "subtype": "building", "class": "yes", "names": null, "height": 6.4, "num_floors": 2, "sources": [{"dataset": "OpenStreetMap", "record_id": "1313628223"}], "update_time": "2024-11-13", "version": 1, "confidence": 0.85, "bbox": {"xmin": -2.1780043, "ymin": 42.8930387, "xmax": -2.1778302, "ymax": 42.8931776}}}, {"type": "Feature", "geometry": {"type": "Polygon", "coordinates": [[[-2.1777167, 42.8931839], [-2.1776902, 42.8931204], [-2.1777899, 42.893095], [-2.1778166, 42.8931585], [-2.1777167, 42.8931839]]]}, "properties": {"id": "overture-617e1fb9b14e4454", "osm_id": "1313628224", "theme": "buildings", "type": "building", "subtype": "building", "class": "yes", "names": null, "height": 6.4, "num_floors": 2, "sources": [{"dataset": "OpenStreetMap", "record_id": "1313628224"}], "update_time": "2024-11-13", "version": 1, "confidence": 0.85, "bbox": {"xmin": -2.1778166, "ymin": 42.893095, "xmax": -2.1776902, "ymax": 42.8931839}}}, {"type": "Feature", "geometry": {"type": "Polygon", "coordinates": [[[-2.1801599, 42.8915405], [-2.1800513, 42.8915167], [-2.1801606, 42.8912125], [-2.1802121, 42.8912238], [-2.1802004, 42.8912563], [-2.180266, 42.8912707], [-2.1802457, 42.8913278], [-2.1802675, 42.8913325], [-2.1802332, 42.8914282], [-2.1802088, 42.8914228], [-2.1801915, 42.8914709], [-2.1802123, 42.8914755], [-2.1802053, 42.8914949], [-2.1801785, 42.891489], [-2.1801599, 42.8915405]]]}, "properties": {"id": "overture-f3e49458834d035a", "osm_id": "1313628227", "theme": "buildings", "type": "building", "subtype": "building", "class": "yes", "names": null, "height": 6.4, "num_floors": 2, "sources": [{"dataset": "OpenStreetMap", "record_id": "1313628227"}], "update_time": "2024-11-13", "version": 1, "confidence": 0.85, "bbox": {"xmin": -2.1802675, "ymin": 42.8912125, "xmax": -2.1800513, "ymax": 42.8915405}}}, {"type": "Feature", "geometry": {"type": "Polygon", "coordinates": [[[-2.1807115, 42.8908304], [-2.1805414, 42.8907594], [-2.1806069, 42.8906632], [-2.1807771, 42.8907341], [-2.1807115, 42.8908304]]]}, "properties": {"id": "overture-6d659f577e43ef72", "osm_id": "1313628228", "theme": "buildings", "type": "building", "subtype": "building", "class": "yes", "names": null, "height": 6.4, "num_floors": 2, "sources": [{"dataset": "OpenStreetMap", "record_id": "1313628228"}], "update_time": "2024-11-13", "version": 1, "confidence": 0.85, "bbox": {"xmin": -2.1807771, "ymin": 42.8906632, "xmax": -2.1805414, "ymax": 42.8908304}}}, {"type": "Feature", "geometry": {"type": "Polygon", "coordinates": [[[-2.1809476, 42.8908485], [-2.1807772, 42.8907813], [-2.1808284, 42.8907023], [-2.1809986, 42.8907694], [-2.1809476, 42.8908485]]]}, "properties": {"id": "overture-f7f6b7bf7c36d03a", "osm_id": "1313628229", "theme": "buildings", "type": "building", "subtype": "building", "class": "yes", "names": null, "height": 6.4, "num_floors": 2, "sources": [{"dataset": "OpenStreetMap", "record_id": "1313628229"}], "update_time": "2024-11-13", "version": 1, "confidence": 0.85, "bbox": {"xmin": -2.1809986, "ymin": 42.8907023, "xmax": -2.1807772, "ymax": 42.8908485}}}, {"type": "Feature", "geometry": {"type": "Polygon", "coordinates": [[[-2.1810977, 42.8911556], [-2.1809566, 42.8911316], [-2.1810592, 42.8907625], [-2.1811995, 42.8907863], [-2.1811925, 42.8908116], [-2.1812375, 42.8908192], [-2.1811928, 42.8909796], [-2.1811487, 42.8909721], [-2.1810977, 42.8911556]]]}, "properties": {"id": "overture-301bf7be0493ebb8", "osm_id": "1313628230", "theme": "buildings", "type": "building", "subtype": "building", "class": "yes", "names": null, "height": 6.4, "num_floors": 2, "sources": [{"dataset": "OpenStreetMap", "record_id": "1313628230"}], "update_time": "2024-11-13", "version": 1, "confidence": 0.85, "bbox": {"xmin": -2.1812375, "ymin": 42.8907625, "xmax": -2.1809566, "ymax": 42.8911556}}}, {"type": "Feature", "geometry": {"type": "Polygon", "coordinates": [[[-2.1813118, 42.890736], [-2.1812452, 42.8907251], [-2.1813997, 42.8905139], [-2.1814462, 42.8905394], [-2.1813356, 42.890676], [-2.1813118, 42.890736]]]}, "properties": {"id": "overture-55ca1d7df965a2bb", "osm_id": "1313628232", "theme": "buildings", "type": "building", "subtype": "building", "class": "yes", "names": null, "height": 6.4, "num_floors": 2, "sources": [{"dataset": "OpenStreetMap", "record_id": "1313628232"}], "update_time": "2024-11-13", "version": 1, "confidence": 0.85, "bbox": {"xmin": -2.1814462, "ymin": 42.8905139, "xmax": -2.1812452, "ymax": 42.890736}}}, {"type": "Feature", "geometry": {"type": "Polygon", "coordinates": [[[-2.192579, 42.884266], [-2.1925564, 42.8842333], [-2.1926638, 42.884188], [-2.1926864, 42.8842207], [-2.192579, 42.884266]]]}, "properties": {"id": "overture-a53ccae77e883ee7", "osm_id": "1313628235", "theme": "buildings", "type": "building", "subtype": "building", "class": "yes", "names": null, "height": 6.4, "num_floors": 2, "sources": [{"dataset": "OpenStreetMap", "record_id": "1313628235"}], "update_time": "2024-11-13", "version": 1, "confidence": 0.85, "bbox": {"xmin": -2.1926864, "ymin": 42.884188, "xmax": -2.1925564, "ymax": 42.884266}}}, {"type": "Feature", "geometry": {"type": "Polygon", "coordinates": [[[-2.19401, 42.8832878], [-2.1939175, 42.8832864], [-2.1939213, 42.8831314], [-2.1940138, 42.8831328], [-2.19401, 42.8832878]]]}, "properties": {"id": "overture-a726741a4a8d9ea5", "osm_id": "1313628236", "theme": "buildings", "type": "building", "subtype": "greenhouse", "class": "greenhouse", "names": null, "height": 6.4, "num_floors": 2, "sources": [{"dataset": "OpenStreetMap", "record_id": "1313628236"}], "update_time": "2024-11-13", "version": 1, "confidence": 0.85, "bbox": {"xmin": -2.1940138, "ymin": 42.8831314, "xmax": -2.1939175, "ymax": 42.8832878}}}, {"type": "Feature", "geometry": {"type": "Polygon", "coordinates": [[[-2.1946895, 42.8826592], [-2.1946209, 42.8826559], [-2.1946242, 42.8826132], [-2.1946929, 42.8826165], [-2.1946895, 42.8826592]]]}, "properties": {"id": "overture-749252b0f08143da", "osm_id": "1313628238", "theme": "buildings", "type": "building", "subtype": "building", "class": "yes", "names": null, "height": 6.4, "num_floors": 2, "sources": [{"dataset": "OpenStreetMap", "record_id": "1313628238"}], "update_time": "2024-11-13", "version": 1, "confidence": 0.85, "bbox": {"xmin": -2.1946929, "ymin": 42.8826132, "xmax": -2.1946209, "ymax": 42.8826592}}}, {"type": "Feature", "geometry": {"type": "Polygon", "coordinates": [[[-2.1772994, 42.9005224], [-2.1771389, 42.9008377], [-2.1771691, 42.9008471], [-2.1771062, 42.9009707], [-2.1769385, 42.9009186], [-2.1770022, 42.9007937], [-2.1770571, 42.9008107], [-2.1772169, 42.9004967], [-2.1772994, 42.9005224]]]}, "properties": {"id": "overture-fae5d9d09a71b1c7", "osm_id": "1363849817", "theme": "buildings", "type": "building", "subtype": "farm_auxiliary", "class": "farm_auxiliary", "names": null, "height": 6.4, "num_floors": 2, "sources": [{"dataset": "OpenStreetMap", "record_id": "1363849817"}], "update_time": "2024-11-13", "version": 1, "confidence": 0.85, "bbox": {"xmin": -2.1772994, "ymin": 42.9004967, "xmax": -2.1769385, "ymax": 42.9009707}}}, {"type": "Feature", "geometry": {"type": "Polygon", "coordinates": [[[-2.1708224, 42.8941377], [-2.1707544, 42.8941522], [-2.1707308, 42.8940846], [-2.1707989, 42.8940701], [-2.1708224, 42.8941377]]]}, "properties": {"id": "overture-dcdf28583fd3ba52", "osm_id": "1470013164", "theme": "buildings", "type": "building", "subtype": "building", "class": "yes", "names": null, "height": 7.262, "num_floors": 2, "sources": [{"dataset": "OpenStreetMap", "record_id": "1470013164"}, {"dataset": "IGN_LIDAR_PNOA_3", "record_id": "lidar_1470013164", "height_source": "lidar_dtm"}], "update_time": "2024-11-13", "version": 1, "confidence": 0.85, "bbox": {"xmin": -2.1708224, "ymin": 42.8940701, "xmax": -2.1707308, "ymax": 42.8941522}}}, {"type": "Feature", "geometry": {"type": "Polygon", "coordinates": [[[-2.1707544, 42.8941522], [-2.1706891, 42.8941646], [-2.1706701, 42.8940977], [-2.1707308, 42.8940846], [-2.1707544, 42.8941522]]]}, "properties": {"id": "overture-b0adeb79589052da", "osm_id": "1470013165", "theme": "buildings", "type": "building", "subtype": "building", "class": "yes", "names": null, "height": 6.569, "num_floors": 2, "sources": [{"dataset": "OpenStreetMap", "record_id": "1470013165"}, {"dataset": "IGN_LIDAR_PNOA_3", "record_id": "lidar_1470013165", "height_source": "lidar_dtm"}], "update_time": "2024-11-13", "version": 1, "confidence": 0.85, "bbox": {"xmin": -2.1707544, "ymin": 42.8940846, "xmax": -2.1706701, "ymax": 42.8941646}}}, {"type": "Feature", "geometry": {"type": "Polygon", "coordinates": [[[-2.1706891, 42.8941646], [-2.1706168, 42.8941777], [-2.1705958, 42.8941118], [-2.1706701, 42.8940977], [-2.1706891, 42.8941646]]]}, "properties": {"id": "overture-c797b7ecb0db4b60", "osm_id": "1470013166", "theme": "buildings", "type": "building", "subtype": "building", "class": "yes", "names": null, "height": 6.109, "num_floors": 2, "sources": [{"dataset": "OpenStreetMap", "record_id": "1470013166"}, {"dataset": "IGN_LIDAR_PNOA_3", "record_id": "lidar_1470013166", "height_source": "lidar_dtm"}], "update_time": "2024-11-13", "version": 1, "confidence": 0.85, "bbox": {"xmin": -2.1706891, "ymin": 42.8940977, "xmax": -2.1705958, "ymax": 42.8941777}}}, {"type": "Feature", "geometry": {"type": "Polygon", "coordinates": [[[-2.1706168, 42.8941777], [-2.1705482, 42.8941912], [-2.1705279, 42.8941241], [-2.1705958, 42.8941118], [-2.1706168, 42.8941777]]]}, "properties": {"id": "overture-df9b388c369b4458", "osm_id": "1470013167", "theme": "buildings", "type": "building", "subtype": "building", "class": "yes", "names": null, "height": 1.277, "num_floors": 2, "sources": [{"dataset": "OpenStreetMap", "record_id": "1470013167"}, {"dataset": "IGN_LIDAR_PNOA_3", "record_id": "lidar_1470013167", "height_source": "lidar_dtm"}], "update_time": "2024-11-13", "version": 1, "confidence": 0.85, "bbox": {"xmin": -2.1706168, "ymin": 42.8941118, "xmax": -2.1705279, "ymax": 42.8941912}}}, {"type": "Feature", "geometry": {"type": "Polygon", "coordinates": [[[-2.1705482, 42.8941912], [-2.170478, 42.8942044], [-2.1704575, 42.8941371], [-2.1705279, 42.8941241], [-2.1705482, 42.8941912]]]}, "properties": {"id": "overture-d5f99a446575739a", "osm_id": "1470013168", "theme": "buildings", "type": "building", "subtype": "building", "class": "yes", "names": null, "height": 1.273, "num_floors": 2, "sources": [{"dataset": "OpenStreetMap", "record_id": "1470013168"}, {"dataset": "IGN_LIDAR_PNOA_3", "record_id": "lidar_1470013168", "height_source": "lidar_dtm"}], "update_time": "2024-11-13", "version": 1, "confidence": 0.85, "bbox": {"xmin": -2.1705482, "ymin": 42.8941241, "xmax": -2.1704575, "ymax": 42.8942044}}}, {"type": "Feature", "geometry": {"type": "Polygon", "coordinates": [[[-2.170478, 42.8942044], [-2.1704125, 42.894218], [-2.1703888, 42.8941508], [-2.1704575, 42.8941371], [-2.170478, 42.8942044]]]}, "properties": {"id": "overture-7c59f7c4cd6f67ba", "osm_id": "1470013169", "theme": "buildings", "type": "building", "subtype": "building", "class": "yes", "names": null, "height": 6.4, "num_floors": 2, "sources": [{"dataset": "OpenStreetMap", "record_id": "1470013169"}], "update_time": "2024-11-13", "version": 1, "confidence": 0.85, "bbox": {"xmin": -2.170478, "ymin": 42.8941371, "xmax": -2.1703888, "ymax": 42.894218}}}, {"type": "Feature", "geometry": {"type": "Polygon", "coordinates": [[[-2.1704125, 42.894218], [-2.1703378, 42.8942341], [-2.1703141, 42.8941668], [-2.1703888, 42.8941508], [-2.1704125, 42.894218]]]}, "properties": {"id": "overture-e22527d5e9056350", "osm_id": "1470013170", "theme": "buildings", "type": "building", "subtype": "building", "class": "yes", "names": null, "height": 6.4, "num_floors": 2, "sources": [{"dataset": "OpenStreetMap", "record_id": "1470013170"}], "update_time": "2024-11-13", "version": 1, "confidence": 0.85, "bbox": {"xmin": -2.1704125, "ymin": 42.8941508, "xmax": -2.1703141, "ymax": 42.8942341}}}]}